R5_ZS5_D4_QUADRATIC_EXACT_INTERVAL_V1
SCALE_BITS 90
REPAIR_SHA256 4d537d614540337e4b55226fb7edfe91109fd38a00b6bc0e6b817a37b785b5f1
ACTIVE_SHA256 d08c9b2dccb89c0ae3a1d10abbc48b8028a4ecf9ee6b433e72419e211a18c7c0
GEOMETRY_SHA256 567faf32d329ebb1a3a653edcd4918136d1053a0e93ce4ab6f2faa86d8307fd4
CUSP_INTERVAL 1752579724869913124773/18446744073709551616000 876289862434956562387/9223372036854775808000
POWERS 4
1237940039285380274899124224 1237940039285380274899124224
117613634405452417582206287 117613634405452417582273397
11174181752813093717100974 11174181752813093717113726
1061631489206940494474477 1061631489206940494476296
COEFFICIENT_INTERVALS 6759
3465213188907040729562458070 3465213188907040729564170227
3476776109301022368760050455 3476776109301022368764330844
-2802630292920387849317596700 -2802630292920387849313541680
0 0
-281733659441616430664104549 -281733659441616430664104548
-3476776109301026335255535122 -3476776109301026335255535121
-3476776109301026335255535122 -3476776109301026335255535121
1625505617531409954258195376 1625505617531409954259386999
2084481649889202481383203810 2084481649889202481386295550
3476776109301026335255535121 3476776109301026335255535122
3476776109301026335255535121 3476776109301026335255535122
-2695661069157430699889869365 -2695661069157430699889869364
3476776109301026335255535121 3476776109301026335255535122
3476776109301026335255535121 3476776109301026335255535122
3476776109301026335255535121 3476776109301026335255535122
-3476776109301026335255535122 -3476776109301026335255535121
3476776109301026335255535121 3476776109301026335255535122
-3476776109301026335255535122 -3476776109301026335255535121
2898146525560487920903457081 2898146525560487920909104258
1044249984088494089602297901 1044249984088494089616415842
53912429291946941557825633 53912429291946941590341902
-1804431077678135662330297290 -1804431077678135662301886288
-3476776109301026335255535122 -3476776109301026335255535121
-3476776109301026335255535122 -3476776109301026335255535121
-3476776109300897749025380214 -3476776109300897748862798874
-3476776109301026335255535122 -3476776109301026335255535121
-3476776109301026335255535122 -3476776109301026335255535121
3476776109301026335255535121 3476776109301026335255535122
-3476776109301026335255535122 -3476776109301026335255535121
-342284890410113513379247228 -342284890410113513373392733
3043412443488301754629690789 3043412443488301754632927745
2834622769393988992155712608 2834622769393988992171319099
3476776109301026335255535121 3476776109301026335255535122
3476776109301026335255535121 3476776109301026335255535122
3476776109301026335255535121 3476776109301026335255535122
3476776109301026335255535121 3476776109301026335255535122
-3476776109301026335255535122 -3476776109301026335255535121
3476776109301026335255535121 3476776109301026335255535122
3476776109301026335255535121 3476776109301026335255535122
3476776109301026335255535121 3476776109301026335255535122
1835292548557265127722304738 1835292548557265127722781736
884855640532928120136030130 884855640532928120140416965
-3476776109301041330701705237 -3476776109301041330700035201
-3476776109301012338250992470 -3476776109301012338249883518
283992391563547599218199047 283992391563547599218199048
-3476776109301026335255535122 -3476776109301026335255535121
3476776109301026335255535121 3476776109301026335255535122
3476776109301026335255535121 3476776109301026335255535122
3476776109301026335255535121 3476776109301026335255535122
728758923963043431123030684 728758923963043431123030685
3476776109301026335255535121 3476776109301026335255535122
3476776109301026335255535121 3476776109301026335255535122
3476776109301026335255535121 3476776109301026335255535122
3476776109301026335255535121 3476776109301026335255535122
3476776109301026335255535121 3476776109301026335255535122
3016216061251832799993484283 3016216061251832799994577003
-523115952995233607377967661 -523115952995233607366805452
-3476776109301087893420909414 -3476776109301087893420414900
-3074954357534411904419537263 -3074954357534411904408125978
579462684883504389209255853 579462684883504389209255854
-1091588238597315700251869536 -1091588238597315700251869535
-3476776109301058886169818991 -3476776109301058886153850724
-448862816183652370470285801 -448862816183652370440533642
-3476776109301026335255535122 -3476776109301026335255535121
-290831433789204672983846597 -290831433789204672983846596
-3476776109301026335255535122 -3476776109301026335255535121
1602789107400266007201347445 1602789107400266007201516002
-3476776109301050741545912665 -3476776109301050741545018750
-3476776109301080619545784728 -3476776109301080619544991028
588743053434344237055320909 588743053434344237056184055
-3476776109301026335255535122 -3476776109301026335255535121
3476776109301026335255535121 3476776109301026335255535122
-3476776109301026335255535122 -3476776109301026335255535121
3476776109301026335255535121 3476776109301026335255535122
1861612997690008426330356881 1861612997690008426330356882
-3476776109301026335255535122 -3476776109301026335255535121
-3476776109301026335255535122 -3476776109301026335255535121
-587825350798952419248799602 -587825350798952419247964573
3476776109301026335255535121 3476776109301026335255535122
3476776109301026335255535121 3476776109301026335255535122
-1763444435944696104070796275 -1763444435944696104068028749
3476776109301026335255535121 3476776109301026335255535122
3476776109301026335255535121 3476776109301026335255535122
3476776109301026335255535121 3476776109301026335255535122
-3476776109301026335255535122 -3476776109301026335255535121
3476776109301026335255535121 3476776109301026335255535122
-3476776109301026335255535122 -3476776109301026335255535121
3476776109301026335255535121 3476776109301026335255535122
1994456020378130695833194327 1994456020378130695833510255
-3476776109301051117685768339 -3476776109301051117684895057
-3476776109301026335255535122 -3476776109301026335255535121
-1585259897853186232651534790 -1585259897853186232648775050
3476776109301026335255535121 3476776109301026335255535122
3476776109301026335255535121 3476776109301026335255535122
3476776109301026335255535121 3476776109301026335255535122
3476776109301026335255535121 3476776109301026335255535122
1850993086886039347785839975 1850993086886039347786397461
2494793188851030124826822715 2494793188851030124826822716
1293759965894230867465212944 1293759965894230867472311537
-690365695596773341988680131 -690365695596773341979990526
-2751600083938017320602635989 -2751600083938017320575090650
313360322397383498523802430 313360322397383498523802431
1775461627047175159196717480 1775461627047175159234223056
-325497294177774002079747593 -325497294177774002033472981
-1451667560082073905150902457 -1451667560082073905058167574
3476776109301026335255535121 3476776109301026335255535122
-1004094014937237788821626100 -1004094014937237788764070754
2832981217610134418799106273 2832981217610134418811964849
3476776109301045314890968622 3476776109301045314907076979
3476776109301026335255535121 3476776109301026335255535122
3476776109301025169367482857 3476776109301025169367932012
1909358590018289706319221556 1909358590018289706319221557
-3476776109301026335255535122 -3476776109301026335255535121
-3476776109301012944268978547 -3476776109301012944268345934
-3476776109301026335255535122 -3476776109301026335255535121
3476776109301026335255535121 3476776109301026335255535122
3476776109301026335255535121 3476776109301026335255535122
-3476776109301026335255535122 -3476776109301026335255535121
2905535667225652118763937542 2905535667225652118763937543
3476776109301026335255535121 3476776109301026335255535122
3476776109301026335255535121 3476776109301026335255535122
3430620119954971314399414457 3430620119954971314408898762
2661796396320456252505746481 2661796396320456252507725282
3476776109301026335255535121 3476776109301026335255535122
-3476776109301147330364215976 -3476776109301147330327811132
500841347585452606728648459 500841347585452606729558456
3476776109301026335255535121 3476776109301026335255535122
-3476776109301026335255535122 -3476776109301026335255535121
-3476776109301026335255535122 -3476776109301026335255535121
3476776109301026335255535121 3476776109301026335255535122
-3476776109301026335255535122 -3476776109301026335255535121
-3476776109301026335255535122 -3476776109301026335255535121
3476776109301026335255535121 3476776109301026335255535122
-227473289666724162498012357 -227473289666724162463980751
3476776109301026335255535121 3476776109301026335255535122
3476776109301026335255535121 3476776109301026335255535122
1308005760007419150864164682 1308005760007419150864897167
3476776109301040907079320164 3476776109301040907081304867
3476776109301026335255535121 3476776109301026335255535122
3476776109301035323426983193 3476776109301035323427983716
-723640095547320483517016145 -723640095547320483517016144
3476776109301026335255535121 3476776109301026335255535122
3476776109301026335255535121 3476776109301026335255535122
3476776109301026335255535121 3476776109301026335255535122
-1381925390749634627930528247 -1381925390749634627930528246
3476776109301026335255535121 3476776109301026335255535122
3476776109301026335255535121 3476776109301026335255535122
2866099796543995506400018928 2866099796543995506401985053
3476776109301026335255535121 3476776109301026335255535122
-1610690001590771436157703799 -1610690001590771436153012831
1764280896490007666637187571 1764280896490007666637786503
3476776109301026335255535121 3476776109301026335255535122
3476776109301026335255535121 3476776109301026335255535122
3476776109301026335255535121 3476776109301026335255535122
3476776109301026335255535121 3476776109301026335255535122
3476776109301026335255535121 3476776109301026335255535122
3476776109301026335255535121 3476776109301026335255535122
3476776109301026335255535121 3476776109301026335255535122
142386216002413597812563696 142386216002413597815720490
3476776109301026335255535121 3476776109301026335255535122
3476776109301026335255535121 3476776109301026335255535122
-3476776109301039580765889622 -3476776109301039580764948741
3476776109301026335255535121 3476776109301026335255535122
3476776109301026335255535121 3476776109301026335255535122
3476776109301071718713349480 3476776109301071718722395736
-3476776109301026335255535122 -3476776109301026335255535121
-334136863445868186426625441 -334136863445868186426625440
2791162434713752203541532664 2791162434713752203541532665
-3476776109301026335255535122 -3476776109301026335255535121
1534775487590204751492669080 1534775487590204751500575936
787771021209241213537795059 787771021209241213553034560
3476776109301026335255535121 3476776109301026335255535122
3476776109301026335255535121 3476776109301026335255535122
907086824136483117752467269 907086824136483117752765890
3476776109301026335255535121 3476776109301026335255535122
-3476776109301026335255535122 -3476776109301026335255535121
3476776109301026335255535121 3476776109301026335255535122
-3476776109301026335255535122 -3476776109301026335255535121
-3476776109301026335255535122 -3476776109301026335255535121
3476776109301026335255535121 3476776109301026335255535122
3476776109301026335255535121 3476776109301026335255535122
-2265501792496095112728631161 -2265501792496095112711885219
-3476776109301026335255535122 -3476776109301026335255535121
3476776109301026335255535121 3476776109301026335255535122
1813507480494470030107248577 1813507480494470030109164832
1333256471999573403500765305 1333256471999573403516454031
-1570025267689651082779768106 -1570025267689651082779768105
-35413558855242332978022954 -35413558855242332976526422
-3476776109301164633042555868 -3476776109301164632965498219
-3476776109301026335255535122 -3476776109301026335255535121
-3476776109301026335255535122 -3476776109301026335255535121
-3476776109301026335255535122 -3476776109301026335255535121
-23078341995285897363021597 -23078341995285897359521837
-3476776109301026335255535122 -3476776109301026335255535121
2953016271356704755060391452 2953016271356704755060391453
560559973214719825894997328 560559973214719825895451075
3476776109301026335255535121 3476776109301026335255535122
3476776109301026335255535121 3476776109301026335255535122
-3476776109300971914479925334 -3476776109300971914476388491
-3476776109301026335255535122 -3476776109301026335255535121
3476776109301026335255535121 3476776109301026335255535122
-3476776109301026335255535122 -3476776109301026335255535121
-3476776109301026335255535122 -3476776109301026335255535121
-3476776109301026335255535122 -3476776109301026335255535121
3476776109301026335255535121 3476776109301026335255535122
-774556529267805154459492458 -774556529267805154459492457
1118310680183938010902915429 1118310680183938010907371757
319909079144985281388818780 319909079144985281388818781
-729179569892737044103911983 -729179569892737044099486188
3476776109301053479796368894 3476776109301053479837973347
3476776109301026335255535121 3476776109301026335255535122
-3476776109301026335255535122 -3476776109301026335255535121
3476776109301026335255535121 3476776109301026335255535122
3476776109301026335255535121 3476776109301026335255535122
3476776109301026335255535121 3476776109301026335255535122
3476776109301026335255535121 3476776109301026335255535122
3476776109301026335255535121 3476776109301026335255535122
2796583578575732309122581325 2796583578575732309126737794
-578701930393071554475848668 -578701930393071554475848667
-3476776109301026470261418440 -3476776109301026470253076314
716517389980641937878053395 716517389980641937899674601
-3476776109301026335255535122 -3476776109301026335255535121
-3476776109301026335255535122 -3476776109301026335255535121
1177527487561153456358916308 1177527487561153456358916309
-3476776109301026335255535122 -3476776109301026335255535121
-2937651816381814092137588604 -2937651816381814092137588603
3476776109301083852145113959 3476776109301083852174430834
-3476776109301026335255535122 -3476776109301026335255535121
2538565920725286473606924940 2538565920725286473606924941
-3476776109301026335255535122 -3476776109301026335255535121
-1856730312005051156964753137 -1856730312005051156951621508
-3139588757828030126371383134 -3139588757828030126352625152
-3476776109301026335255535122 -3476776109301026335255535121
-3476776109301026335255535122 -3476776109301026335255535121
3476776109301026335255535121 3476776109301026335255535122
-3476776109301049977792744696 -3476776109301049977776275730
-3476776109301026335255535122 -3476776109301026335255535121
3476776109301026335255535121 3476776109301026335255535122
3476776109301026335255535121 3476776109301026335255535122
-1084872822093841157918831312 -1084872822093841157918266152
3476776109301026335255535121 3476776109301026335255535122
896892028675870851236867263 896892028675870851238427499
3476776109301026335255535121 3476776109301026335255535122
3476776109301026335255535121 3476776109301026335255535122
3476776109301026335255535121 3476776109301026335255535122
3476776109301026335255535121 3476776109301026335255535122
3476776109301026335255535121 3476776109301026335255535122
3476776109301026335255535121 3476776109301026335255535122
3476776109301026335255535121 3476776109301026335255535122
3476776109301026335255535121 3476776109301026335255535122
3476776109301026335255535121 3476776109301026335255535122
3476776109301026335255535121 3476776109301026335255535122
3476776109301026335255535121 3476776109301026335255535122
3476776109301026335255535121 3476776109301026335255535122
-622485629367609036837130569 -622485629367609036836876895
3476776109301026335255535121 3476776109301026335255535122
3476776109301026335255535121 3476776109301026335255535122
3476776109301026335255535121 3476776109301026335255535122
-1506976323698099804695421095 -1506976323698099804691726490
3476776109301026335255535121 3476776109301026335255535122
3476776109301026335255535121 3476776109301026335255535122
3476776109301026335255535121 3476776109301026335255535122
3476776109301026335255535121 3476776109301026335255535122
3476776109301026335255535121 3476776109301026335255535122
3476776109301026335255535121 3476776109301026335255535122
3476776109301026335255535121 3476776109301026335255535122
3476776109301026335255535121 3476776109301026335255535122
3476776109301026335255535121 3476776109301026335255535122
3476776109301026335255535121 3476776109301026335255535122
-6642970106284296426108406 -6642970106284296419300603
3476776109301026335255535121 3476776109301026335255535122
3476776109300996383198487560 3476776109300996383207209555
1870827538219833236693997668 1870827538219833236708164321
3476776109301026335255535121 3476776109301026335255535122
3476776109301026335255535121 3476776109301026335255535122
3476776109301026335255535121 3476776109301026335255535122
3476776109301026335255535121 3476776109301026335255535122
3476776109301026335255535121 3476776109301026335255535122
3476776109301026335255535121 3476776109301026335255535122
-3476776109301026335255535122 -3476776109301026335255535121
3476776109301026335255535121 3476776109301026335255535122
3476776109301026335255535121 3476776109301026335255535122
3476776109301026335255535121 3476776109301026335255535122
3476776109301026335255535121 3476776109301026335255535122
2059284044333446546978621580 2059284044333446546981586774
-2509539188384815639895524708 -2509539188384815639891180589
-1570886369278612661903756571 -1570886369278612661899146443
-3476776109301005786870809108 -3476776109301005786864649626
-886234548905153339849392000 -886234548905153339848232995
-3476776109301026335255535122 -3476776109301026335255535121
3476776109301026335255535121 3476776109301026335255535122
-3476776109301026335255535122 -3476776109301026335255535121
-3476776109301026335255535122 -3476776109301026335255535121
3476776109301026335255535121 3476776109301026335255535122
3476776109301026335255535121 3476776109301026335255535122
3476776109301026335255535121 3476776109301026335255535122
860483060860149306287510968 860483060860149306287510969
3476776109301026335255535121 3476776109301026335255535122
3476776109301026335255535121 3476776109301026335255535122
1770524247409774987074445325 1770524247409774987081416563
2803353989103390044225173887 2803353989103390044230850042
1727724025252559699263440154 1727724025252559699267566728
-212497651403249124195599234 -212497651403249124174511328
3476776109301026335255535121 3476776109301026335255535122
3476776109301026335255535121 3476776109301026335255535122
3476776109301026335255535121 3476776109301026335255535122
3476776109301026335255535121 3476776109301026335255535122
3476776109301026335255535121 3476776109301026335255535122
3476776109301026335255535121 3476776109301026335255535122
3476776109301026335255535121 3476776109301026335255535122
3476776109301026335255535121 3476776109301026335255535122
3058636763287179761078684133 3058636763287179761078684134
3476776109301026335255535121 3476776109301026335255535122
3476776109301026335255535121 3476776109301026335255535122
1757618274861452636418122547 1757618274861452636419964708
3476776109301026335255535121 3476776109301026335255535122
3476776109301026335255535121 3476776109301026335255535122
1459393031728991488080879522 1459393031728991488085484923
989039109837109232688906169 989039109837109232702872093
3476776109301026335255535121 3476776109301026335255535122
3476776109301026335255535121 3476776109301026335255535122
3476776109301026335255535121 3476776109301026335255535122
3476776109301026335255535121 3476776109301026335255535122
3476776109301026335255535121 3476776109301026335255535122
3476776109301026335255535121 3476776109301026335255535122
3476776109301026335255535121 3476776109301026335255535122
3476776109301026335255535121 3476776109301026335255535122
3476776109301026335255535121 3476776109301026335255535122
3476776109301026335255535121 3476776109301026335255535122
1116205636685010896019442495 1116205636685010896020746647
2607209236497396235948237312 2607209236497396235970745877
3476776109301003224317555341 3476776109301003224356606457
342445374688163129560556954 342445374688163129560556955
-2868281765555726734628499323 -2868281765555726734586473005
3476776109301026335255535121 3476776109301026335255535122
3476776109301026335255535121 3476776109301026335255535122
3476776109301026335255535121 3476776109301026335255535122
3476776109301026335255535121 3476776109301026335255535122
3476776109301026335255535121 3476776109301026335255535122
-1272470245371097613273570039 -1272470245371097613273570038
3476776109301026335255535121 3476776109301026335255535122
3476776109301057549286353185 3476776109301057549297567445
3476776109301026335255535121 3476776109301026335255535122
3476776109301026335255535121 3476776109301026335255535122
-1665880058373354839831234248 -1665880058373354839830491207
3476776109301026335255535121 3476776109301026335255535122
3476776109301026335255535121 3476776109301026335255535122
3476776109301026335255535121 3476776109301026335255535122
3476776109301026335255535121 3476776109301026335255535122
3476776109301026335255535121 3476776109301026335255535122
3476776109301026335255535121 3476776109301026335255535122
3476776109301026335255535121 3476776109301026335255535122
3476776109301026335255535121 3476776109301026335255535122
3476776109301026335255535121 3476776109301026335255535122
3476776109301026335255535121 3476776109301026335255535122
3476776109301026335255535121 3476776109301026335255535122
3476776109301002426478755913 3476776109301002426485835091
3476776109301026335255535121 3476776109301026335255535122
3476776109301026335255535121 3476776109301026335255535122
-517331304401452218343435150 -517331304401452218341936365
3476776109301026335255535121 3476776109301026335255535122
3476776109301026335255535121 3476776109301026335255535122
3476776109301026335255535121 3476776109301026335255535122
2849484117681628257181923610 2849484117681628257182739528
3476776109301026335255535121 3476776109301026335255535122
3476776109301026335255535121 3476776109301026335255535122
3476776109301026335255535121 3476776109301026335255535122
3476776109301026335255535121 3476776109301026335255535122
3476776109301026335255535121 3476776109301026335255535122
3476776109301026335255535121 3476776109301026335255535122
3476776109301026335255535121 3476776109301026335255535122
102842620072234515360407480 102842620072234515369655801
3476776109301026335255535121 3476776109301026335255535122
-3476776109301026335255535122 -3476776109301026335255535121
-585988459966531520971400446 -585988459966531520943700372
3476776109301026335255535121 3476776109301026335255535122
3476776109301026335255535121 3476776109301026335255535122
3476776109301026335255535121 3476776109301026335255535122
244383851574863334273555836 244383851574863334315494884
3476776109301026335255535121 3476776109301026335255535122
-3476776109301026335255535122 -3476776109301026335255535121
3476776109301026335255535121 3476776109301026335255535122
3476776109301026335255535121 3476776109301026335255535122
-3476776109301026335255535122 -3476776109301026335255535121
3476776109301026335255535121 3476776109301026335255535122
3476776109301026335255535121 3476776109301026335255535122
1138987824094650663047503012 1138987824094650663103369165
3476776109301026335255535121 3476776109301026335255535122
3476776109301026335255535121 3476776109301026335255535122
-1084872822093849774113229531 -1084872822093849774111676133
1383080372524238193124670075 1383080372524238193124670076
3476776109301032486678449631 3476776109301032486679226428
3476776109301026335255535121 3476776109301026335255535122
3476776109301026335255535121 3476776109301026335255535122
3476776109301026335255535121 3476776109301026335255535122
3476776109301026335255535121 3476776109301026335255535122
3476776109301026335255535121 3476776109301026335255535122
3476776109301026335255535121 3476776109301026335255535122
-3476776109301026335255535122 -3476776109301026335255535121
-3476776109301026335255535122 -3476776109301026335255535121
3476776109301026335255535121 3476776109301026335255535122
3476776109301080186464347499 3476776109301080186470523993
1618047215693572245468474587 1618047215693572245468474588
3476776109301026335255535121 3476776109301026335255535122
-546001811603787945265972451 -546001811603787945265341315
3476776109301026335255535121 3476776109301026335255535122
-1041549191984228426492610078 -1041549191984228426490480163
3476776109301026335255535121 3476776109301026335255535122
3476776109301035030436667068 3476776109301035030438487684
3476776109301026335255535121 3476776109301026335255535122
3476776109301026335255535121 3476776109301026335255535122
3476776109301026335255535121 3476776109301026335255535122
3476776109301026335255535121 3476776109301026335255535122
3476776109301026335255535121 3476776109301026335255535122
3476776109301026335255535121 3476776109301026335255535122
-3476776109301026335255535122 -3476776109301026335255535121
3476776109301026335255535121 3476776109301026335255535122
2640775245895288423303320959 2640775245895288423303320960
-3476776109301026335255535122 -3476776109301026335255535121
1953912100760296317272709131 1953912100760296317276162968
3476776109301026335255535121 3476776109301026335255535122
201497155141997579959995991 201497155141997579991801274
-2190103856791985743920486721 -2190103856791985743920486720
3476776109301026335255535121 3476776109301026335255535122
3476776109301026335255535121 3476776109301026335255535122
3476776109301026335255535121 3476776109301026335255535122
3476776109301026335255535121 3476776109301026335255535122
3476776109301026335255535121 3476776109301026335255535122
3476776109301026335255535121 3476776109301026335255535122
3476776109301026335255535121 3476776109301026335255535122
3476776109301026335255535121 3476776109301026335255535122
3476776109301014329027946748 3476776109301014329040227630
3476776109301026335255535121 3476776109301026335255535122
-3476776109301026335255535122 -3476776109301026335255535121
354017031436994908466397898 354017031436994908484819615
3476776109301026335255535121 3476776109301026335255535122
-1845684020462542019020883602 -1845684020462542018984416775
2004580451386252155403713250 2004580451386252155433138234
3476776109301026335255535121 3476776109301026335255535122
3476776109301026335255535121 3476776109301026335255535122
3476776109301026335255535121 3476776109301026335255535122
3476776109301026335255535121 3476776109301026335255535122
3476776109301026335255535121 3476776109301026335255535122
3476776109301026335255535121 3476776109301026335255535122
3476776109301026335255535121 3476776109301026335255535122
3476776109301026335255535121 3476776109301026335255535122
3476776109301026335255535121 3476776109301026335255535122
3476776109301026335255535121 3476776109301026335255535122
3476776109301026335255535121 3476776109301026335255535122
1720326200244496717515748461 1720326200244496717521021805
3476776109301026335255535121 3476776109301026335255535122
-3283507787885253466358428209 -3283507787885253466340633773
-179483315352787856967126209 -179483315352787856967126208
3476776109301026335255535121 3476776109301026335255535122
3476776109301026335255535121 3476776109301026335255535122
3476776109301026335255535121 3476776109301026335255535122
3476776109301026335255535121 3476776109301026335255535122
3476776109301026335255535121 3476776109301026335255535122
3476776109301026335255535121 3476776109301026335255535122
3476776109301026335255535121 3476776109301026335255535122
3476776109301026335255535121 3476776109301026335255535122
3476776109300992076843886112 3476776109300992076856581600
3476776109301026335255535121 3476776109301026335255535122
3476776109301026335255535121 3476776109301026335255535122
-2414835834730759260646967687 -2414835834730759260644490116
3476776109301026335255535121 3476776109301026335255535122
697958780031791228685599532 697958780031791228750426736
3476776109301026335255535121 3476776109301026335255535122
1463906636971275924520814386 1463906636971275924591090974
3476776109301026335255535121 3476776109301026335255535122
3476776109301026335255535121 3476776109301026335255535122
3476776109301026335255535121 3476776109301026335255535122
3476776109301026335255535121 3476776109301026335255535122
3476776109301026335255535121 3476776109301026335255535122
3476776109301026335255535121 3476776109301026335255535122
3476776109301026335255535121 3476776109301026335255535122
3476776109301026335255535121 3476776109301026335255535122
3476776109301026335255535121 3476776109301026335255535122
3476776109301026335255535121 3476776109301026335255535122
-10209912565227151889937375 -10209912565227151889087666
3476776109301026335255535121 3476776109301026335255535122
1350541840523513704815687981 1350541840523513704857651572
3476776109301026335255535121 3476776109301026335255535122
267663396893223946184182865 267663396893223946226148480
3476776109301026335255535121 3476776109301026335255535122
3476776109301026335255535121 3476776109301026335255535122
3476776109301026335255535121 3476776109301026335255535122
3476776109301026335255535121 3476776109301026335255535122
3476776109301026335255535121 3476776109301026335255535122
3476776109301026335255535121 3476776109301026335255535122
3476776109301026335255535121 3476776109301026335255535122
-40279043275857326909978010 -40279043275857326906847996
3476776109301026335255535121 3476776109301026335255535122
3476776109301026335255535121 3476776109301026335255535122
-784292250060046775951023061 -784292250060046775947865722
3476776109301053354140442944 3476776109301053354140594643
2660035250662432494677991163 2660035250662432494681432485
3476776109301026335255535121 3476776109301026335255535122
3476776109301026335255535121 3476776109301026335255535122
3476776109301026335255535121 3476776109301026335255535122
3476776109301026335255535121 3476776109301026335255535122
-3476776109301026335255535122 -3476776109301026335255535121
3476776109301026335255535121 3476776109301026335255535122
1719894353470811504798147272 1719894353470811504798147273
3476776109301026335255535121 3476776109301026335255535122
-418821995574127505574114472 -418821995574127505569505353
3476776109301026335255535121 3476776109301026335255535122
2349741189895839842122872033 2349741189895839842129040340
-3476776109301066297491874175 -3476776109301066297482946248
3476776109301026335255535121 3476776109301026335255535122
3476776109301026335255535121 3476776109301026335255535122
3476776109301026335255535121 3476776109301026335255535122
3476776109301026335255535121 3476776109301026335255535122
3476776109301026335255535121 3476776109301026335255535122
3476776109301026335255535121 3476776109301026335255535122
3476776109301026335255535121 3476776109301026335255535122
3476776109301026335255535121 3476776109301026335255535122
3476776109301026335255535121 3476776109301026335255535122
3476776109301026335255535121 3476776109301026335255535122
3476776109301026335255535121 3476776109301026335255535122
2418514652091354191363844791 2418514652091354191367224438
3476776109301063692642042381 3476776109301063692657852498
-3476776109301034662901661161 -3476776109301034662901028111
2472374122169601706593244148 2472374122169601706593568717
3476776109301026335255535121 3476776109301026335255535122
-3476776109301026335255535122 -3476776109301026335255535121
3476776109301026335255535121 3476776109301026335255535122
2493396194905480424628478107 2493396194905480424628478108
3476776109301026335255535121 3476776109301026335255535122
-3476776109301026335255535122 -3476776109301026335255535121
3476776109301026335255535121 3476776109301026335255535122
2174235723926421376561178 2174235723926421377632281
3476776109301026335255535121 3476776109301026335255535122
-737387136955323112811633002 -737387136955323112810963217
3476776109301026335255535121 3476776109301026335255535122
3476776109301026335255535121 3476776109301026335255535122
3476776109301026335255535121 3476776109301026335255535122
3476776109301026335255535121 3476776109301026335255535122
3476776109301026335255535121 3476776109301026335255535122
3476776109301026335255535121 3476776109301026335255535122
3476776109301026335255535121 3476776109301026335255535122
3476776109301026335255535121 3476776109301026335255535122
2566304965290725322997914468 2566304965290725322998810886
-3476776109301072723026012261 -3476776109301072723021071879
-3476776109301026335255535122 -3476776109301026335255535121
-3337215754838353143796257762 -3337215754838353143796257761
-1950362881334745895349810611 -1950362881334745895349810610
3476776109301026335255535121 3476776109301026335255535122
-3476776109301026335255535122 -3476776109301026335255535121
3476776109301026335255535121 3476776109301026335255535122
3476776109301026335255535121 3476776109301026335255535122
3410851492552180536047420846 3410851492552180536047420847
3476776109301026335255535121 3476776109301026335255535122
-3476776109301026335255535122 -3476776109301026335255535121
-3476776109301026335255535122 -3476776109301026335255535121
3476776109301026335255535121 3476776109301026335255535122
3476776109301026335255535121 3476776109301026335255535122
2730200320354176403378814533 2730200320354176403379607125
103718373841872206139192575 103718373841872206148740750
-3476776109301034800962238725 -3476776109301034800961662474
-2599719465985991923432857458 -2599719465985991923426915281
-3476776109301026335255535122 -3476776109301026335255535121
-3476776109301026335255535122 -3476776109301026335255535121
-3476776109301026335255535122 -3476776109301026335255535121
3476776109301026335255535121 3476776109301026335255535122
-3476776109301026335255535122 -3476776109301026335255535121
3476776109301026335255535121 3476776109301026335255535122
-3476776109301026335255535122 -3476776109301026335255535121
2523927427384185902244739784 2523927427384185902245426128
-544272537769797663257368827 -544272537769797663248139481
-3476776109301024672853951446 -3476776109301024672853524204
-2305202923838524158293446058 -2305202923838524158292447800
3476776109301026335255535121 3476776109301026335255535122
3476776109301026335255535121 3476776109301026335255535122
3476776109301026335255535121 3476776109301026335255535122
3276797521675648980954743918 3276797521675648980954743919
3476776109301026335255535121 3476776109301026335255535122
3476776109301026335255535121 3476776109301026335255535122
3476776109301026335255535121 3476776109301026335255535122
-2761680049564870147344966260 -2761680049564870147340849590
3476776109300909182270420180 3476776109300909182279262937
909981716682558032495540798 909981716682558032512464599
3476776109301026335255535121 3476776109301026335255535122
3476776109301026335255535121 3476776109301026335255535122
3476776109301026335255535121 3476776109301026335255535122
3476776109301026335255535121 3476776109301026335255535122
3476776109301026335255535121 3476776109301026335255535122
3476776109301026335255535121 3476776109301026335255535122
3476776109301026335255535121 3476776109301026335255535122
3476776109301026335255535121 3476776109301026335255535122
3476776109301026335255535121 3476776109301026335255535122
3476776109301149539902630823 3476776109301149539903400280
1990611394037365248574010770 1990611394037365248574010771
3476776109301026335255535121 3476776109301026335255535122
-3476776109301033541037356130 -3476776109301033541037088215
1910637832902006053094278435 1910637832902006053095291957
3476776109301026335255535121 3476776109301026335255535122
2545613827560936130625204235 2545613827560936130625204236
3476776109301026335255535121 3476776109301026335255535122
3476776109301026335255535121 3476776109301026335255535122
3476776109301026335255535121 3476776109301026335255535122
3476776109301026335255535121 3476776109301026335255535122
3476776109301026335255535121 3476776109301026335255535122
3476776109301026335255535121 3476776109301026335255535122
3476776109301026335255535121 3476776109301026335255535122
3476776109301026335255535121 3476776109301026335255535122
3476776109301026335255535121 3476776109301026335255535122
3476776109301026335255535121 3476776109301026335255535122
3476776109301026335255535121 3476776109301026335255535122
-1098583991886996178298975726 -1098583991886996178295612240
2452221477521621747916921674 2452221477521621747939425419
168504728959191440584137916 168504728959191440584518109
3286343383131041535489389199 3286343383131041535491554383
3476776109301336468368933878 3476776109301336468370689981
3476776109301026335255535121 3476776109301026335255535122
3476776109301026335255535121 3476776109301026335255535122
3476776109301464521138314829 3476776109301464521163578881
-3476776109301026335255535122 -3476776109301026335255535121
-3476776109301026335255535122 -3476776109301026335255535121
3476776109301026335255535121 3476776109301026335255535122
3476776109301026335255535121 3476776109301026335255535122
3476776109301026335255535121 3476776109301026335255535122
-3476776109301026335255535122 -3476776109301026335255535121
-1887932162248704293853357336 -1887932162248704293853357335
-437235904813672603275847680 -437235904813672603274321083
2626954406646626356174741457 2626954406646626356178808336
-3476776109301034411357463353 -3476776109301034411356902117
3476776109301075813922165577 3476776109301075813923157997
1174944751416028087493458697 1174944751416028087493458698
3476776109301026335255535121 3476776109301026335255535122
3476776109301026335255535121 3476776109301026335255535122
3476776109301026335255535121 3476776109301026335255535122
3476776109301026335255535121 3476776109301026335255535122
2333406183524066576883354112 2333406183524066576883354113
3476776109301026335255535121 3476776109301026335255535122
3476776109301026335255535121 3476776109301026335255535122
3476776109301026335255535121 3476776109301026335255535122
3476776109301026335255535121 3476776109301026335255535122
3476776109301026335255535121 3476776109301026335255535122
-1351978219994355829427993682 -1351978219994355829427046750
3476776109301026335255535121 3476776109301026335255535122
3476776109301064611203581744 3476776109301064611209045700
3476776109301026335255535121 3476776109301026335255535122
-177159494918880326539946415 -177159494918880326536380846
3476776109301026335255535121 3476776109301026335255535122
3476776109301026335255535121 3476776109301026335255535122
3476776109301026335255535121 3476776109301026335255535122
3476776109301026335255535121 3476776109301026335255535122
155820881009909149658207295 155820881009909149658207296
3476776109301026335255535121 3476776109301026335255535122
-3476776109301026335255535122 -3476776109301026335255535121
3428608357883720039459252587 3428608357883720039462288802
3476776109301026335255535121 3476776109301026335255535122
0 0
2234569509822576499241410772 2234569509822576499243349278
3476776109301026335255535121 3476776109301026335255535122
-3476776109301026335255535122 -3476776109301026335255535121
-780961629255942161769138762 -780961629255942161769138761
3476776109301026335255535121 3476776109301026335255535122
-3476776109301026335255535122 -3476776109301026335255535121
-3476776109301026335255535122 -3476776109301026335255535121
3476776109301026335255535121 3476776109301026335255535122
3476776109301026335255535121 3476776109301026335255535122
-3476776109301026335255535122 -3476776109301026335255535121
3476776109301026335255535121 3476776109301026335255535122
-3476776109301026335255535122 -3476776109301026335255535121
3476776109301038533587190836 3476776109301038533592191756
-3476776109301026335255535122 -3476776109301026335255535121
3476776109301026335255535121 3476776109301026335255535122
-736579016739141155677071828 -736579016739141155672453694
-3476776109301026335255535122 -3476776109301026335255535121
-3476776109301026335255535122 -3476776109301026335255535121
3476776109301026335255535121 3476776109301026335255535122
-3476776109301026335255535122 -3476776109301026335255535121
3476776109301026335255535121 3476776109301026335255535122
3476776109301026335255535121 3476776109301026335255535122
3476776109301026335255535121 3476776109301026335255535122
3476776109301026335255535121 3476776109301026335255535122
3476776109301026335255535121 3476776109301026335255535122
-3476776109301026335255535122 -3476776109301026335255535121
3476776109301026335255535121 3476776109301026335255535122
1192721026698435035190296457 1192721026698435035197476253
3476776109301026335255535121 3476776109301026335255535122
3476776109301026335255535121 3476776109301026335255535122
-3476776109300969734094732897 -3476776109300969734093223720
3476776109301026335255535121 3476776109301026335255535122
2311887377920651547891918387 2311887377920651547891918388
3476776109301026335255535121 3476776109301026335255535122
3476776109301026335255535121 3476776109301026335255535122
3476776109301026335255535121 3476776109301026335255535122
3476776109301026335255535121 3476776109301026335255535122
3476776109301026335255535121 3476776109301026335255535122
3476776109301026335255535121 3476776109301026335255535122
3476776109301026335255535121 3476776109301026335255535122
3476776109301026335255535121 3476776109301026335255535122
3476776109301026335255535121 3476776109301026335255535122
-362091390601125195540383878 -362091390601125195535751514
3476776109301026335255535121 3476776109301026335255535122
3476776109301026335255535121 3476776109301026335255535122
631897426132902178465392278 631897426132902178466893654
3476776109301026335255535121 3476776109301026335255535122
-3476776109301061376652872122 -3476776109301061376652695447
3306978912399067870351830208 3306978912399067870351830209
-2438311625383975559603320442 -2438311625383975559601373806
3476776109301026335255535121 3476776109301026335255535122
-3476776109301026335255535122 -3476776109301026335255535121
-3476776109301026335255535122 -3476776109301026335255535121
3476776109301026335255535121 3476776109301026335255535122
-2138340443329619235009250206 -2138340443329619235009250205
3476776109301026335255535121 3476776109301026335255535122
3476776109301026335255535121 3476776109301026335255535122
-3476776109301025087693242199 -3476776109301025087689978393
3476776109301026335255535121 3476776109301026335255535122
3476776109301026335255535121 3476776109301026335255535122
1311054944620163753234592677 1311054944620163753245643606
-3476776109301026335255535122 -3476776109301026335255535121
-1315076283507339635605191280 -1315076283507339635589186837
3476776109301026335255535121 3476776109301026335255535122
2149514388242760467126939515 2149514388242760467126939516
3476776109301014935469135033 3476776109301014935469227864
-3476776109301026335255535122 -3476776109301026335255535121
-703194623706321594531776478 -703194623706321594520085206
3476776109301026335255535121 3476776109301026335255535122
-2684430467433488678802666158 -2684430467433488678802615396
-3476776109301026335255535122 -3476776109301026335255535121
-666530730810161176000791917 -666530730810161175996140546
-3476776109301026335255535122 -3476776109301026335255535121
3476776109300950646499293957 3476776109300950646516193027
-3476776109301026335255535122 -3476776109301026335255535121
3476776109301026335255535121 3476776109301026335255535122
-3476776109301026335255535122 -3476776109301026335255535121
3476776109301026335255535121 3476776109301026335255535122
3476776109301026335255535121 3476776109301026335255535122
3476776109301026335255535121 3476776109301026335255535122
3476776109301357116844412224 3476776109301357116849851179
26912809585862652557520796 26912809585862652557520797
-3476776109301026335255535122 -3476776109301026335255535121
301456498414928287059988524 301456498414928287077281853
3476776109301026335255535121 3476776109301026335255535122
942778258848836591916533958 942778258848836591916533959
3476776109301069045555624712 3476776109301069045564535652
3476776109301026335255535121 3476776109301026335255535122
-3476776109301065456694799154 -3476776109301065456678838832
540459271458714114230825129 540459271458714114230825130
3476776109300926698435013152 3476776109300926698450780324
3476776109301026335255535121 3476776109301026335255535122
3476776109301026335255535121 3476776109301026335255535122
3476776109301026335255535121 3476776109301026335255535122
3476776109301026335255535121 3476776109301026335255535122
3476776109301026335255535121 3476776109301026335255535122
-3476776109301026335255535122 -3476776109301026335255535121
-3476776109301026335255535122 -3476776109301026335255535121
254422637977479593094728454 254422637977479593095680482
-3476776109301026335255535122 -3476776109301026335255535121
3127737001958280209543573829 3127737001958280209543573830
874868245451830158955351924 874868245451830158960072467
3476776109301161676938579390 3476776109301161676947607640
3476776109301126080198045474 3476776109301126080203719333
1456206321280451408850506774 1456206321280451408850506775
-3476776109301026335255535122 -3476776109301026335255535121
142060541957692225008490976 142060541957692225008490977
-3476776109301026335255535122 -3476776109301026335255535121
-3476776109301026335255535122 -3476776109301026335255535121
-3476776109301026335255535122 -3476776109301026335255535121
-3476776109300804449478998665 -3476776109300804449464602233
-3476776109301026335255535122 -3476776109301026335255535121
-1072199426951082224268020259 -1072199426951082224266391161
-2650276761670814620988073679 -2650276761670814620988073678
182060300283391403836480044 182060300283391403839169530
3476776109301134922395000672 3476776109301134922395702388
3476776109301001715163522613 3476776109301001715166976283
3476776109301026335255535121 3476776109301026335255535122
3476776109301026335255535121 3476776109301026335255535122
3476776109301026335255535121 3476776109301026335255535122
-3476776109301026335255535122 -3476776109301026335255535121
3476776109301026335255535121 3476776109301026335255535122
-3476776109301026335255535122 -3476776109301026335255535121
-3476776109301026335255535122 -3476776109301026335255535121
-1353084176512986331886763838 -1353084176512986331886763837
-3476776109301026335255535122 -3476776109301026335255535121
3476776109301026335255535121 3476776109301026335255535122
3476776109301007723515817596 3476776109301007723517624960
-2061762620877673994978421146 -2061762620877673994972161823
-3312708026509964053953646068 -3312708026509964053951266108
13282757815295428938395288 13282757815295428948966928
3476776109301026335255535121 3476776109301026335255535122
3476776109301026335255535121 3476776109301026335255535122
3476776109301026335255535121 3476776109301026335255535122
-90591990474284542522659628 -90591990474284542522659627
3476776109301026335255535121 3476776109301026335255535122
3476776109301026335255535121 3476776109301026335255535122
-3476776109301026335255535122 -3476776109301026335255535121
-3403404475105915803175800669 -3403404475105915803175279025
3476776109301026335255535121 3476776109301026335255535122
-3476776109301026335255535122 -3476776109301026335255535121
3474614078242830168309003736 3474614078242830168309003737
3476776109301026335255535121 3476776109301026335255535122
-3476776109301026335255535122 -3476776109301026335255535121
3476776109301026335255535121 3476776109301026335255535122
3476776109301026335255535121 3476776109301026335255535122
3476776109301026335255535121 3476776109301026335255535122
3476776109301026335255535121 3476776109301026335255535122
3476776109301026335255535121 3476776109301026335255535122
-3476776109301026335255535122 -3476776109301026335255535121
3476776109301043020834977232 3476776109301043020835764720
3476776109301026335255535121 3476776109301026335255535122
3476776109301026335255535121 3476776109301026335255535122
3476776109301035518789773798 3476776109301035518791125153
3476776109301026335255535121 3476776109301026335255535122
3476776109301026335255535121 3476776109301026335255535122
-3476776109301026335255535122 -3476776109301026335255535121
1162916290600231896802811338 1162916290600231896802811339
3476776109301026335255535121 3476776109301026335255535122
3476776109301026335255535121 3476776109301026335255535122
3476776109301026335255535121 3476776109301026335255535122
3476776109301026335255535121 3476776109301026335255535122
-3476776109301066804294426206 -3476776109301066804290716175
3476776109301026335255535121 3476776109301026335255535122
3476776109301026335255535121 3476776109301026335255535122
-1836705187492522477952802328 -1836705187492522477952802327
3476776109301026335255535121 3476776109301026335255535122
3476776109301026335255535121 3476776109301026335255535122
-2362546615815344054548525301 -2362546615815344054546313852
-3476776109301026335255535122 -3476776109301026335255535121
-3476776109301026335255535122 -3476776109301026335255535121
3476776109301026335255535121 3476776109301026335255535122
-3476776109301026335255535122 -3476776109301026335255535121
3476776109301026335255535121 3476776109301026335255535122
3476776109301026335255535121 3476776109301026335255535122
3476776109301026335255535121 3476776109301026335255535122
3476776109301026335255535121 3476776109301026335255535122
-3476776109301026335255535122 -3476776109301026335255535121
3476776109301026335255535121 3476776109301026335255535122
3476776109301026335255535121 3476776109301026335255535122
3408564480857601043150872440 3408564480857601043155350973
3476776109301026335255535121 3476776109301026335255535122
3476776109301026335255535121 3476776109301026335255535122
-3476776109301040378504053808 -3476776109301040378499345859
-2093770130550699103703304644 -2093770130550699103702126845
3476776109301026335255535121 3476776109301026335255535122
2085642420693082150565357274 2085642420693082150565357275
3476776109301352330972677862 3476776109301352330984030393
-3476776109301026335255535122 -3476776109301026335255535121
3476776109301026335255535121 3476776109301026335255535122
3476776109301026335255535121 3476776109301026335255535122
-3476776109301026335255535122 -3476776109301026335255535121
3476776109301297073052374338 3476776109301297073063702202
-600492846270454150163442759 -600492846270454150163442758
3357760618025474722609416591 3357760618025474722609416592
232829185990182256328691176 232829185990182256329705841
3476776109301026335255535121 3476776109301026335255535122
3476776109301026335255535121 3476776109301026335255535122
633806174123564217468981754 633806174123564217469867322
3476776109301026335255535121 3476776109301026335255535122
3476776109301049616192654422 3476776109301049616193545121
-3476776109301026335255535122 -3476776109301026335255535121
-613065930007867687044955971 -613065930007867687044955970
3476776109301026335255535121 3476776109301026335255535122
3476776109301026335255535121 3476776109301026335255535122
3476776109301026335255535121 3476776109301026335255535122
3476776109301026335255535121 3476776109301026335255535122
-440650978845774675554304377 -440650978845774675554304376
254202185527105797773115870 254202185527105797773115871
3476776109301026335255535121 3476776109301026335255535122
3476776109300935312736409959 3476776109300935312736598573
3476776109301026335255535121 3476776109301026335255535122
3476776109301026335255535121 3476776109301026335255535122
3476776109300960933023705573 3476776109300960933024471645
3476776109301026335255535121 3476776109301026335255535122
-3311916362887876765696971836 -3311916362887876765696493120
-3476776109301026335255535122 -3476776109301026335255535121
305131315001100563190668378 305131315001100563197880907
3476776109301026335255535121 3476776109301026335255535122
3476776109301026335255535121 3476776109301026335255535122
3476776109301026335255535121 3476776109301026335255535122
-3476776109301026335255535122 -3476776109301026335255535121
1817480430723414585148356511 1817480430723414585148356512
3476776109301026335255535121 3476776109301026335255535122
3476776109301026335255535121 3476776109301026335255535122
1589076953386861064480957975 1589076953386861064482246738
3476776109301026335255535121 3476776109301026335255535122
3476776109301026335255535121 3476776109301026335255535122
3476776109301026335255535121 3476776109301026335255535122
-3476776109301026335255535122 -3476776109301026335255535121
1233516913821503499841722063 1233516913821503499842261614
3476776109301026335255535121 3476776109301026335255535122
-3476776109301026335255535122 -3476776109301026335255535121
1239992443222119717813189617 1239992443222119717813245530
3476776109301026335255535121 3476776109301026335255535122
-2054570360644345627618682540 -2054570360644345627618682539
-3476776109301026335255535122 -3476776109301026335255535121
-2675018390162466252924716836 -2675018390162466252922364636
-3476776109301026335255535122 -3476776109301026335255535121
3476776109301126930511990628 3476776109301126930513312905
3476776109301026335255535121 3476776109301026335255535122
1256510589791713955302649232 1256510589791713955302649233
-3476776109301026335255535122 -3476776109301026335255535121
-3476776109301060645788237490 -3476776109301060645787948459
-3476776109301026335255535122 -3476776109301026335255535121
3476776109301026335255535121 3476776109301026335255535122
3476776109301026335255535121 3476776109301026335255535122
-3476776109301026335255535122 -3476776109301026335255535121
-3476776109301026335255535122 -3476776109301026335255535121
3476776109301026335255535121 3476776109301026335255535122
3476776109301026335255535121 3476776109301026335255535122
1656152848909844736962322052 1656152848909844736965814254
-3476776109301026335255535122 -3476776109301026335255535121
3476776109301026335255535121 3476776109301026335255535122
-649791777004130764627791678 -649791777004130764627791677
3476776109301026335255535121 3476776109301026335255535122
2308421528103379370498775813 2308421528103379370512689084
3476776109301026335255535121 3476776109301026335255535122
-3476776109301026335255535122 -3476776109301026335255535121
-1629015894624387734228805087 -1629015894624387734169848626
-3476776109301026335255535122 -3476776109301026335255535121
-3476776109301464544497674368 -3476776109301464544494534393
3476776109301026335255535121 3476776109301026335255535122
-2263383494789088285603017631 -2263383494789088285599375923
-3476776109301026335255535122 -3476776109301026335255535121
-559091082071612042843810628 -559091082071612042807243514
2253483714228451301306034259 2253483714228451301394437340
3476776109301026335255535121 3476776109301026335255535122
3476776109301026335255535121 3476776109301026335255535122
3476776109301026335255535121 3476776109301026335255535122
3476776109301026335255535121 3476776109301026335255535122
3476776109301026335255535121 3476776109301026335255535122
-1054801846225967812139907431 -1054801846225967812128685148
3476776109301026335255535121 3476776109301026335255535122
2190674452179541772566292963 2190674452179541772566292964
3476776109301112613182617685 3476776109301112613245793011
3476776109301026335255535121 3476776109301026335255535122
3476776109301026335255535121 3476776109301026335255535122
3476776109301026335255535121 3476776109301026335255535122
3476776109301026335255535121 3476776109301026335255535122
3476776109301026335255535121 3476776109301026335255535122
3476776109301026335255535121 3476776109301026335255535122
3476776109301026335255535121 3476776109301026335255535122
428545904532090553395876997 428545904532090553396275407
661800090450106315644246320 661800090450106315646640446
-2263093870827417448774215166 -2263093870827417448747906074
3392314908228373672142029265 3392314908228373672182008255
3476776109301026335255535121 3476776109301026335255535122
3476776109301026335255535121 3476776109301026335255535122
3476776109301026335255535121 3476776109301026335255535122
3476776109301026335255535121 3476776109301026335255535122
3476776109301026335255535121 3476776109301026335255535122
3476776109301026335255535121 3476776109301026335255535122
3476776109301026335255535121 3476776109301026335255535122
2855780438551922366175356365 2855780438551922366187167866
-2050663414202554945418436796 -2050663414202554945399556276
-1793577543332878666029834165 -1793577543332878665957948720
-3476776109301026335255535122 -3476776109301026335255535121
-3476776109301026335255535122 -3476776109301026335255535121
3476776109301026335255535121 3476776109301026335255535122
3476776109301026335255535121 3476776109301026335255535122
-720188904365902126405116215 -720188904365902126403918069
3476776109301026335255535121 3476776109301026335255535122
3476776109301026335255535121 3476776109301026335255535122
3476776109301026335255535121 3476776109301026335255535122
3476776109301026335255535121 3476776109301026335255535122
3476776109301026335255535121 3476776109301026335255535122
3476776109301026335255535121 3476776109301026335255535122
-506077688062862214193429425 -506077688062862214192614879
3476776109301026335255535121 3476776109301026335255535122
2938441115776238329933964287 2938441115776238329946423517
3476776109301026335255535121 3476776109301026335255535122
3476776109301026335255535121 3476776109301026335255535122
3476776109301026335255535121 3476776109301026335255535122
3476776109301026335255535121 3476776109301026335255535122
3476776109301026335255535121 3476776109301026335255535122
3476776109301026335255535121 3476776109301026335255535122
3476776109301026335255535121 3476776109301026335255535122
3476776109301026335255535121 3476776109301026335255535122
-534013142444894948486181860 -534013142444894948485399194
3476776109301026335255535121 3476776109301026335255535122
3138786165339919162758894162 3138786165339919162793396806
3476776109301026335255535121 3476776109301026335255535122
3476776109301026335255535121 3476776109301026335255535122
3476776109301026335255535121 3476776109301026335255535122
3476776109301026335255535121 3476776109301026335255535122
3476776109301026335255535121 3476776109301026335255535122
3476776109301026335255535121 3476776109301026335255535122
3476776109301026335255535121 3476776109301026335255535122
3476776109301026335255535121 3476776109301026335255535122
2985396125626912551550340768 2985396125626912551552275742
-3476776109301026335255535122 -3476776109301026335255535121
-227545345275259274249636341 -227545345275259274239122618
3476776109301026335255535121 3476776109301026335255535122
-3476776109301026335255535122 -3476776109301026335255535121
3476776109301026335255535121 3476776109301026335255535122
-3476776109301026335255535122 -3476776109301026335255535121
2352272688109048351644125757 2352272688109048351645467935
2049719253541100714621441278 2049719253541100714626082976
3017531828661806410960606102 3017531828661806410967316989
3476776109301026335255535121 3476776109301026335255535122
3476776109301026335255535121 3476776109301026335255535122
3476776109301026335255535121 3476776109301026335255535122
3476776109301026335255535121 3476776109301026335255535122
-1471404920690531103142135100 -1471404920690531103138562081
3476776109301026335255535121 3476776109301026335255535122
3476776109301026335255535121 3476776109301026335255535122
3476776109301026335255535121 3476776109301026335255535122
3476776109301026335255535121 3476776109301026335255535122
3476776109301026335255535121 3476776109301026335255535122
3476776109301026335255535121 3476776109301026335255535122
3476776109301026335255535121 3476776109301026335255535122
3476776109301026335255535121 3476776109301026335255535122
3476776109301026335255535121 3476776109301026335255535122
3476776109301026335255535121 3476776109301026335255535122
-609496458583272343274625163 -609496458583272343272413703
-183644992367430479520397208 -183644992367430479519215801
3476776109301033808397950728 3476776109301033808403910475
3476776109301026335255535121 3476776109301026335255535122
3476776109301026335255535121 3476776109301026335255535122
3476776109301026335255535121 3476776109301026335255535122
3476776109301026335255535121 3476776109301026335255535122
3476776109301026335255535121 3476776109301026335255535122
3476776109301026335255535121 3476776109301026335255535122
3476776109301026335255535121 3476776109301026335255535122
3476776109301026335255535121 3476776109301026335255535122
-697444503008277454448314499 -697444503008277454447606488
3476776109301026335255535121 3476776109301026335255535122
923632558306109929727126824 923632558306109929742884973
3476776109301026335255535121 3476776109301026335255535122
3142442804010352880869502729 3142442804010352880875027174
3476776109301026335255535121 3476776109301026335255535122
3476776109301026335255535121 3476776109301026335255535122
3476776109301026335255535121 3476776109301026335255535122
3476776109301026335255535121 3476776109301026335255535122
3476776109301026335255535121 3476776109301026335255535122
3476776109301026335255535121 3476776109301026335255535122
3476776109301026335255535121 3476776109301026335255535122
3476776109301026335255535121 3476776109301026335255535122
3476776109301026335255535121 3476776109301026335255535122
3476776109301026335255535121 3476776109301026335255535122
-403594005263044905337545057 -403594005263044905333637897
1728169076754536246754627762 1728169076754536246777384817
3476776109301026335255535121 3476776109301026335255535122
3476776109301026335255535121 3476776109301026335255535122
3476776109301026335255535121 3476776109301026335255535122
3476776109301026335255535121 3476776109301026335255535122
3476776109301026335255535121 3476776109301026335255535122
3476776109301026335255535121 3476776109301026335255535122
3476776109301026335255535121 3476776109301026335255535122
3476776109301026335255535121 3476776109301026335255535122
3476776109301026335255535121 3476776109301026335255535122
-426245073823222049279970324 -426245073823222049276847373
3476776109301026335255535121 3476776109301026335255535122
3476776109301026335255535121 3476776109301026335255535122
3476776109301026335255535121 3476776109301026335255535122
3476776109301026335255535121 3476776109301026335255535122
3476776109301026335255535121 3476776109301026335255535122
3476776109301026335255535121 3476776109301026335255535122
3476776109301026335255535121 3476776109301026335255535122
3476776109301026335255535121 3476776109301026335255535122
3476776109301026335255535121 3476776109301026335255535122
3476776109301026335255535121 3476776109301026335255535122
-414406169288715632783604305 -414406169288715632783352037
3476776109301026335255535121 3476776109301026335255535122
3476776109301026335255535121 3476776109301026335255535122
3476776109301026335255535121 3476776109301026335255535122
3476776109301026335255535121 3476776109301026335255535122
3476776109301026335255535121 3476776109301026335255535122
3476776109301026335255535121 3476776109301026335255535122
3476776109301026335255535121 3476776109301026335255535122
3476776109301026335255535121 3476776109301026335255535122
3476776109301026335255535121 3476776109301026335255535122
3476776109301026335255535121 3476776109301026335255535122
3476776109301026335255535121 3476776109301026335255535122
3476776109301026335255535121 3476776109301026335255535122
3476776109301026335255535121 3476776109301026335255535122
3476776109301026335255535121 3476776109301026335255535122
2725310057177210134689110717 2725310057177210134689580239
-132228411414973186483070530 -132228411414973186467867054
-3476776109301026335255535122 -3476776109301026335255535121
3476776109301026335255535121 3476776109301026335255535122
3476776109301026335255535121 3476776109301026335255535122
3476776109301026335255535121 3476776109301026335255535122
3476776109301026335255535121 3476776109301026335255535122
3476776109301026335255535121 3476776109301026335255535122
-3476776109301026335255535122 -3476776109301026335255535121
3476776109301026335255535121 3476776109301026335255535122
3476776109301026335255535121 3476776109301026335255535122
-1303786446637747129136407307 -1303786446637747129131866434
3476776109301026335255535121 3476776109301026335255535122
3476776109301026335255535121 3476776109301026335255535122
3476776109301026335255535121 3476776109301026335255535122
3476776109301026335255535121 3476776109301026335255535122
3476776109301026335255535121 3476776109301026335255535122
3476776109301026335255535121 3476776109301026335255535122
3476776109301026335255535121 3476776109301026335255535122
3476776109301026335255535121 3476776109301026335255535122
3476776109301026335255535121 3476776109301026335255535122
3476776109301026335255535121 3476776109301026335255535122
-2345408392080746613583544749 -2345408392080746613573389638
3476776109301026335255535121 3476776109301026335255535122
3476776109301026335255535121 3476776109301026335255535122
3476776109301026335255535121 3476776109301026335255535122
3476776109301026335255535121 3476776109301026335255535122
3476776109301026335255535121 3476776109301026335255535122
3476776109301026335255535121 3476776109301026335255535122
3476776109301026335255535121 3476776109301026335255535122
3476776109301026335255535121 3476776109301026335255535122
3476776109301026335255535121 3476776109301026335255535122
3476776109301026335255535121 3476776109301026335255535122
-1138723605036668199829997985 -1138723605036668199823900971
3476776109301026335255535121 3476776109301026335255535122
3476776109301026335255535121 3476776109301026335255535122
3476776109301026335255535121 3476776109301026335255535122
3476776109301026335255535121 3476776109301026335255535122
3476776109301026335255535121 3476776109301026335255535122
3476776109301026335255535121 3476776109301026335255535122
3476776109301026335255535121 3476776109301026335255535122
3476776109301026335255535121 3476776109301026335255535122
3476776109301026335255535121 3476776109301026335255535122
3476776109301026335255535121 3476776109301026335255535122
-2759418427221806420314219886 -2759418427221806420313837055
2991243975446489310423168513 2991243975446489310425159477
3476776109301026335255535121 3476776109301026335255535122
3476776109301026335255535121 3476776109301026335255535122
3476776109301026335255535121 3476776109301026335255535122
3476776109301026335255535121 3476776109301026335255535122
3476776109301026335255535121 3476776109301026335255535122
3476776109301026335255535121 3476776109301026335255535122
3476776109301026335255535121 3476776109301026335255535122
3476776109301026335255535121 3476776109301026335255535122
3476776109301026335255535121 3476776109301026335255535122
-1374336007589721366973233635 -1374336007589721366964984081
3476776109301026335255535121 3476776109301026335255535122
3476776109301026335255535121 3476776109301026335255535122
3476776109301026335255535121 3476776109301026335255535122
3476776109301026335255535121 3476776109301026335255535122
3476776109301026335255535121 3476776109301026335255535122
3476776109301026335255535121 3476776109301026335255535122
3476776109301026335255535121 3476776109301026335255535122
3476776109301026335255535121 3476776109301026335255535122
3476776109301026335255535121 3476776109301026335255535122
3476776109301026335255535121 3476776109301026335255535122
3476776109301026335255535121 3476776109301026335255535122
3476776109301026335255535121 3476776109301026335255535122
3476776109301026335255535121 3476776109301026335255535122
3476776109301026335255535121 3476776109301026335255535122
-2732606443817491899201274293 -2732606443817491899190719463
3476776109301026335255535121 3476776109301026335255535122
3476776109301026335255535121 3476776109301026335255535122
3476776109301026335255535121 3476776109301026335255535122
3476776109301026335255535121 3476776109301026335255535122
3476776109301026335255535121 3476776109301026335255535122
3476776109301026335255535121 3476776109301026335255535122
3476776109301026335255535121 3476776109301026335255535122
3476776109301026335255535121 3476776109301026335255535122
3476776109301026335255535121 3476776109301026335255535122
3476776109301026335255535121 3476776109301026335255535122
3476776109301026335255535121 3476776109301026335255535122
3476776109301026335255535121 3476776109301026335255535122
3476776109301026335255535121 3476776109301026335255535122
3476776109301026335255535121 3476776109301026335255535122
3476776109301028878512262049 3476776109301028878525191438
-3476776109301026335255535122 -3476776109301026335255535121
-3476776109301026335255535122 -3476776109301026335255535121
3476776109301026335255535121 3476776109301026335255535122
-3476776109301026335255535122 -3476776109301026335255535121
3476776109301026335255535121 3476776109301026335255535122
3476776109301026335255535121 3476776109301026335255535122
-3476776109301026335255535122 -3476776109301026335255535121
3476776109301026335255535121 3476776109301026335255535122
3476776109301026335255535121 3476776109301026335255535122
-3476776109301026335255535122 -3476776109301026335255535121
3476776109301026335255535121 3476776109301026335255535122
1250014434199530662958688957 1250014434199530662958688958
-3476776109301026335255535122 -3476776109301026335255535121
-3476776109301026335255535122 -3476776109301026335255535121
-2277670752493044848837250318 -2277670752493044848836819607
3476776109301026335255535121 3476776109301026335255535122
-3476776109301026335255535122 -3476776109301026335255535121
3476776109301026335255535121 3476776109301026335255535122
3476776109301026335255535121 3476776109301026335255535122
3476776109301026335255535121 3476776109301026335255535122
3476776109301026335255535121 3476776109301026335255535122
3476776109301026335255535121 3476776109301026335255535122
3476776109301026335255535121 3476776109301026335255535122
3476776109301026335255535121 3476776109301026335255535122
3476776109301026335255535121 3476776109301026335255535122
3476776109301026335255535121 3476776109301026335255535122
3476776109301026335255535121 3476776109301026335255535122
3476776109301026335255535121 3476776109301026335255535122
3476776109301026335255535121 3476776109301026335255535122
-1446811510184701849217867001 -1446811510184701849202785072
3476776109301026335255535121 3476776109301026335255535122
3476776109301026335255535121 3476776109301026335255535122
3476776109301026335255535121 3476776109301026335255535122
3476776109301026335255535121 3476776109301026335255535122
3476776109301026335255535121 3476776109301026335255535122
3476776109301026335255535121 3476776109301026335255535122
3476776109301026335255535121 3476776109301026335255535122
3476776109301026335255535121 3476776109301026335255535122
3476776109301026335255535121 3476776109301026335255535122
3476776109301026335255535121 3476776109301026335255535122
-3119804495554237184819003838 -3119804495554237184808049288
3476776109301026335255535121 3476776109301026335255535122
3476776109301026335255535121 3476776109301026335255535122
3476776109301026335255535121 3476776109301026335255535122
3476776109301026335255535121 3476776109301026335255535122
3476776109301026335255535121 3476776109301026335255535122
3476776109301026335255535121 3476776109301026335255535122
3476776109301026335255535121 3476776109301026335255535122
3476776109301026335255535121 3476776109301026335255535122
3476776109301026335255535121 3476776109301026335255535122
3476776109301026335255535121 3476776109301026335255535122
-1283674610226629164319264716 -1283674610226629164299502953
3476776109301026335255535121 3476776109301026335255535122
3476776109301026335255535121 3476776109301026335255535122
3476776109301026335255535121 3476776109301026335255535122
3476776109301026335255535121 3476776109301026335255535122
3476776109301026335255535121 3476776109301026335255535122
3476776109301026335255535121 3476776109301026335255535122
3476776109301026335255535121 3476776109301026335255535122
3476776109301026335255535121 3476776109301026335255535122
3476776109301026335255535121 3476776109301026335255535122
3476776109301026335255535121 3476776109301026335255535122
-779349195389502171869703418 -779349195389502171869154198
-3476776109301026904424510740 -3476776109301026904424102403
3476776109301026335255535121 3476776109301026335255535122
3476776109301026335255535121 3476776109301026335255535122
1386059841716172163502150055 1386059841716172163502150056
3476776109301026335255535121 3476776109301026335255535122
3476776109301026335255535121 3476776109301026335255535122
3476776109301026335255535121 3476776109301026335255535122
3476776109301026335255535121 3476776109301026335255535122
3476776109301026335255535121 3476776109301026335255535122
3476776109301026335255535121 3476776109301026335255535122
-985807717825123673561452766 -985807717825123673560271646
3476776109301026335255535121 3476776109301026335255535122
3476776109301026335255535121 3476776109301026335255535122
3476776109301026335255535121 3476776109301026335255535122
3476776109301026335255535121 3476776109301026335255535122
3476776109301026335255535121 3476776109301026335255535122
3476776109301026335255535121 3476776109301026335255535122
3476776109301026335255535121 3476776109301026335255535122
3476776109301026335255535121 3476776109301026335255535122
3476776109301026335255535121 3476776109301026335255535122
3476776109301026335255535121 3476776109301026335255535122
-1926077505231468332863619399 -1926077505231468332847970946
3476776109301026335255535121 3476776109301026335255535122
3476776109301026335255535121 3476776109301026335255535122
3476776109301026335255535121 3476776109301026335255535122
3476776109301026335255535121 3476776109301026335255535122
3476776109301026335255535121 3476776109301026335255535122
3476776109301026335255535121 3476776109301026335255535122
3476776109301026335255535121 3476776109301026335255535122
3476776109301026335255535121 3476776109301026335255535122
3476776109301026335255535121 3476776109301026335255535122
3476776109301026335255535121 3476776109301026335255535122
-2429944351367832280825799378 -2429944351367832280825292975
3476776109301026335255535121 3476776109301026335255535122
3476776109301026335255535121 3476776109301026335255535122
3476776109301026335255535121 3476776109301026335255535122
3476776109301026335255535121 3476776109301026335255535122
3476776109301026335255535121 3476776109301026335255535122
-3476776109301026335255535122 -3476776109301026335255535121
3476776109301026335255535121 3476776109301026335255535122
3476776109301026335255535121 3476776109301026335255535122
-3476776109301026335255535122 -3476776109301026335255535121
3476776109301026335255535121 3476776109301026335255535122
-290388339926650272919380814 -290388339926650272919249253
1742656732422534927221740067 1742656732422534927243630302
3476776109301026335255535121 3476776109301026335255535122
-1106143575857734100481373020 -1106143575857734100481373019
3476776109301028184237333768 3476776109301028184263074752
3476776109301026335255535121 3476776109301026335255535122
3476776109301026335255535121 3476776109301026335255535122
3476776109301026335255535121 3476776109301026335255535122
3476776109301026335255535121 3476776109301026335255535122
3476776109301026335255535121 3476776109301026335255535122
3476776109301026335255535121 3476776109301026335255535122
3476776109301026335255535121 3476776109301026335255535122
3476776109301026335255535121 3476776109301026335255535122
3476776109301026335255535121 3476776109301026335255535122
3476776109301026335255535121 3476776109301026335255535122
-1662874256653035109230980347 -1662874256653035109227760085
3476776109301026335255535121 3476776109301026335255535122
3476776109301026335255535121 3476776109301026335255535122
3476776109301026335255535121 3476776109301026335255535122
3476776109301026335255535121 3476776109301026335255535122
3476776109301026335255535121 3476776109301026335255535122
3476776109301026335255535121 3476776109301026335255535122
3476776109301026335255535121 3476776109301026335255535122
3476776109301026335255535121 3476776109301026335255535122
3476776109301026335255535121 3476776109301026335255535122
3476776109301026335255535121 3476776109301026335255535122
-174948142302458105319552883 -174948142302458105316164955
-3476776109301026335255535122 -3476776109301026335255535121
2276598962186645833147684635 2276598962186645833154707388
3476776109301026335255535121 3476776109301026335255535122
3476776109301026335255535121 3476776109301026335255535122
3476776109301026335255535121 3476776109301026335255535122
3476776109301026335255535121 3476776109301026335255535122
3476776109301026335255535121 3476776109301026335255535122
3476776109301026335255535121 3476776109301026335255535122
1189971198915790955095134120 1189971198915790955095134121
3476776109301026335255535121 3476776109301026335255535122
-1453028820993347489315809047 -1453028820993347489313397470
3476776109301026335255535121 3476776109301026335255535122
3476776109301026335255535121 3476776109301026335255535122
3476776109301026335255535121 3476776109301026335255535122
3476776109301026335255535121 3476776109301026335255535122
3476776109301026335255535121 3476776109301026335255535122
3476776109301026335255535121 3476776109301026335255535122
3476776109301026335255535121 3476776109301026335255535122
3476776109301026335255535121 3476776109301026335255535122
3476776109301026335255535121 3476776109301026335255535122
3476776109301026335255535121 3476776109301026335255535122
3476776109301026335255535121 3476776109301026335255535122
3476776109301026335255535121 3476776109301026335255535122
3476776109301026335255535121 3476776109301026335255535122
3476776109301026335255535121 3476776109301026335255535122
441477852036013735166805674 441477852036013735168991633
2365354434339706907945720408 2365354434339706907968684936
629470221690298361212434390 629470221690298361219340117
2892570699792332089568046091 2892570699792332089596976194
3476776109301026335255535121 3476776109301026335255535122
3476776109301026335255535121 3476776109301026335255535122
3476776109301026335255535121 3476776109301026335255535122
3476776109301026335255535121 3476776109301026335255535122
3476776109301026335255535121 3476776109301026335255535122
3476776109301026335255535121 3476776109301026335255535122
3476776109301026335255535121 3476776109301026335255535122
-3476776109301009149976680420 -3476776109301009149975835963
3476776109301026335255535121 3476776109301026335255535122
2934598215415946374051056508 2934598215415946374051056509
3476776109301026335255535121 3476776109301026335255535122
3476776109301026335255535121 3476776109301026335255535122
3476776109301026335255535121 3476776109301026335255535122
3476776109301026335255535121 3476776109301026335255535122
3476776109301026335255535121 3476776109301026335255535122
3476776109301026335255535121 3476776109301026335255535122
3476776109301026335255535121 3476776109301026335255535122
3476776109301026335255535121 3476776109301026335255535122
3476776109301026335255535121 3476776109301026335255535122
3476776109301026335255535121 3476776109301026335255535122
3476776109301026335255535121 3476776109301026335255535122
3476776109301026335255535121 3476776109301026335255535122
-3476776109301024849642358046 -3476776109301024849641746155
3476776109301026335255535121 3476776109301026335255535122
3476776109301026335255535121 3476776109301026335255535122
2939572166166399702593955065 2939572166166399702593955066
3476776109301026335255535121 3476776109301026335255535122
3476776109301026335255535121 3476776109301026335255535122
3476776109301026335255535121 3476776109301026335255535122
3476776109301026335255535121 3476776109301026335255535122
3476776109301026335255535121 3476776109301026335255535122
3476776109301026335255535121 3476776109301026335255535122
3476776109301026335255535121 3476776109301026335255535122
3476776109301026335255535121 3476776109301026335255535122
3476776109301026335255535121 3476776109301026335255535122
3476776109301026335255535121 3476776109301026335255535122
3476776109301026335255535121 3476776109301026335255535122
-1192189740442351361300993755 -1192189740442351361267668736
3476776109301026335255535121 3476776109301026335255535122
3476776109301051597440680777 3476776109301051597465469997
3476776109301026335255535121 3476776109301026335255535122
2906413012724809949192562058 2906413012724809949192562059
3476776109301026335255535121 3476776109301026335255535122
3476776109301026335255535121 3476776109301026335255535122
3476776109301026335255535121 3476776109301026335255535122
3476776109301026335255535121 3476776109301026335255535122
3476776109301026335255535121 3476776109301026335255535122
2453964996651923620866687412 2453964996651923620866687413
3476776109301026335255535121 3476776109301026335255535122
3476776109301258515946835794 3476776109301258516025120898
3476776109301026335255535121 3476776109301026335255535122
-3476776109301026335255535122 -3476776109301026335255535121
-3476776109301029066740137719 -3476776109301029066739497815
3476776109301026335255535121 3476776109301026335255535122
3476776109301026335255535121 3476776109301026335255535122
3172367619350012850196634303 3172367619350012850196634304
3476776109301026335255535121 3476776109301026335255535122
3476776109301026335255535121 3476776109301026335255535122
3476776109301026335255535121 3476776109301026335255535122
3476776109301026335255535121 3476776109301026335255535122
3476776109301026335255535121 3476776109301026335255535122
3476776109301026335255535121 3476776109301026335255535122
3476776109301026335255535121 3476776109301026335255535122
3476776109301026335255535121 3476776109301026335255535122
3476776109301026335255535121 3476776109301026335255535122
3476776109301026335255535121 3476776109301026335255535122
3476776109301026335255535121 3476776109301026335255535122
-3476776109301005504041030903 -3476776109301005504019052034
3476776109301026335255535121 3476776109301026335255535122
3047964888984827328562954306 3047964888984827328562954307
3476776109301026335255535121 3476776109301026335255535122
3476776109301026335255535121 3476776109301026335255535122
3476776109301026335255535121 3476776109301026335255535122
3476776109301026335255535121 3476776109301026335255535122
3476776109301026335255535121 3476776109301026335255535122
3476776109301026335255535121 3476776109301026335255535122
3476776109301026335255535121 3476776109301026335255535122
3476776109301026335255535121 3476776109301026335255535122
3476776109301026335255535121 3476776109301026335255535122
3476776109301026335255535121 3476776109301026335255535122
3476776109301026335255535121 3476776109301026335255535122
3476776109301026335255535121 3476776109301026335255535122
147726826634389423201859909 147726826634389423203907916
-3476776109301026335255535122 -3476776109301026335255535121
-3476776109301026335255535122 -3476776109301026335255535121
3476776109301026335255535121 3476776109301026335255535122
-3476776109301026335255535122 -3476776109301026335255535121
3476776109301026335255535121 3476776109301026335255535122
3476776109301026335255535121 3476776109301026335255535122
3476776109301026335255535121 3476776109301026335255535122
3476776109301026335255535121 3476776109301026335255535122
-3476776109301026335255535122 -3476776109301026335255535121
3476776109301026335255535121 3476776109301026335255535122
3476776109301026335255535121 3476776109301026335255535122
3476776109301026335255535121 3476776109301026335255535122
3476776109301026335255535121 3476776109301026335255535122
3476776109301026335255535121 3476776109301026335255535122
-3106581876269721605248063908 -3106581876269721605229802312
3476776109301026335255535121 3476776109301026335255535122
3476776109301026335255535121 3476776109301026335255535122
3476776109301026335255535121 3476776109301026335255535122
3476776109301026335255535121 3476776109301026335255535122
3476776109301026335255535121 3476776109301026335255535122
3476776109301026335255535121 3476776109301026335255535122
3476776109301026335255535121 3476776109301026335255535122
3476776109301026335255535121 3476776109301026335255535122
3476776109301026335255535121 3476776109301026335255535122
3476776109301026335255535121 3476776109301026335255535122
3476776109301026335255535121 3476776109301026335255535122
3476776109301026335255535121 3476776109301026335255535122
3476776109301026335255535121 3476776109301026335255535122
3476776109301026335255535121 3476776109301026335255535122
-2341244365851946785332221484 -2341244365851946785331749388
1394826596244062108074016365 1394826596244062108094937352
3476776109301026335255535121 3476776109301026335255535122
3476776109301026335255535121 3476776109301026335255535122
3476776109301026335255535121 3476776109301026335255535122
3476776109301026335255535121 3476776109301026335255535122
3476776109301026335255535121 3476776109301026335255535122
3476776109301026335255535121 3476776109301026335255535122
3476776109301026335255535121 3476776109301026335255535122
3476776109301026335255535121 3476776109301026335255535122
3476776109301026335255535121 3476776109301026335255535122
3476776109301026335255535121 3476776109301026335255535122
3476776109301026335255535121 3476776109301026335255535122
3476776109301026335255535121 3476776109301026335255535122
3476776109301026335255535121 3476776109301026335255535122
-3243308115387765664875236097 -3243308115387765664863054707
3476776109301026335255535121 3476776109301026335255535122
3476776109301026335255535121 3476776109301026335255535122
3476776109301026335255535121 3476776109301026335255535122
3476776109301026335255535121 3476776109301026335255535122
3476776109301026335255535121 3476776109301026335255535122
3476776109301026335255535121 3476776109301026335255535122
3476776109301026335255535121 3476776109301026335255535122
3476776109301026335255535121 3476776109301026335255535122
3476776109301026335255535121 3476776109301026335255535122
3476776109301026335255535121 3476776109301026335255535122
3476776109301026335255535121 3476776109301026335255535122
3476776109301026335255535121 3476776109301026335255535122
3476776109301026335255535121 3476776109301026335255535122
3476776109301026335255535121 3476776109301026335255535122
-2809405083419913322364769864 -2809405083419913322362441359
3476776109301026335255535121 3476776109301026335255535122
3476776109301026335255535121 3476776109301026335255535122
3476776109301026335255535121 3476776109301026335255535122
3476776109301026335255535121 3476776109301026335255535122
3476776109301026335255535121 3476776109301026335255535122
3476776109301026335255535121 3476776109301026335255535122
3476776109301026335255535121 3476776109301026335255535122
3476776109301026335255535121 3476776109301026335255535122
3476776109301026335255535121 3476776109301026335255535122
3476776109301026335255535121 3476776109301026335255535122
3476776109301026335255535121 3476776109301026335255535122
3476776109301026335255535121 3476776109301026335255535122
3476776109301026335255535121 3476776109301026335255535122
3476776109301026335255535121 3476776109301026335255535122
-3476776109301020364453247911 -3476776109301020364432623224
3476776109301026335255535121 3476776109301026335255535122
2934331830586061611451098696 2934331830586061611451098697
3476776109301026335255535121 3476776109301026335255535122
3476776109301026335255535121 3476776109301026335255535122
3476776109301026335255535121 3476776109301026335255535122
3476776109301026335255535121 3476776109301026335255535122
3476776109301026335255535121 3476776109301026335255535122
3476776109301026335255535121 3476776109301026335255535122
3476776109301026335255535121 3476776109301026335255535122
3476776109301026335255535121 3476776109301026335255535122
-3476776109301030623164689315 -3476776109301030623163439945
3476776109301026335255535121 3476776109301026335255535122
3476776109301026335255535121 3476776109301026335255535122
2408696069088599496140064063 2408696069088599496140064064
3476776109301026335255535121 3476776109301026335255535122
3476776109301026335255535121 3476776109301026335255535122
2965151866415547908992325019 2965151866415547908992325020
3476776109301026335255535121 3476776109301026335255535122
3476776109301026335255535121 3476776109301026335255535122
3476776109301026335255535121 3476776109301026335255535122
3476776109301026335255535121 3476776109301026335255535122
3476776109301026335255535121 3476776109301026335255535122
3476776109301026335255535121 3476776109301026335255535122
-3476776109301026335255535122 -3476776109301026335255535121
3476776109301026335255535121 3476776109301026335255535122
2565547140588764496445850661 2565547140588764496447397917
3476776109301026335255535121 3476776109301026335255535122
-3476776109301057714625217522 -3476776109301057714623708713
3476776109301026335255535121 3476776109301026335255535122
3476776109301026335255535121 3476776109301026335255535122
3476776109301026335255535121 3476776109301026335255535122
3476776109301026335255535121 3476776109301026335255535122
1037870681091109701225659635 1037870681091109701225659636
3476776109301026335255535121 3476776109301026335255535122
3476776109301026335255535121 3476776109301026335255535122
3476776109301026335255535121 3476776109301026335255535122
-3476776109301034323966454610 -3476776109301034323938935588
3476776109301026335255535121 3476776109301026335255535122
3476776109301026335255535121 3476776109301026335255535122
2752690207956551078656681680 2752690207956551078656681681
3476776109301026335255535121 3476776109301026335255535122
3476776109301026335255535121 3476776109301026335255535122
3476776109301026335255535121 3476776109301026335255535122
3476776109301026335255535121 3476776109301026335255535122
3476776109301026335255535121 3476776109301026335255535122
3476776109301026335255535121 3476776109301026335255535122
3476776109301026335255535121 3476776109301026335255535122
3476776109301026335255535121 3476776109301026335255535122
3476776109301026335255535121 3476776109301026335255535122
3476776109301026335255535121 3476776109301026335255535122
3476776109301026335255535121 3476776109301026335255535122
-3476776109301029946611444179 -3476776109301029946610351561
3476776109301026335255535121 3476776109301026335255535122
2328141052604290815879972605 2328141052604290815879972606
3476776109301026335255535121 3476776109301026335255535122
3476776109301026335255535121 3476776109301026335255535122
3476776109301026335255535121 3476776109301026335255535122
3476776109301026335255535121 3476776109301026335255535122
3476776109301026335255535121 3476776109301026335255535122
3476776109301026335255535121 3476776109301026335255535122
3476776109301026335255535121 3476776109301026335255535122
3476776109301026335255535121 3476776109301026335255535122
3476776109301026335255535121 3476776109301026335255535122
3476776109301026335255535121 3476776109301026335255535122
3476776109301026335255535121 3476776109301026335255535122
3476776109301026335255535121 3476776109301026335255535122
-3476776109301024947274155353 -3476776109301024947273849868
1527919697504294071025656655 1527919697504294071025656656
-165766257845769624797999516 -165766257845769624797999515
3476776109301026335255535121 3476776109301026335255535122
3476776109301026335255535121 3476776109301026335255535122
3476776109301026335255535121 3476776109301026335255535122
3476776109301026335255535121 3476776109301026335255535122
3476776109301026335255535121 3476776109301026335255535122
3476776109301026335255535121 3476776109301026335255535122
3476776109301020903944418161 3476776109301020903944490456
3476776109301026335255535121 3476776109301026335255535122
3476776109301026335255535121 3476776109301026335255535122
3476776109301026335255535121 3476776109301026335255535122
3476776109301026335255535121 3476776109301026335255535122
3476776109301026335255535121 3476776109301026335255535122
2577802691868459496112124403 2577802691868459496141432513
3476776109301026335255535121 3476776109301026335255535122
-3476776109301120693555827808 -3476776109301120693539917308
3476776109301026335255535121 3476776109301026335255535122
3476776109301026335255535121 3476776109301026335255535122
3476776109301026335255535121 3476776109301026335255535122
3476776109301026335255535121 3476776109301026335255535122
3476776109301026335255535121 3476776109301026335255535122
3476776109301026335255535121 3476776109301026335255535122
3476776109301026335255535121 3476776109301026335255535122
-3476776109301026335255535122 -3476776109301026335255535121
-3476776109301020224901284893 -3476776109301020224874239976
1391939278531758528730356000 1391939278531758528730356001
3476776109301026335255535121 3476776109301026335255535122
3476776109301026335255535121 3476776109301026335255535122
3476776109301026335255535121 3476776109301026335255535122
3476776109301026335255535121 3476776109301026335255535122
3476776109301026335255535121 3476776109301026335255535122
3476776109301026335255535121 3476776109301026335255535122
3476776109301026335255535121 3476776109301026335255535122
3476776109301026335255535121 3476776109301026335255535122
3476776109301026335255535121 3476776109301026335255535122
3476776109301026335255535121 3476776109301026335255535122
3476776109301026335255535121 3476776109301026335255535122
3476776109301026335255535121 3476776109301026335255535122
3476776109301026335255535121 3476776109301026335255535122
-3476776109301027269654210014 -3476776109301027269653819585
-3476776109301021375393825582 -3476776109301021375393666184
2992190808569641042753467084 2992190808569641042753467085
3476776109301026335255535121 3476776109301026335255535122
3476776109301026335255535121 3476776109301026335255535122
3302179519413315546098496228 3302179519413315546098496229
3476776109301026335255535121 3476776109301026335255535122
3476776109301026335255535121 3476776109301026335255535122
3476776109301026335255535121 3476776109301026335255535122
3476776109301026335255535121 3476776109301026335255535122
3476776109301026335255535121 3476776109301026335255535122
-3476776109301006069511027027 -3476776109301006069507396246
3476776109301026335255535121 3476776109301026335255535122
3476776109301026335255535121 3476776109301026335255535122
3476776109301026335255535121 3476776109301026335255535122
3476776109301026335255535121 3476776109301026335255535122
3476776109301026335255535121 3476776109301026335255535122
3476776109301026335255535121 3476776109301026335255535122
3476776109301026335255535121 3476776109301026335255535122
3476776109301026335255535121 3476776109301026335255535122
3476776109301026335255535121 3476776109301026335255535122
3476776109301026335255535121 3476776109301026335255535122
3476776109301026335255535121 3476776109301026335255535122
3476776109301026335255535121 3476776109301026335255535122
3476776109301026335255535121 3476776109301026335255535122
3476776109301026335255535121 3476776109301026335255535122
-3476776109301036295428658720 -3476776109301036295424242531
3476776109301026335255535121 3476776109301026335255535122
3476776109301026335255535121 3476776109301026335255535122
-1020655620766068549009109069 -1020655620766068549009109068
3476776109301026335255535121 3476776109301026335255535122
3476776109301026335255535121 3476776109301026335255535122
3476776109301026335255535121 3476776109301026335255535122
3476776109301026335255535121 3476776109301026335255535122
3476776109301026335255535121 3476776109301026335255535122
3476776109301026335255535121 3476776109301026335255535122
3476776109301026335255535121 3476776109301026335255535122
3476776109301026335255535121 3476776109301026335255535122
3476776109301026335255535121 3476776109301026335255535122
3476776109301026335255535121 3476776109301026335255535122
3476776109301026335255535121 3476776109301026335255535122
-3476776109301052360608736750 -3476776109301052360584832570
3476776109301026335255535121 3476776109301026335255535122
408001787375468331436624484 408001787375468331436624485
3476776109301026335255535121 3476776109301026335255535122
3476776109301026335255535121 3476776109301026335255535122
3476776109301026335255535121 3476776109301026335255535122
3476776109301026335255535121 3476776109301026335255535122
3476776109301026335255535121 3476776109301026335255535122
3476776109301026335255535121 3476776109301026335255535122
3476776109301026335255535121 3476776109301026335255535122
3476776109301026335255535121 3476776109301026335255535122
3476776109301026335255535121 3476776109301026335255535122
3476776109301026335255535121 3476776109301026335255535122
3476776109301026335255535121 3476776109301026335255535122
3476776109301026335255535121 3476776109301026335255535122
-3476776109301025287292286341 -3476776109301025287275343136
3476776109301026335255535121 3476776109301026335255535122
3476776109301026335255535121 3476776109301026335255535122
803087377801833709728771240 803087377801833709728771241
3476776109301026335255535121 3476776109301026335255535122
3476776109301026335255535121 3476776109301026335255535122
3476776109301026335255535121 3476776109301026335255535122
3476776109301026335255535121 3476776109301026335255535122
3476776109301026335255535121 3476776109301026335255535122
3476776109301026335255535121 3476776109301026335255535122
3476776109301026335255535121 3476776109301026335255535122
3476776109301026335255535121 3476776109301026335255535122
3476776109301026335255535121 3476776109301026335255535122
3476776109301026335255535121 3476776109301026335255535122
3476776109301026335255535121 3476776109301026335255535122
3476776109301026335255535121 3476776109301026335255535122
3476776109301026335255535121 3476776109301026335255535122
693576153995854835400105225 693576153995854835400105226
3476776109301026335255535121 3476776109301026335255535122
3476776109301026335255535121 3476776109301026335255535122
3476776109301026335255535121 3476776109301026335255535122
3476776109301026335255535121 3476776109301026335255535122
-3476776109301026335255535122 -3476776109301026335255535121
3476776109301026335255535121 3476776109301026335255535122
3476776109301026335255535121 3476776109301026335255535122
3476776109301026335255535121 3476776109301026335255535122
1365681712119925863469671539 1365681712119925863474615387
-538481051515980553570317306 -538481051515980553565841457
3476776109301026335255535121 3476776109301026335255535122
3476776109301026335255535121 3476776109301026335255535122
-3476776109301026335255535122 -3476776109301026335255535121
-3476776109301111438753439253 -3476776109301111438751816414
-3476776109301026335255535122 -3476776109301026335255535121
-502927967427605426097334850 -502927967427605426097154373
3476776109301026335255535121 3476776109301026335255535122
-3476776109301026335255535122 -3476776109301026335255535121
-2331833809509173720987312413 -2331833809509173720987312412
3476776109301026335255535121 3476776109301026335255535122
3476776109301026335255535121 3476776109301026335255535122
3476776109301026335255535121 3476776109301026335255535122
3476776109301026335255535121 3476776109301026335255535122
3476776109301026335255535121 3476776109301026335255535122
3476776109301026335255535121 3476776109301026335255535122
3476776109301026335255535121 3476776109301026335255535122
-3476776109301032570046640152 -3476776109301032570045920587
3154700705132700905380104510 3154700705132700905380104511
3476776109301026335255535121 3476776109301026335255535122
-3370902879256243508845179188 -3370902879256243508845179187
3476776109301026335255535121 3476776109301026335255535122
3476776109301026335255535121 3476776109301026335255535122
3476776109301026335255535121 3476776109301026335255535122
3476776109301026335255535121 3476776109301026335255535122
3476776109301026335255535121 3476776109301026335255535122
3476776109301026335255535121 3476776109301026335255535122
3476776109301026335255535121 3476776109301026335255535122
2600460783011159619484887528 2600460783011159619485920664
-3476776109301026335255535122 -3476776109301026335255535121
3476776109301026335255535121 3476776109301026335255535122
3476776109301026335255535121 3476776109301026335255535122
3476776109301026335255535121 3476776109301026335255535122
-3476776109301026335255535122 -3476776109301026335255535121
3476776109301026335255535121 3476776109301026335255535122
-976630199599254153791993788 -976630199599254153791584482
-2075917612292083748270326318 -2075917612292083748270326317
656572293306131724528284034 656572293306131724528284035
3476776109301026335255535121 3476776109301026335255535122
-3110598305739014486860590933 -3110598305739014486860590932
3476776109301026335255535121 3476776109301026335255535122
3476776109301026335255535121 3476776109301026335255535122
3476776109301026335255535121 3476776109301026335255535122
3476776109300981370793316632 3476776109300981370794511292
3476776109301026335255535121 3476776109301026335255535122
3476776109301026335255535121 3476776109301026335255535122
-3202883517150158134988872598 -3202883517150158134986791194
3476776109300994493815219443 3476776109300994493817132527
3476776109301026335255535121 3476776109301026335255535122
-717101152869519788330960047 -717101152869519788325888167
855234100224459093199981917 855234100224459093199981918
-3476776109301026335255535122 -3476776109301026335255535121
3476776109301026335255535121 3476776109301026335255535122
3476776109301026335255535121 3476776109301026335255535122
-3476776109301026335255535122 -3476776109301026335255535121
3476776109301026335255535121 3476776109301026335255535122
3476776109301026335255535121 3476776109301026335255535122
-2089469945087321486634219425 -2089469945087321486632979868
-3476776109301026335255535122 -3476776109301026335255535121
3476776109301026335255535121 3476776109301026335255535122
3476776109301026335255535121 3476776109301026335255535122
3476776109301026335255535121 3476776109301026335255535122
3476776109301026335255535121 3476776109301026335255535122
3476776109301026335255535121 3476776109301026335255535122
3476776109301026335255535121 3476776109301026335255535122
3476776109301026335255535121 3476776109301026335255535122
3476776109301026335255535121 3476776109301026335255535122
3476776109301026335255535121 3476776109301026335255535122
-3061446369682015873003327438 -3061446369682015873002509854
3476776109301026335255535121 3476776109301026335255535122
3476776109301026335255535121 3476776109301026335255535122
-2468662594488249047466922279 -2468662594488249047464881438
-3476776109301026335255535122 -3476776109301026335255535121
3476776109301026335255535121 3476776109301026335255535122
3476776109301026335255535121 3476776109301026335255535122
3476776109301026335255535121 3476776109301026335255535122
3476776109301026335255535121 3476776109301026335255535122
3476776109301026335255535121 3476776109301026335255535122
-3476776109301026335255535122 -3476776109301026335255535121
-2577469514753067496894554922 -2577469514753067496890286712
-3476776109301080589772370589 -3476776109301080589767155300
3476776109301026335255535121 3476776109301026335255535122
3476776109301026335255535121 3476776109301026335255535122
3476776109301026335255535121 3476776109301026335255535122
3476776109301026335255535121 3476776109301026335255535122
1626551419230320067710032567 1626551419230320067710032568
3476776109301026335255535121 3476776109301026335255535122
3476776109301026335255535121 3476776109301026335255535122
3476776109301026335255535121 3476776109301026335255535122
3476776109301026335255535121 3476776109301026335255535122
1637042032433438007322525185 1637042032433438007323940050
-3476776109301026335255535122 -3476776109301026335255535121
3476776109301026335255535121 3476776109301026335255535122
-3476776109301393110994823997 -3476776109301393110992200374
3476776109301026335255535121 3476776109301026335255535122
3476776109301026335255535121 3476776109301026335255535122
-3476776109301026335255535122 -3476776109301026335255535121
3476776109301026335255535121 3476776109301026335255535122
3476776109301026335255535121 3476776109301026335255535122
-180701811408557280585384144 -180701811408557280585384143
3476776109301026335255535121 3476776109301026335255535122
-3476776109301086805486650692 -3476776109301086805480235572
3476776109301026335255535121 3476776109301026335255535122
-332677826789876475693489675 -332677826789876475687108448
3476776109301026335255535121 3476776109301026335255535122
3476776109301026335255535121 3476776109301026335255535122
2444438853440471925031632208 2444438853440471925031632209
-3476776109301026335255535122 -3476776109301026335255535121
3476776109301026335255535121 3476776109301026335255535122
1516324245062858016311609973 1516324245062858016311609974
3476776109301026335255535121 3476776109301026335255535122
3476776109301026335255535121 3476776109301026335255535122
-3476776109301052440649544826 -3476776109301052440648147773
-3476776109300826036956332867 -3476776109300826036951912572
3476776109301026335255535121 3476776109301026335255535122
2661805154863449304642474737 2661805154863449304642474738
3476776109301026335255535121 3476776109301026335255535122
1307283549435721235518901190 1307283549435721235518901191
3476776109301026335255535121 3476776109301026335255535122
3476776109301026335255535121 3476776109301026335255535122
3476776109301026335255535121 3476776109301026335255535122
-1822826939808483439953608558 -1822826939808483439952273339
3476776109301026335255535121 3476776109301026335255535122
-3476776109301026335255535122 -3476776109301026335255535121
3476776109301026335255535121 3476776109301026335255535122
3476776109301026335255535121 3476776109301026335255535122
3476776109301026335255535121 3476776109301026335255535122
-3476776109301017000690141949 -3476776109301017000689687151
-1749555996331151160118889051 -1749555996331151160118889050
2297914081274916881850542524 2297914081274916881850542525
3476776109301005725095667740 3476776109301005725099669721
3476776109301026335255535121 3476776109301026335255535122
3476776109301026335255535121 3476776109301026335255535122
3476776109301026335255535121 3476776109301026335255535122
3476776109301026335255535121 3476776109301026335255535122
3476776109301026335255535121 3476776109301026335255535122
-3476776109301026335255535122 -3476776109301026335255535121
-3476776109301026335255535122 -3476776109301026335255535121
-278418186421144077074504978 -278418186421144077074303841
-3476776109300747674952691983 -3476776109300747674952691982
-3476776109301026335255535122 -3476776109301026335255535121
-460871815724342605041862947 -460871815724342605041862946
3476776109301026335255535121 3476776109301026335255535122
3476776109301026335255535121 3476776109301026335255535122
-2531135620855974531489406978 -2531135620855974531489406977
3476776109301026335255535121 3476776109301026335255535122
3476776109301026335255535121 3476776109301026335255535122
3476776109301026335255535121 3476776109301026335255535122
3476776109301026335255535121 3476776109301026335255535122
3476776109301026335255535121 3476776109301026335255535122
3476776109300836299728907508 3476776109300836299730557528
3476776109301026335255535121 3476776109301026335255535122
3476776109301026335255535121 3476776109301026335255535122
-1482423213751841532455534490 -1482423213751841532453883825
-3476776109301026335255535122 -3476776109301026335255535121
3476776109301026335255535121 3476776109301026335255535122
-3476776109301026335255535122 -3476776109301026335255535121
-3476776109301026335255535122 -3476776109301026335255535121
3476776109301026335255535121 3476776109301026335255535122
3476776109301026335255535121 3476776109301026335255535122
3476776109301026335255535121 3476776109301026335255535122
3476776109301026335255535121 3476776109301026335255535122
3476776109301026335255535121 3476776109301026335255535122
3476776109301026335255535121 3476776109301026335255535122
3476776109301026335255535121 3476776109301026335255535122
3476776109301026335255535121 3476776109301026335255535122
3476776109301026335255535121 3476776109301026335255535122
3476776109301026335255535121 3476776109301026335255535122
3476776109301026335255535121 3476776109301026335255535122
-3476776109301026335255535122 -3476776109301026335255535121
2001668041854679584982130682 2001668041854679584982199547
3476776109301026335255535121 3476776109301026335255535122
-3476776109301026335255535122 -3476776109301026335255535121
-3476776109301026335255535122 -3476776109301026335255535121
3476776109301026335255535121 3476776109301026335255535122
-3476776109301026335255535122 -3476776109301026335255535121
3476776109301026335255535121 3476776109301026335255535122
-3476776109301026335255535122 -3476776109301026335255535121
3476776109301026335255535121 3476776109301026335255535122
3476776109300786817982965448 3476776109300786818011700654
1883367414505505191560559389 1883367414505505191576411996
3476776109301026335255535121 3476776109301026335255535122
-3476776109301026335255535122 -3476776109301026335255535121
-2607322497388097260709908914 -2607322497388097260709908913
-1935228503393649840747784426 -1935228503393649840747778115
11058661345905630150775811 11058661345905630150794742
2828837733044492245035780574 2828837733044492245048060877
-3476776109301110766085748067 -3476776109301110766073028278
-3476776109301026335255535122 -3476776109301026335255535121
3476776109301026335255535121 3476776109301026335255535122
2325922450979911820035950388 2325922450979911820035950389
3476776109301026335255535121 3476776109301026335255535122
-621473101553487965916957277 -621473101553487965912126187
-3476776109301026335255535122 -3476776109301026335255535121
3476776109301026335255535121 3476776109301026335255535122
3476776109301026335255535121 3476776109301026335255535122
3476776109301026335255535121 3476776109301026335255535122
1388493658024155139585588235 1388493658024155139585924398
3476776109301026335255535121 3476776109301026335255535122
-3476776109300965796071704974 -3476776109300965796071211029
-3476776109301026335255535122 -3476776109301026335255535121
3476776109301026335255535121 3476776109301026335255535122
3476776109301026335255535121 3476776109301026335255535122
3476776109301026335255535121 3476776109301026335255535122
-3476776109301026335255535122 -3476776109301026335255535121
-701641773634214735843468921 -701641773634214735843468920
3476776109301026335255535121 3476776109301026335255535122
-3476776109301026335255535122 -3476776109301026335255535121
3476776109300997797949620083 3476776109300997797950349260
-1766502938345825343267503926 -1766502938345825343267209596
-1897843802509163431201460992 -1897843802509163431201460991
3476776109301026335255535121 3476776109301026335255535122
-3476776109301026335255535122 -3476776109301026335255535121
-1654043403564529078533248696 -1654043403564529078532916388
-3476776109301026335255535122 -3476776109301026335255535121
3476776109301044712022943637 3476776109301044712037086674
-3476776109301021418477317090 -3476776109301021418465698320
3476776109301026335255535121 3476776109301026335255535122
3476776109301026335255535121 3476776109301026335255535122
113422848008028246784907658 113422848008028246784907659
-3476776109301026335255535122 -3476776109301026335255535121
-1633838797360795096562128828 -1633838797360795096562128827
-3476776109301026335255535122 -3476776109301026335255535121
3476776109301026335255535121 3476776109301026335255535122
3476776109301026335255535121 3476776109301026335255535122
3476776109301026335255535121 3476776109301026335255535122
594545609331678776897525940 594545609331678776898607129
-3476776109301026335255535122 -3476776109301026335255535121
1864596115427237047860019941 1864596115427237047863085691
-3476776109301026335255535122 -3476776109301026335255535121
3476776109301026335255535121 3476776109301026335255535122
3476776109301026335255535121 3476776109301026335255535122
3476776109301026335255535121 3476776109301026335255535122
3476776109301026335255535121 3476776109301026335255535122
3476776109301026335255535121 3476776109301026335255535122
-1738388054650513167627767561 -1738388054650513167627767560
-3476776109301026335255535122 -3476776109301026335255535121
-1450579458410704054193790814 -1450579458410704054193790813
2427608798970816982043644550 2427608798970816982045894684
3476776109301026335255535121 3476776109301026335255535122
3476776109301026335255535121 3476776109301026335255535122
135106292885341824372289553 135106292885341824375318396
-3476776109301093878922199949 -3476776109301093878919840798
3476776109301026335255535121 3476776109301026335255535122
2960741522602197431411838300 2960741522602197431411838301
3117843972734855982270782283 3117843972734855982270782284
3476776109301026335255535121 3476776109301026335255535122
-3476776109301026335255535122 -3476776109301026335255535121
-3476776109301171741654464008 -3476776109301171741650723571
3476776109301026335255535121 3476776109301026335255535122
3476776109301026335255535121 3476776109301026335255535122
3476776109301026335255535121 3476776109301026335255535122
3476776109301026335255535121 3476776109301026335255535122
1652276970077717504571231144 1652276970077717504571231145
-3476776109301011799017038604 -3476776109301011799016871508
3476776109301026335255535121 3476776109301026335255535122
-3476776109301026335255535122 -3476776109301026335255535121
-3476776109301026335255535122 -3476776109301026335255535121
3476776109301026335255535121 3476776109301026335255535122
3476776109301026335255535121 3476776109301026335255535122
3476776109301026335255535121 3476776109301026335255535122
818826707773316323421652493 818826707773316323421652494
3476776109301026335255535121 3476776109301026335255535122
2018448827457254828561583457 2018448827457254828561730341
3476776109301026335255535121 3476776109301026335255535122
-3476776109301132371042909032 -3476776109301132371040799443
3476776109301026335255535121 3476776109301026335255535122
22608504464798136907387795 22608504464798136907387796
-3476776109300867586447184148 -3476776109300867586443600602
3476776109301026335255535121 3476776109301026335255535122
2259506171311829880898876622 2259506171311829880898876623
3476776109301026335255535121 3476776109301026335255535122
-3476776109301026335255535122 -3476776109301026335255535121
3476776109301026335255535121 3476776109301026335255535122
-3371650457494714592044351019 -3371650457494714592044351018
3476776109301024867020660809 3476776109301024867021211057
3476776109301026335255535121 3476776109301026335255535122
-3476776109301026335255535122 -3476776109301026335255535121
1078132054615204585796460226 1078132054615204585797191645
-1413569128955402785668561661 -1413569128955402785668288798
-3476776109301026335255535122 -3476776109301026335255535121
3376793983851596655611802027 3376793983851596655612651752
-1491701338924084004579697314 -1491701338924084004574889452
-3476776109301026335255535122 -3476776109301026335255535121
-3476776109301026335255535122 -3476776109301026335255535121
3476776109301026335255535121 3476776109301026335255535122
-3476776109301026335255535122 -3476776109301026335255535121
-3476776109301026335255535122 -3476776109301026335255535121
1589535719541258868140545098 1589535719541258868141444119
-1046053523332927360879990673 -1046053523332927360878714349
-50893994551450003863130129 -50893994551450003862944920
-2315914822790685212718226530 -2315914822790685212717116310
-3476776109301026335255535122 -3476776109301026335255535121
-507825447864340751639949376 -507825447864340751639640695
-634503185417886117802098741 -634503185417886117802098740
347472971109440772091142830 347472971109440772092500096
3476776109301026335255535121 3476776109301026335255535122
3476776109301026335255535121 3476776109301026335255535122
3476776109301026335255535121 3476776109301026335255535122
3476776109301026335255535121 3476776109301026335255535122
3476776109301026335255535121 3476776109301026335255535122
3476776109301026335255535121 3476776109301026335255535122
3476776109301026335255535121 3476776109301026335255535122
3476776109301026335255535121 3476776109301026335255535122
3476776109301026335255535121 3476776109301026335255535122
3476776109301026335255535121 3476776109301026335255535122
3197362426631040547764392213 3197362426631040547769989434
-3476776109301041399359628451 -3476776109301041399354700623
-3476776109301026335255535122 -3476776109301026335255535121
-3476776109301008128607273853 -3476776109301008128594618939
-3476776109301067442105842476 -3476776109301067442087382925
-3476776109301026335255535122 -3476776109301026335255535121
3476776109301026335255535121 3476776109301026335255535122
3476776109301026335255535121 3476776109301026335255535122
2342253553807149013761868043 2342253553807149013761868044
-3476776109301026335255535122 -3476776109301026335255535121
3476776109301026335255535121 3476776109301026335255535122
3476776109301026335255535121 3476776109301026335255535122
-1873910202741882975443634307 -1873910202741882975443634306
3476776109301026335255535121 3476776109301026335255535122
-1642769201798420952326502646 -1642769201798420952326502645
2406833190000728746198208624 2406833190000728746199030681
1267582447760873902163379928 1267582447760873902170293056
-802258359391401558736004540 -802258359391401558732790774
-3323423807028759709342197687 -3323423807028759709338939614
-3476776109301106570580720629 -3476776109301106570572437582
3476776109301026335255535121 3476776109301026335255535122
-3476776109300904460596341451 -3476776109300904460586368852
-3476776109301072234102337468 -3476776109301072234100533285
-3476776109301026335255535122 -3476776109301026335255535121
3476776109301026335255535121 3476776109301026335255535122
2765057708258717926425982665 2765057708258717926425982666
1152907729834865804174852901 1152907729834865804176721932
1119815226391460662286163435 1119815226391460662293052837
3476776109301026030827483804 3476776109301026030828578438
2924907776356616205337662579 2924907776356616205342317843
-3476776109301394567693610022 -3476776109301394567661990146
3476776109301026335255535121 3476776109301026335255535122
1639731930295310489187792581 1639731930295310489187792582
-3476776109301026335255535122 -3476776109301026335255535121
-3476776109301026335255535122 -3476776109301026335255535121
-3476776109301026335255535122 -3476776109301026335255535121
-3476776109301026335255535122 -3476776109301026335255535121
805299881266500612452938567 805299881266500612454832928
-1444419074748555981018232185 -1444419074748555981016614818
-183962856312119219305794000 -183962856312119219301035019
510405207623471990698225575 510405207623471990698307927
-3476776109301026335255535122 -3476776109301026335255535121
-3476776109301026335255535122 -3476776109301026335255535121
-3476776109301026335255535122 -3476776109301026335255535121
3476776109301026335255535121 3476776109301026335255535122
1738388054650513167627767560 1738388054650513167627767561
633420832447238425895270720 633420832447238425901164263
3476776109301026335255535121 3476776109301026335255535122
507996091126177997648076731 507996091126177997650472248
908196551644808763498928628 908196551644808763520158931
3476776109301053068316715586 3476776109301053068336264457
1896468783325150592528504951 1896468783325150592542062010
-36949412001835273266766654 -36949412001835273238925266
3476776109301026335255535121 3476776109301026335255535122
-2390495742170126112002365765 -2390495742170126111993256578
3476776109301026335255535121 3476776109301026335255535122
-2224999049525978276978225307 -2224999049525978276978225306
-3476776109301026335255535122 -3476776109301026335255535121
3476776109301026335255535121 3476776109301026335255535122
2529060568003939454045999850 2529060568003939454051912179
-1911273611749826481665082057 -1911273611749826481649340704
-3476776109301029135070832227 -3476776109301029135064066800
-3476776109301401010168242584 -3476776109301401010147039731
-3476776109301172166379580988 -3476776109301172166364503791
3476776109301026335255535121 3476776109301026335255535122
-3476776109301026335255535122 -3476776109301026335255535121
3476776109301026335255535121 3476776109301026335255535122
3476776109301026335255535121 3476776109301026335255535122
2035932624759062764801179023 2035932624759062764801179024
3476776109301026335255535121 3476776109301026335255535122
-3476776109301026335255535122 -3476776109301026335255535121
3476776109301424315559404476 3476776109301424315560730345
-1887404991597958940019123791 -1887404991597958940019123790
2626143603764600987688092367 2626143603764600987688092368
2208307076595515155533149407 2208307076595515155536009796
-2526951783531522749679195372 -2526951783531522749678083870
-2752421601368233524357247715 -2752421601368233524352851271
-3476776109301044524265305442 -3476776109301044524258008694
-3476776109301026335255535122 -3476776109301026335255535121
-3476776109301026335255535122 -3476776109301026335255535121
3476776109301026335255535121 3476776109301026335255535122
-3476776109301026335255535122 -3476776109301026335255535121
3476776109301026335255535121 3476776109301026335255535122
3476776109301055938724315205 3476776109301055938730033986
134133920096579369594317077 134133920096579369594317078
81668126706284608025276689 81668126706284608027514058
-2599621749976924159136145524 -2599621749976924159135551515
2515954656137129678502844250 2515954656137129678506361131
1067383992005715442847136448 1067383992005715442850270144
-3476776109301026335255535122 -3476776109301026335255535121
-3476776109301026335255535122 -3476776109301026335255535121
3476776109301026335255535121 3476776109301026335255535122
3476776109301026335255535121 3476776109301026335255535122
3476776109301026335255535121 3476776109301026335255535122
3476776109301026335255535121 3476776109301026335255535122
3476776109301026335255535121 3476776109301026335255535122
1022768252050864744382103224 1022768252050864744383118945
-2935292407531277080748694381 -2935292407531277080748694380
3476776109301026335255535121 3476776109301026335255535122
-3476776109300995957306244373 -3476776109300995957300294577
-3476776109301026335255535122 -3476776109301026335255535121
3476776109301026335255535121 3476776109301026335255535122
3476776109301026335255535121 3476776109301026335255535122
3476776109301026335255535121 3476776109301026335255535122
-3476776109301046724051102255 -3476776109301046724049961314
1768216509038216663783889347 1768216509038216663783889348
3476776109301026335255535121 3476776109301026335255535122
2295725670164027212736161909 2295725670164027212737559670
1619267925945607109412497470 1619267925945607109415777514
-3476776109301026335255535122 -3476776109301026335255535121
3476776109301005236728848949 3476776109301005236729245930
-3476776109301026335255535122 -3476776109301026335255535121
3476776109301026335255535121 3476776109301026335255535122
-3476776109301026335255535122 -3476776109301026335255535121
-3476776109301026335255535122 -3476776109301026335255535121
2662293279679538590302166703 2662293279679538590302548906
-3476776109301026335255535122 -3476776109301026335255535121
-1976557288667904588650891839 -1976557288667904588650891838
-1833129992429995633587553008 -1833129992429995633586014761
1243785691922392328112478978 1243785691922392328115361868
3476776109301026335255535121 3476776109301026335255535122
-2409814115259405155808171688 -2409814115259405155803456853
3476776109301026335255535121 3476776109301026335255535122
3476776109301026335255535121 3476776109301026335255535122
3476776109301026335255535121 3476776109301026335255535122
3476776109301026335255535121 3476776109301026335255535122
1909766815392419726809082257 1909766815392419726811363406
3476776109301026335255535121 3476776109301026335255535122
3476776109301026335255535121 3476776109301026335255535122
-614015046700556682939210707 -614015046700556682936893052
3476776109301026335255535121 3476776109301026335255535122
1871172172047300729044937370 1871172172047300729048436269
3476776109301026335255535121 3476776109301026335255535122
3476776109300973502179609229 3476776109300973502185607733
3476776109301026335255535121 3476776109301026335255535122
-3476776109301026335255535122 -3476776109301026335255535121
-3476776109301026335255535122 -3476776109301026335255535121
3476776109301026335255535121 3476776109301026335255535122
3476776109301026335255535121 3476776109301026335255535122
3476776109301026335255535121 3476776109301026335255535122
3476776109301026335255535121 3476776109301026335255535122
-133249648660539093689089317 -133249648660539093688053216
-3476776109301026335255535122 -3476776109301026335255535121
1713295107045576883736273252 1713295107045576883736273253
-267837434100843089047728834 -267837434100843089044820678
-3476776109301026335255535122 -3476776109301026335255535121
3476776109301026335255535121 3476776109301026335255535122
-1077905012544841547987526396 -1077905012544841547981526007
-3476776109301026335255535122 -3476776109301026335255535121
3476776109301026335255535121 3476776109301026335255535122
3476776109301026335255535121 3476776109301026335255535122
3476776109301026335255535121 3476776109301026335255535122
-3464228699189894309129589739 -3464228699189894309127935834
3476776109301026335255535121 3476776109301026335255535122
3476776109301026335255535121 3476776109301026335255535122
1052607500241031071997356102 1052607500241031071998626506
3476776109301026335255535121 3476776109301026335255535122
3476776109301026335255535121 3476776109301026335255535122
-3109361058086356336255647861 -3109361058086356336255315107
3476776109301026335255535121 3476776109301026335255535122
3476776109301026335255535121 3476776109301026335255535122
-3476776109301026335255535122 -3476776109301026335255535121
3476776109301026335255535121 3476776109301026335255535122
-3476776109301014038382591183 -3476776109301014038380506624
3476776109301026335255535121 3476776109301026335255535122
3476776109301026335255535121 3476776109301026335255535122
2481915523710071705162047747 2481915523710071705164785903
1552239205844015994822589147 1552239205844015994824222465
-3476776109300966178527976034 -3476776109300966178520479881
-695805069561886425511920722 -695805069561886425510964143
3476776109301026335255535121 3476776109301026335255535122
-3476776109301026335255535122 -3476776109301026335255535121
-3476776109301026335255535122 -3476776109301026335255535121
17959427169701801171226446 17959427169701801171226447
3476776109301026335255535121 3476776109301026335255535122
-3476776109301026335255535122 -3476776109301026335255535121
3476776109301026335255535121 3476776109301026335255535122
102133141801799030301945164 102133141801799030303130484
2575146372990033132317414216 2575146372990033132319475123
435721959977720112776728606 435721959977720112778741873
-3476776109301011141708854385 -3476776109301011141708247032
3476776109301026335255535121 3476776109301026335255535122
3476776109301026335255535121 3476776109301026335255535122
-3476776109301026335255535122 -3476776109301026335255535121
-3476776109301026335255535122 -3476776109301026335255535121
3476776109301026335255535121 3476776109301026335255535122
3476776109301026335255535121 3476776109301026335255535122
-18403020367930147322302587 -18403020367930147322302586
3476776109301026335255535121 3476776109301026335255535122
3476776109301026335255535121 3476776109301026335255535122
3476776109301026335255535121 3476776109301026335255535122
3476776109301026335255535121 3476776109301026335255535122
1558601857842678641672786399 1558601857842678641673583555
-970315666880093624953434786 -970315666880093624949959677
-750008876218484801058713030 -750008876218484801055914614
595440863711268778738387567 595440863711268778738949088
3476776109301026335255535121 3476776109301026335255535122
-3476776109301026335255535122 -3476776109301026335255535121
3476776109301026335255535121 3476776109301026335255535122
-3476776109301026335255535122 -3476776109301026335255535121
-3476776109301026335255535122 -3476776109301026335255535121
3476776109301026335255535121 3476776109301026335255535122
38303527133573079261130175 38303527133573079261130176
2459812720965345063276125171 2459812720965345063277294771
-1491701338924084004579697314 -1491701338924084004574889452
-1723868746105597785989075605 -1723868746105597785986720412
-1184322952085397354417227415 -1184322952085397354416258236
-3476776109301026335255535122 -3476776109301026335255535121
3476776109301026335255535121 3476776109301026335255535122
-3476776109301026335255535122 -3476776109301026335255535121
-3476776109300995554142190741 -3476776109300995554139454158
1935700303360978564599622860 1935700303360978564599622861
3476776109301026335255535121 3476776109301026335255535122
-3476776109301026335255535122 -3476776109301026335255535121
2371146544154131708941641688 2371146544154131708944068704
3476776109301026335255535121 3476776109301026335255535122
1266793818220228472118170173 1266793818220228472122471248
-74427641502706193229380469 -74427641502706193223312930
3476776109301026335255535121 3476776109301026335255535122
3476776109301026335255535121 3476776109301026335255535122
3476776109301026335255535121 3476776109301026335255535122
3476776109301026335255535121 3476776109301026335255535122
3476776109301026335255535121 3476776109301026335255535122
3476776109301026335255535121 3476776109301026335255535122
3476776109301026335255535121 3476776109301026335255535122
-646589275525944589828228618 -646589275525944589824972824
-3466791265962266062999064094 -3466791265962266062996210437
2454474913080909461389384804 2454474913080909461389384805
3476776109301026335255535121 3476776109301026335255535122
3476776109301006834543199058 3476776109301006834549921319
3476776109301026335255535121 3476776109301026335255535122
3476776109301026335255535121 3476776109301026335255535122
3476776109301026335255535121 3476776109301026335255535122
3476776109301026335255535121 3476776109301026335255535122
3476776109301026335255535121 3476776109301026335255535122
-3476776109301026335255535122 -3476776109301026335255535121
-3476776109301026335255535122 -3476776109301026335255535121
153078091396424590088533551 153078091396424590088533552
-3476776109301026335255535122 -3476776109301026335255535121
-2763725458230675154958505214 -2763725458230675154958505213
-393719952541146757897032668 -393719952541146757895030379
3476776109301026335255535121 3476776109301026335255535122
3476776109301026335255535121 3476776109301026335255535122
3476776109301026335255535121 3476776109301026335255535122
-3476776109301158422279827914 -3476776109301158422266276420
3476776109301026335255535121 3476776109301026335255535122
3476776109301026335255535121 3476776109301026335255535122
3476776109301026335255535121 3476776109301026335255535122
3476776109301026335255535121 3476776109301026335255535122
3476776109301026335255535121 3476776109301026335255535122
3476776109301026335255535121 3476776109301026335255535122
3476776109301026335255535121 3476776109301026335255535122
3476776109301026335255535121 3476776109301026335255535122
3476776109301026335255535121 3476776109301026335255535122
2837214566225472027055966358 2837214566225472027055966359
-745103549711288258069644412 -745103549711288258068516904
3476776109301026335255535121 3476776109301026335255535122
3405939760927776609409333792 3405939760927776609411412243
3050428295312313170250081010 3050428295312313170253511065
-3026952774106047050897147098 -3026952774106047050895972015
3476776109301026335255535121 3476776109301026335255535122
3476776109301026335255535121 3476776109301026335255535122
3476776109301026335255535121 3476776109301026335255535122
-1242412297832674559468460888 -1242412297832674559468460887
3476776109301026335255535121 3476776109301026335255535122
3476776109301026335255535121 3476776109301026335255535122
3476776109301026335255535121 3476776109301026335255535122
3476776109301026335255535121 3476776109301026335255535122
3476776109301026335255535121 3476776109301026335255535122
3476776109301026335255535121 3476776109301026335255535122
178230840531732496918630988 178230840531732496919063472
2868935943796387898955341028 2868935943796387898955341029
3476776109300965365603880174 3476776109300965365604366126
944533538642145615974627328 944533538642145615978897745
-3476776109300886308248453600 -3476776109300886308244741581
-3476776109301026335255535122 -3476776109301026335255535121
3476776109301026335255535121 3476776109301026335255535122
-3476776109301026335255535122 -3476776109301026335255535121
3476776109301026335255535121 3476776109301026335255535122
3476776109301026335255535121 3476776109301026335255535122
3476776109301026335255535121 3476776109301026335255535122
1131486631645554597395443865 1131486631645554597395443866
3476776109301026335255535121 3476776109301026335255535122
3476776109301026335255535121 3476776109301026335255535122
3476776109301026335255535121 3476776109301026335255535122
-317688371938207912778835912 -317688371938207912778362693
-3476776109301055252424804764 -3476776109301055252423489259
-2526282188069918993051348129 -2526282188069918993051348128
-3476776109301026335255535122 -3476776109301026335255535121
3476776109301014740629097351 3476776109301014740632607994
3476776109301026335255535121 3476776109301026335255535122
3476776109301026335255535121 3476776109301026335255535122
3476776109301026335255535121 3476776109301026335255535122
3476776109301026335255535121 3476776109301026335255535122
3476776109301026335255535121 3476776109301026335255535122
3476776109301026335255535121 3476776109301026335255535122
3476776109301026335255535121 3476776109301026335255535122
3476776109301026335255535121 3476776109301026335255535122
3476776109301026335255535121 3476776109301026335255535122
3476776109301026335255535121 3476776109301026335255535122
1243289349549562399805405797 1243289349549562399807769581
-3336563442679955653931388302 -3336563442679955653916703864
-3476776109301026335255535122 -3476776109301026335255535121
-3476776109301026335255535122 -3476776109301026335255535121
367844534945807705883296062 367844534945807705897497380
3476776109301026335255535121 3476776109301026335255535122
3476776109301026335255535121 3476776109301026335255535122
3476776109301026335255535121 3476776109301026335255535122
3476776109301026335255535121 3476776109301026335255535122
3476776109301026335255535121 3476776109301026335255535122
3476776109301026335255535121 3476776109301026335255535122
3476776109301026335255535121 3476776109301026335255535122
3476776109301026335255535121 3476776109301026335255535122
3476776109301026335255535121 3476776109301026335255535122
3476776109301026335255535121 3476776109301026335255535122
-488400789213411749163512396 -488400789213411749162663709
-3476776109301040160776153514 -3476776109301040160774516416
3476776109301050482908226940 3476776109301050482909597649
3476776109301095477968544022 3476776109301095477969197461
1991542253301461038894131687 1991542253301461038894505470
955996823558339439758386400 955996823558339439758386401
130415067685075029720263279 130415067685075029720263280
3476776109301026335255535121 3476776109301026335255535122
3476776109301026335255535121 3476776109301026335255535122
-3476776109301026335255535122 -3476776109301026335255535121
-3476776109301026335255535122 -3476776109301026335255535121
-3476776109301026335255535122 -3476776109301026335255535121
-2322919595711100048208888192 -2322919595711100048208888191
-3476776109301026335255535122 -3476776109301026335255535121
3476776109301026335255535121 3476776109301026335255535122
670452345812708548927237134 670452345812708548929708375
-3476776109301173999612776867 -3476776109301173999600128917
-2952508799296893894898735777 -2952508799296893894896552602
2250859432059607855010822898 2250859432059607855011477208
1601463504605412068088411938 1601463504605412068105335571
-3476776109301026335255535122 -3476776109301026335255535121
3476776109301026335255535121 3476776109301026335255535122
3476776109301026335255535121 3476776109301026335255535122
-1738388054650511310717708633 -1738388054650511310717708632
216307217160287459247100138 216307217160287459247100139
3476776109301026335255535121 3476776109301026335255535122
3476776109301026335255535121 3476776109301026335255535122
-3476776109301026335255535122 -3476776109301026335255535121
-3476776109301026335255535122 -3476776109301026335255535121
3476776109301026335255535121 3476776109301026335255535122
685196373855378198147165242 685196373855378198149243179
-3115845118726182462417915323 -3115845118726182462414849897
-492518991854324229214466855 -492518991854324229205583314
-264897856289964684178025840 -264897856289964684168541370
3476776109300930646078228016 3476776109300930646081383159
-3476776109301026335255535122 -3476776109301026335255535121
3476776109301026335255535121 3476776109301026335255535122
316865624000241123534056691 316865624000241123534056692
-3476776109301026335255535122 -3476776109301026335255535121
2772100690831209859691670635 2772100690831209859691670636
-3476776109301026335255535122 -3476776109301026335255535121
-3476776109301026335255535122 -3476776109301026335255535121
3476776109301310684177365933 3476776109301310684185682922
-3476776109301026335255535122 -3476776109301026335255535121
-1341539751648600465986511080 -1341539751648600465986511079
226850220396827178500064255 226850220396827178500952204
1585009714951800087346851106 1585009714951800087358564061
2674773381665138111110620721 2674773381665138111115816470
-3476776109301104095534181966 -3476776109301104095528801517
699826468066850486549962694 699826468066850486560152294
3476776109301026335255535121 3476776109301026335255535122
3476776109301026335255535121 3476776109301026335255535122
3476776109301026335255535121 3476776109301026335255535122
3476776109301026335255535121 3476776109301026335255535122
3476776109301026335255535121 3476776109301026335255535122
3476776109301026335255535121 3476776109301026335255535122
3476776109301026335255535121 3476776109301026335255535122
2101026786869321943458597575 2101026786869321943458597576
3476776109301026335255535121 3476776109301026335255535122
3476776109301026335255535121 3476776109301026335255535122
-1999751325809635055763048981 -1999751325809635055761091976
3476776109301026335255535121 3476776109301026335255535122
3476776109301007610239727060 3476776109301007610239879991
3476776109301026335255535121 3476776109301026335255535122
3476776109301019135773857899 3476776109301019135780895156
3476776109301026335255535121 3476776109301026335255535122
3476776109301026335255535121 3476776109301026335255535122
-3476776109301026335255535122 -3476776109301026335255535121
-3476776109301026335255535122 -3476776109301026335255535121
3476776109301026335255535121 3476776109301026335255535122
3476776109301026335255535121 3476776109301026335255535122
-3476776109301026335255535122 -3476776109301026335255535121
499373411047293362654026783 499373411047293362654450902
-3476776109301026335255535122 -3476776109301026335255535121
3476776109301026335255535121 3476776109301026335255535122
-3476776109301026347520931837 -3476776109301026347520402355
-245957559297422794820148125 -245957559297422794817000754
3476776109300962239723081397 3476776109300962239723449516
3476776109301026335255535121 3476776109301026335255535122
3476776109301026335255535121 3476776109301026335255535122
3476776109301026335255535121 3476776109301026335255535122
3476776109301026335255535121 3476776109301026335255535122
3476776109301026335255535121 3476776109301026335255535122
3476776109301026335255535121 3476776109301026335255535122
3476776109301026335255535121 3476776109301026335255535122
3476776109301026335255535121 3476776109301026335255535122
458755383596687869268849019 458755383596687869268849020
2582512471628612722476156753 2582512471628612722476156754
3476776109301026335255535121 3476776109301026335255535122
3476776109301026335255535121 3476776109301026335255535122
1811863103272637776033306 1811863103272637776933481
-3334642857323406112889747261 -3334642857323406112889643041
-2653514448515794606621491260 -2653514448515794606620746005
2558661911029902339180402585 2558661911029902339181295171
3476776109301023235444335552 3476776109301023235444373498
-3476776109301026335255535122 -3476776109301026335255535121
3476776109301026335255535121 3476776109301026335255535122
3476776109301026335255535121 3476776109301026335255535122
-3476776109301026335255535122 -3476776109301026335255535121
3476776109301026335255535121 3476776109301026335255535122
3476776109301026335255535121 3476776109301026335255535122
3476776109301026335255535121 3476776109301026335255535122
-3476776109301026335255535122 -3476776109301026335255535121
-2372040542762792779208875400 -2372040542762792779208875399
-3476776109301026335255535122 -3476776109301026335255535121
2308637056304814720185153910 2308637056304814720185325850
466454185336417441168999023 466454185336417441170390370
3476776109301026335255535121 3476776109301026335255535122
-3476776109301026335255535122 -3476776109301026335255535121
-3476776109301034716352861141 -3476776109301034716350163191
3476776109301026335255535121 3476776109301026335255535122
3476776109301026335255535121 3476776109301026335255535122
3476776109301026335255535121 3476776109301026335255535122
-3476776109301026335255535122 -3476776109301026335255535121
3476776109301026335255535121 3476776109301026335255535122
-3476776109301026335255535122 -3476776109301026335255535121
3476776109301026335255535121 3476776109301026335255535122
3476776109301026335255535121 3476776109301026335255535122
3476776109301026335255535121 3476776109301026335255535122
3402046550449198074774005218 3402046550449198074774005219
-3231157694002433500628045266 -3231157694002433500626493099
1608827274020082832138438577 1608827274020082832138438578
3012076008225853982180299803 3012076008225853982182286318
183945352854072562822242997 183945352854072562822242998
3476776109300977763652605610 3476776109300977763656857889
3476776109301026335255535121 3476776109301026335255535122
3476776109301026335255535121 3476776109301026335255535122
3476776109301026335255535121 3476776109301026335255535122
3476776109301026335255535121 3476776109301026335255535122
3476776109301026335255535121 3476776109301026335255535122
3476776109301026335255535121 3476776109301026335255535122
3476776109301026335255535121 3476776109301026335255535122
3476776109301039917533012403 3476776109301039917541451018
3476776109301026335255535121 3476776109301026335255535122
1412467158398250479737779217 1412467158398250479737779218
-1648283185954333882200718647 -1648283185954333882199953936
3476776109301026335255535121 3476776109301026335255535122
3476776109301080329957971750 3476776109301080329976152643
3476776109301026335255535121 3476776109301026335255535122
-3476776109301014624443430771 -3476776109301014624437996943
3476776109301026335255535121 3476776109301026335255535122
3476776109301026335255535121 3476776109301026335255535122
3476776109301026335255535121 3476776109301026335255535122
3476776109301026335255535121 3476776109301026335255535122
3476776109301026335255535121 3476776109301026335255535122
3476776109301026335255535121 3476776109301026335255535122
3476776109301026335255535121 3476776109301026335255535122
1314639753383218482875982341 1314639753383218482880216008
2723778418530769357944049509 2723778418530769357944049510
3476776109301026335255535121 3476776109301026335255535122
-3476776109301030291920524781 -3476776109301030291920081563
3476776109300992795953094721 3476776109300992795954625342
3476776109301026335255535121 3476776109301026335255535122
3476776109301026335255535121 3476776109301026335255535122
3476776109301026335255535121 3476776109301026335255535122
3476776109301026335255535121 3476776109301026335255535122
3476776109301026335255535121 3476776109301026335255535122
3476776109301026335255535121 3476776109301026335255535122
3476776109301026335255535121 3476776109301026335255535122
3476776109301026335255535121 3476776109301026335255535122
3476776109301026335255535121 3476776109301026335255535122
3476776109301026335255535121 3476776109301026335255535122
-2198624710009777502749868064 -2198624710009777502749868063
3476776109301026335255535121 3476776109301026335255535122
3476776109301026335255535121 3476776109301026335255535122
-673790786827455562130047910 -673790786827455562129906062
-430138733537298899612416803 -430138733537298899609051279
-1461728280905108154530304554 -1461728280905108154527493846
3476776109301026335255535121 3476776109301026335255535122
-2777678523793009189959852598 -2777678523793009189959832362
3476776109301026335255535121 3476776109301026335255535122
3476776109301026335255535121 3476776109301026335255535122
3476776109301026335255535121 3476776109301026335255535122
3476776109301026335255535121 3476776109301026335255535122
3476776109301026335255535121 3476776109301026335255535122
3476776109301026335255535121 3476776109301026335255535122
3476776109301026335255535121 3476776109301026335255535122
-810376138639060748980663993 -810376138639060748977431079
3476776109301026335255535121 3476776109301026335255535122
3476776109301026335255535121 3476776109301026335255535122
-1366827452033464868912663511 -1366827452033464868912286416
2191596657681126433502340609 2191596657681126433506206876
3476776109301026335255535121 3476776109301026335255535122
3476776109301008321430320214 3476776109301008321430350409
-3476776109301026335255535122 -3476776109301026335255535121
3476776109301026335255535121 3476776109301026335255535122
3476776109301026335255535121 3476776109301026335255535122
3476776109301026335255535121 3476776109301026335255535122
3476776109301026335255535121 3476776109301026335255535122
-3476776109301026335255535122 -3476776109301026335255535121
1798368968274382754650835506 1798368968274382754650835507
-1718303915821993699535367067 -1718303915821993699534025884
3476776109301026335255535121 3476776109301026335255535122
3476776109300913988874912824 3476776109300913988880147054
3476776109300981595031360845 3476776109300981595031783110
-65371670934628038429609383 -65371670934628038429609382
3476776109301026335255535121 3476776109301026335255535122
3476776109301026335255535121 3476776109301026335255535122
3476776109301026335255535121 3476776109301026335255535122
3476776109301026335255535121 3476776109301026335255535122
2964754478180965281578655033 2964754478180965281578655034
3476776109301026335255535121 3476776109301026335255535122
3476776109301026335255535121 3476776109301026335255535122
3476776109301026335255535121 3476776109301026335255535122
3476776109301026335255535121 3476776109301026335255535122
3476776109301026335255535121 3476776109301026335255535122
-562317493902905264066466136 -562317493902905264065636898
2564707381108371865647870064 2564707381108371865649943050
2662578017520720368172455017 2662578017520720368174202252
990024159843867586733795514 990024159843867586737305220
-1465488494494507710881833882 -1465488494494507710879195587
3476776109301026335255535121 3476776109301026335255535122
3476776109301026335255535121 3476776109301026335255535122
3476776109301026335255535121 3476776109301026335255535122
3476776109301026335255535121 3476776109301026335255535122
3476776109301026335255535121 3476776109301026335255535122
3476776109301026335255535121 3476776109301026335255535122
3476776109301026335255535121 3476776109301026335255535122
3476776109301026335255535121 3476776109301026335255535122
3476776109301026335255535121 3476776109301026335255535122
3476776109301026335255535121 3476776109301026335255535122
3476776109301015775708040434 3476776109301015775710559925
3476776109301043100967189198 3476776109301043100982363379
-3176913046264121979633522394 -3176913046264121979633522393
-2513177864287805373724864688 -2513177864287805373724864687
3476776109301026335255535121 3476776109301026335255535122
-3476776109301026335255535122 -3476776109301026335255535121
3476776109301026335255535121 3476776109301026335255535122
3476776109301026335255535121 3476776109301026335255535122
3476776109301026335255535121 3476776109301026335255535122
-3476776109301026335255535122 -3476776109301026335255535121
3476776109301026335255535121 3476776109301026335255535122
792257908431131160533911158 792257908431131160534982854
873890604103407351831818299 873890604103407351842028845
-1149645087625547678283071903 -1149645087625547678282083238
1666452702267093974807736337 1666452702267093974809861297
-3476776109301026335255535122 -3476776109301026335255535121
3476776109301026335255535121 3476776109301026335255535122
3476776109301026335255535121 3476776109301026335255535122
3476776109301026335255535121 3476776109301026335255535122
3476776109301026335255535121 3476776109301026335255535122
3476776109301026335255535121 3476776109301026335255535122
3476776109301026335255535121 3476776109301026335255535122
3476776109301026335255535121 3476776109301026335255535122
3476776109301026335255535121 3476776109301026335255535122
3476776109301026335255535121 3476776109301026335255535122
3476776109301026335255535121 3476776109301026335255535122
-361208341771834197571514965 -361208341771834197569034303
3476776109301026335255535121 3476776109301026335255535122
3476776109301046730259150715 3476776109301046730262753462
2268860261637126792548266561 2268860261637126792551040138
3476776109301026335255535121 3476776109301026335255535122
3476776109301026335255535121 3476776109301026335255535122
3476776109301026335255535121 3476776109301026335255535122
-881654940164227236991969603 -881654940164227236991969602
3476776109301026335255535121 3476776109301026335255535122
-3476776109301026335255535122 -3476776109301026335255535121
3476776109301026335255535121 3476776109301026335255535122
-1267069960965178915930635140 -1267069960965178915928065435
-1688847468192121846127377877 -1688847468192121846126847380
3476776109300991667748769965 3476776109300991667757146121
3476776109301055650467810720 3476776109301055650470732484
3476776109301026335255535121 3476776109301026335255535122
3476776109301026335255535121 3476776109301026335255535122
3476776109301026335255535121 3476776109301026335255535122
-3129317219244351362914648578 -3129317219244351362907841005
3476776109301026335255535121 3476776109301026335255535122
-3476776109301026335255535122 -3476776109301026335255535121
3476776109301026335255535121 3476776109301026335255535122
-1403930452393640228207183523 -1403930452393640228201814587
654418301683170311527995374 654418301683170311534986926
-1420528194277527656957547142 -1420528194277527656944631858
2456215228285991339600270881 2456215228285991339600270882
3476776109300873031479123153 3476776109300873031480548754
3476776109301026335255535121 3476776109301026335255535122
3476776109301026335255535121 3476776109301026335255535122
3476776109301026335255535121 3476776109301026335255535122
3476776109301026335255535121 3476776109301026335255535122
3476776109301026335255535121 3476776109301026335255535122
3476776109301026335255535121 3476776109301026335255535122
3476776109301026335255535121 3476776109301026335255535122
3476776109301026335255535121 3476776109301026335255535122
3476776109301026335255535121 3476776109301026335255535122
2268551200468186819976307299 2268551200468186819976307300
-1356759417742036875180248835 -1356759417742036875177508604
2647816410678540457560689699 2647816410678540457562849955
3476776109300958307650588563 3476776109300958307655306191
3476776109301026335255535121 3476776109301026335255535122
-1442208949176147098971180287 -1442208949176147098968568557
3476776109301026335255535121 3476776109301026335255535122
3476776109301026335255535121 3476776109301026335255535122
3476776109301026335255535121 3476776109301026335255535122
3476776109301026335255535121 3476776109301026335255535122
3476776109301026335255535121 3476776109301026335255535122
3476776109301026335255535121 3476776109301026335255535122
3476776109301026335255535121 3476776109301026335255535122
3476776109301026335255535121 3476776109301026335255535122
3476776109301026335255535121 3476776109301026335255535122
3476776109301026335255535121 3476776109301026335255535122
133187322350657685585689206 133187322350657685596056506
3476776109300804263381182932 3476776109300804263413546416
1422881653427077078382366481 1422881653427077078397564876
3476776109300702038641082399 3476776109300702038666062156
3476776109301026335255535121 3476776109301026335255535122
-621899684944242700930258081 -621899684944242700930258080
-3476776109301026335255535122 -3476776109301026335255535121
-3476776109301026335255535122 -3476776109301026335255535121
-3476776109301026335255535122 -3476776109301026335255535121
3363350571684894110602872576 3363350571684894110602872577
-3476776109301026335255535122 -3476776109301026335255535121
-356718014349349976398423084 -356718014349349976398179984
3120260085994279267050495387 3120260085994279267065549891
2394506869071287820415882989 2394506869071287820428654383
-1341071371290737310943424562 -1341071371290737310938639752
3476776109301026335255535121 3476776109301026335255535122
3476776109301026335255535121 3476776109301026335255535122
3476776109301026335255535121 3476776109301026335255535122
3476776109301026335255535121 3476776109301026335255535122
3476776109301026335255535121 3476776109301026335255535122
3476776109301026335255535121 3476776109301026335255535122
3476776109301026335255535121 3476776109301026335255535122
-3476776109301026335255535122 -3476776109301026335255535121
3476776109301026335255535121 3476776109301026335255535122
3476776109301026335255535121 3476776109301026335255535122
3476776109301026335255535121 3476776109301026335255535122
-651611534404112442688078919 -651611534404112442686263345
3476776109301026335255535121 3476776109301026335255535122
3117282677736670488460116675 3117282677736670488460519128
3476776109301063862452519277 3476776109301063862457627034
-3455520504640238189242699321 -3455520504640238189240569071
-3476776109301026335255535122 -3476776109301026335255535121
3476776109301026335255535121 3476776109301026335255535122
-3476776109301026335255535122 -3476776109301026335255535121
3476776109301026335255535121 3476776109301026335255535122
-2601414238806812744947765813 -2601414238806812744947765812
3476776109301026335255535121 3476776109301026335255535122
-93939777709456476197183361 -93939777709456476194616974
-3476776109301026335255535122 -3476776109301026335255535121
-3476776109300989902359121773 -3476776109300989902355176972
3476776109301026335255535121 3476776109301026335255535122
3476776109301026335255535121 3476776109301026335255535122
3476776109301026335255535121 3476776109301026335255535122
3476776109301026335255535121 3476776109301026335255535122
3476776109301026335255535121 3476776109301026335255535122
3476776109301026335255535121 3476776109301026335255535122
3476776109301026335255535121 3476776109301026335255535122
3476776109301026335255535121 3476776109301026335255535122
-942192674223022941771752196 -942192674223022941768146483
965204429407015423709263526 965204429407015423729316752
-3476776109301026335255535122 -3476776109301026335255535121
3476776109301026335255535121 3476776109301026335255535122
3476776109301026335255535121 3476776109301026335255535122
3476776109301026335255535121 3476776109301026335255535122
3476776109301026335255535121 3476776109301026335255535122
3476776109301026335255535121 3476776109301026335255535122
3476776109301026335255535121 3476776109301026335255535122
3476776109301026335255535121 3476776109301026335255535122
3476776109301026335255535121 3476776109301026335255535122
3476776109301026335255535121 3476776109301026335255535122
3476776109301026335255535121 3476776109301026335255535122
3476776109301026335255535121 3476776109301026335255535122
3476776109301026335255535121 3476776109301026335255535122
-517128247169598777374373258 -517128247169598777373584767
3476776109301026335255535121 3476776109301026335255535122
3476776109301012563677234928 3476776109301012563678629403
1483495809698786108680141206 1483495809698786108683131559
1771044902901488005479827783 1771044902901488005480823278
3476776109301026335255535121 3476776109301026335255535122
3476776109301026335255535121 3476776109301026335255535122
3476776109301026335255535121 3476776109301026335255535122
3476776109301026335255535121 3476776109301026335255535122
-3476776109301026335255535122 -3476776109301026335255535121
3476776109301026335255535121 3476776109301026335255535122
3476776109301026335255535121 3476776109301026335255535122
3476776109301026335255535121 3476776109301026335255535122
3476776109301026335255535121 3476776109301026335255535122
3476776109301026335255535121 3476776109301026335255535122
1561863420523765981755850559 1561863420523765981761347127
3476776109301026335255535121 3476776109301026335255535122
-3476776109301026335255535122 -3476776109301026335255535121
3476776109301210806135361453 3476776109301210806146834787
-3476776109301026335255535122 -3476776109301026335255535121
1107080304361036587476598737 1107080304361036587476598738
-3476776109301026335255535122 -3476776109301026335255535121
3476776109301026335255535121 3476776109301026335255535122
3476776109301026335255535121 3476776109301026335255535122
3476776109301026335255535121 3476776109301026335255535122
-3476776109301026335255535122 -3476776109301026335255535121
-947361083307108765352589421 -947361083307108765351564660
3476776109301026335255535121 3476776109301026335255535122
1090363194669685257540570625 1090363194669685257544709236
2777662224249926032062426799 2777662224249926032069486912
3476776109301026335255535121 3476776109301026335255535122
3476776109301026335255535121 3476776109301026335255535122
3476776109301026335255535121 3476776109301026335255535122
3476776109301026335255535121 3476776109301026335255535122
3476776109301026335255535121 3476776109301026335255535122
3476776109301026335255535121 3476776109301026335255535122
3476776109301026335255535121 3476776109301026335255535122
-1165469523266422549340991061 -1165469523266422549340991060
3476776109301026335255535121 3476776109301026335255535122
3476776109301026335255535121 3476776109301026335255535122
3476776109301026335255535121 3476776109301026335255535122
1482119759042305294730238933 1482119759042305294730749531
661695527712048013891115772 661695527712048013891793146
-3476776109301047408825680964 -3476776109301047408825473121
3476776109301026396060010827 3476776109301026396060343581
3476776109301026335255535121 3476776109301026335255535122
-3476776109301026335255535122 -3476776109301026335255535121
3476776109301026335255535121 3476776109301026335255535122
0 0
3476776109301026335255535121 3476776109301026335255535122
1136484648905011570905886032 1136484648905011570905886033
-3476776109301026335255535122 -3476776109301026335255535121
1178957338191623415727225684 1178957338191623415728322460
3476776109301026335255535121 3476776109301026335255535122
3476776109301026335255535121 3476776109301026335255535122
3476776109301026335255535121 3476776109301026335255535122
-3476776109301026335255535122 -3476776109301026335255535121
3476776109301026335255535121 3476776109301026335255535122
3476776109301026335255535121 3476776109301026335255535122
3476776109301026335255535121 3476776109301026335255535122
3476776109301026335255535121 3476776109301026335255535122
3374174781442936273763715046 3374174781442936273763715047
-3476776109301026335255535122 -3476776109301026335255535121
-3476776109301026335255535122 -3476776109301026335255535121
3476776109301026335255535121 3476776109301026335255535122
-3476776109301026335255535122 -3476776109301026335255535121
3476776109301026335255535121 3476776109301026335255535122
-625095286620866898962554041 -625095286620866898962034470
3476776109301026335255535121 3476776109301026335255535122
51485645845210043425160315 51485645845210043425160316
1580821604378720791081532432 1580821604378720791081532433
3476776109301026335255535121 3476776109301026335255535122
3476776109301026335255535121 3476776109301026335255535122
3476776109301026335255535121 3476776109301026335255535122
3476776109301026335255535121 3476776109301026335255535122
3476776109301026335255535121 3476776109301026335255535122
3476776109301026335255535121 3476776109301026335255535122
3476776109301026335255535121 3476776109301026335255535122
3476776109301026335255535121 3476776109301026335255535122
3476776109301046813151073055 3476776109301046813155153346
-3476776109301026335255535122 -3476776109301026335255535121
3476776109301026335255535121 3476776109301026335255535122
-164463898366250500384643257 -164463898366250500382877173
3332622438098272105064585825 3332622438098272105068005727
2051235282860878787337795603 2051235282860878787339854545
3476776109301026335255535121 3476776109301026335255535122
-504987760784297408918582539 -504987760784297408913903313
3476776109301026335255535121 3476776109301026335255535122
3476776109301026335255535121 3476776109301026335255535122
3476776109301026335255535121 3476776109301026335255535122
3476776109301026335255535121 3476776109301026335255535122
3476776109301026335255535121 3476776109301026335255535122
3476776109301026335255535121 3476776109301026335255535122
3476776109301026335255535121 3476776109301026335255535122
-3367099529483198098538645588 -3367099529483198098536440448
3476776109301026335255535121 3476776109301026335255535122
3476776109301026335255535121 3476776109301026335255535122
-3476776109301005241634718878 -3476776109301005241632580141
3476776109301026335255535121 3476776109301026335255535122
2094553504585691353695978786 2094553504585691353701137491
2818847371471150564561258773 2818847371471150564561258774
-1008229775863119392501304842 -1008229775863119392501304841
3476776109301026335255535121 3476776109301026335255535122
3476776109301026335255535121 3476776109301026335255535122
3476776109301026335255535121 3476776109301026335255535122
3476776109301026335255535121 3476776109301026335255535122
3476776109301026335255535121 3476776109301026335255535122
3476776109301026335255535121 3476776109301026335255535122
3476776109301026335255535121 3476776109301026335255535122
3476776109301026335255535121 3476776109301026335255535122
3476776109301026335255535121 3476776109301026335255535122
3476776109301026335255535121 3476776109301026335255535122
-3476776109301035706007664290 -3476776109301035706007189722
3476776109301026335255535121 3476776109301026335255535122
3476776109301026335255535121 3476776109301026335255535122
328320103500944947857810969 328320103500944947857810970
3476776109301026335255535121 3476776109301026335255535122
3476776109301026335255535121 3476776109301026335255535122
3476776109301026335255535121 3476776109301026335255535122
3476776109301026335255535121 3476776109301026335255535122
3476776109301026335255535121 3476776109301026335255535122
3476776109301026335255535121 3476776109301026335255535122
3476776109301026335255535121 3476776109301026335255535122
3476776109301026335255535121 3476776109301026335255535122
3476776109301026335255535121 3476776109301026335255535122
3476776109301026335255535121 3476776109301026335255535122
3476776109301026335255535121 3476776109301026335255535122
-3476776109301006647338611869 -3476776109301006647335013514
3476776109301026335255535121 3476776109301026335255535122
3476776109301026335255535121 3476776109301026335255535122
3354746151356929405559218342 3354746151356929405559218343
3476776109300953061502336142 3476776109300953061512359050
3476776109301026335255535121 3476776109301026335255535122
3476776109301026335255535121 3476776109301026335255535122
3476776109301026335255535121 3476776109301026335255535122
3476776109301026335255535121 3476776109301026335255535122
-2206203689087825631400359198 -2206203689087825631400359197
3476776109301026335255535121 3476776109301026335255535122
805504468351525793219420235 805504468351525793219420236
3476776109301026335255535121 3476776109301026335255535122
-2536502035415247804487600783 -2536502035415247804487600782
3476776109301026335255535121 3476776109301026335255535122
372908418232876648320224994 372908418232876648325040642
3476776109301026335255535121 3476776109301026335255535122
3476776109300987866173038473 3476776109300987866185752070
3476776109301026335255535121 3476776109301026335255535122
-2767483643165100609699025254 -2767483643165100609691844852
3476776109301026335255535121 3476776109301026335255535122
3476776109301026335255535121 3476776109301026335255535122
3476776109301026335255535121 3476776109301026335255535122
3476776109301026335255535121 3476776109301026335255535122
-3476776109301026335255535122 -3476776109301026335255535121
3476776109301026335255535121 3476776109301026335255535122
3476776109301026335255535121 3476776109301026335255535122
-2334825207072749689065339370 -2334825207072749689063996375
3476776109301026335255535121 3476776109301026335255535122
3476776109301026335255535121 3476776109301026335255535122
-1373399921556360415447965613 -1373399921556360415440418630
3476776109301026335255535121 3476776109301026335255535122
-1249987785173584123545428148 -1249987785173584123545428147
3476776109301026335255535121 3476776109301026335255535122
3476776109301161049269972478 3476776109301161049276128655
3476776109301026335255535121 3476776109301026335255535122
3476776109301026335255535121 3476776109301026335255535122
-3476776109301026335255535122 -3476776109301026335255535121
3476776109301026335255535121 3476776109301026335255535122
3476776109301026335255535121 3476776109301026335255535122
-3476776109301026335255535122 -3476776109301026335255535121
3476776109301026335255535121 3476776109301026335255535122
3006138746701455862179154946 3006138746701455862188079355
-3476776109301026335255535122 -3476776109301026335255535121
-3476776109301026335255535122 -3476776109301026335255535121
2948842734063537919662876824 2948842734063537919664966065
3095384760648934119544354733 3095384760648934119545611970
-3476776109301054399939801512 -3476776109301054399939319819
-3015952469006974803880423201 -3015952469006974803880423200
-3100373877110263379639583880 -3100373877110263379639254533
3476776109301026335255535121 3476776109301026335255535122
3476776109301026335255535121 3476776109301026335255535122
3476776109301026335255535121 3476776109301026335255535122
3476776109301026335255535121 3476776109301026335255535122
973780398528406875143830643 973780398528406875143830644
3476776109301026335255535121 3476776109301026335255535122
3476776109301026335255535121 3476776109301026335255535122
3476776109300944792357764286 3476776109300944792358396299
3476776109301026335255535121 3476776109301026335255535122
3476776109301026335255535121 3476776109301026335255535122
3476776109300990779165200591 3476776109300990779167216709
3476776109301026335255535121 3476776109301026335255535122
-2534327948003456477959640715 -2534327948003456477959640714
-3476776109301026335255535122 -3476776109301026335255535121
3476776109301026335255535121 3476776109301026335255535122
1888063445912635784187402263 1888063445912635784187402264
3476776109301026335255535121 3476776109301026335255535122
3476776109301126932627930137 3476776109301126932633061899
3476776109301026335255535121 3476776109301026335255535122
3405102078364559689295820055 3405102078364559689295820056
-3476776109301026335255535122 -3476776109301026335255535121
-3476776109301046743135147176 -3476776109301046743133231790
3476776109301026335255535121 3476776109301026335255535122
3476776109301026335255535121 3476776109301026335255535122
3476776109301026335255535121 3476776109301026335255535122
-3476776109301026335255535122 -3476776109301026335255535121
3476776109301026335255535121 3476776109301026335255535122
3476776109301026335255535121 3476776109301026335255535122
3476776109301026335255535121 3476776109301026335255535122
3476776109301026335255535121 3476776109301026335255535122
3476776109301026335255535121 3476776109301026335255535122
3476776109301026335255535121 3476776109301026335255535122
3476776109301026335255535121 3476776109301026335255535122
257554206517643600245249162 257554206517643600249186902
3476776109301026335255535121 3476776109301026335255535122
3476776109301026335255535121 3476776109301026335255535122
-2411324969882961422608596575 -2411324969882961422608204003
3476776109301026335255535121 3476776109301026335255535122
3476776109301026335255535121 3476776109301026335255535122
3476776109301026335255535121 3476776109301026335255535122
3476776109301026335255535121 3476776109301026335255535122
3476776109301026335255535121 3476776109301026335255535122
-3476776109301026335255535122 -3476776109301026335255535121
3476776109301026335255535121 3476776109301026335255535122
3476776109301026335255535121 3476776109301026335255535122
3476776109301026335255535121 3476776109301026335255535122
-285691773713616429217359448 -285691773713616429217359447
131883677305715696085643843 131883677305715696085643844
-3476776109301011130881082168 -3476776109301011130880672364
3476776109301026335255535121 3476776109301026335255535122
3476776109301026335255535121 3476776109301026335255535122
3476776109301026335255535121 3476776109301026335255535122
3476776109301026335255535121 3476776109301026335255535122
-3476776109301029286252911978 -3476776109301029286250799637
515469554088953795540826872 515469554088953795540826873
-3476776109301026335255535122 -3476776109301026335255535121
3476776109301026335255535121 3476776109301026335255535122
-3476776109301026335255535122 -3476776109301026335255535121
3476776109301026335255535121 3476776109301026335255535122
3476776109301026335255535121 3476776109301026335255535122
-3476776109301026335255535122 -3476776109301026335255535121
3476776109301026335255535121 3476776109301026335255535122
-3476776109301017265009793894 -3476776109301017265005360432
3476776109301026335255535121 3476776109301026335255535122
1189117170827716508262986519 1189117170827716508262986520
-3476776109301026335255535122 -3476776109301026335255535121
3476776109301026335255535121 3476776109301026335255535122
3476776109301026335255535121 3476776109301026335255535122
3476776109301026335255535121 3476776109301026335255535122
3476776109301026335255535121 3476776109301026335255535122
3476776109301026335255535121 3476776109301026335255535122
3476776109301026335255535121 3476776109301026335255535122
3476776109301026335255535121 3476776109301026335255535122
3476776109301026335255535121 3476776109301026335255535122
3476776109301006546492602176 3476776109301006546501286647
3476776109301026335255535121 3476776109301026335255535122
-3476776109301026335255535122 -3476776109301026335255535121
3476776109300958326474948171 3476776109300958326482201789
-3476776109301026335255535122 -3476776109301026335255535121
-3476776109300983305855611916 -3476776109300983305851168454
1365312200385784081151896011 1365312200385784081151896012
3476776109301026335255535121 3476776109301026335255535122
3476776109301026335255535121 3476776109301026335255535122
3476776109301026335255535121 3476776109301026335255535122
-329266758052806240557303924 -329266758052806240557303923
3476776109301026335255535121 3476776109301026335255535122
3476776109301026335255535121 3476776109301026335255535122
3476776109301026335255535121 3476776109301026335255535122
1665864318715721140058996030 1665864318715721140059200710
-3476776109300988305858057215 -3476776109300988305857974067
3476776109301026335255535121 3476776109301026335255535122
3476776109301026335255535121 3476776109301026335255535122
3476776109301026335255535121 3476776109301026335255535122
3476776109301026335255535121 3476776109301026335255535122
-3476776109301026335255535122 -3476776109301026335255535121
1757326501870057836426680769 1757326501870057836428384683
-3476776109301086209705422299 -3476776109301086209700899111
-314196911884701006953275794 -314196911884701006953275793
3476776109301026335255535121 3476776109301026335255535122
3476776109301026335255535121 3476776109301026335255535122
3476776109301026335255535121 3476776109301026335255535122
3476776109301026335255535121 3476776109301026335255535122
102133141801805720821352598 102133141801805720821796370
435721959977703386480143590 435721959977703386480143591
303429495925907414675718590 303429495925907414686962571
3476776109301009608956936838 3476776109301009608958950105
3476776109301026335255535121 3476776109301026335255535122
3476776109301026335255535121 3476776109301026335255535122
3476776109301026335255535121 3476776109301026335255535122
3476776109301026335255535121 3476776109301026335255535122
3476776109301026335255535121 3476776109301026335255535122
3476776109301026335255535121 3476776109301026335255535122
3476776109301026335255535121 3476776109301026335255535122
248086621385922819409738998 248086621385922819411561842
566842601983926290300132184 566842601983926290306470181
3476776109301026335255535121 3476776109301026335255535122
3476776109301026335255535121 3476776109301026335255535122
3476776109301026335255535121 3476776109301026335255535122
3476776109301026335255535121 3476776109301026335255535122
3476776109301026335255535121 3476776109301026335255535122
3476776109301026335255535121 3476776109301026335255535122
3476776109301026335255535121 3476776109301026335255535122
3476776109301026335255535121 3476776109301026335255535122
3476776109301026335255535121 3476776109301026335255535122
1013584612995638146150023195 1013584612995638146151125467
111872201382739954273489194 111872201382739954277473934
3476776109301026335255535121 3476776109301026335255535122
3476776109301026335255535121 3476776109301026335255535122
3476776109301026335255535121 3476776109301026335255535122
3476776109301026335255535121 3476776109301026335255535122
3476776109301026335255535121 3476776109301026335255535122
-749945682490206742734151760 -749945682490206742730471865
-1897157907080839801780395794 -1897157907080839801774061828
-1225397340074076296579659909 -1225397340074076296565942639
3476776109301162660105909040 3476776109301162660106934908
3476776109301026335255535121 3476776109301026335255535122
3476776109301026335255535121 3476776109301026335255535122
3476776109301026335255535121 3476776109301026335255535122
3476776109301026335255535121 3476776109301026335255535122
3476776109301026335255535121 3476776109301026335255535122
3476776109301026335255535121 3476776109301026335255535122
3476776109301026335255535121 3476776109301026335255535122
1748489486654911771904049936 1748489486654911771907528756
-3260471101233075109719388687 -3260471101233075109719388686
-3476776109301045964633274700 -3476776109301045964628455241
959776683073672037400349532 959776683073672037403941413
3476776109301026335255535121 3476776109301026335255535122
-3476776109301026335255535122 -3476776109301026335255535121
3476776109301026335255535121 3476776109301026335255535122
3476776109301026335255535121 3476776109301026335255535122
3476776109301026335255535121 3476776109301026335255535122
3476776109301026335255535121 3476776109301026335255535122
3476776109301026335255535121 3476776109301026335255535122
302707366295474692776928712 302707366295474692778188185
514150364466698379066887327 514150364466698379074802475
3476776109301026335255535121 3476776109301026335255535122
-3476776109301026335255535122 -3476776109301026335255535121
3476776109301026335255535121 3476776109301026335255535122
3476776109301026335255535121 3476776109301026335255535122
3476776109301026335255535121 3476776109301026335255535122
3476776109301026335255535121 3476776109301026335255535122
3476776109301026335255535121 3476776109301026335255535122
3476776109301026335255535121 3476776109301026335255535122
-3476776109301026335255535122 -3476776109301026335255535121
-1657328816554740585089588445 -1657328816554740585088432940
3476776109301026335255535121 3476776109301026335255535122
3476776109301026335255535121 3476776109301026335255535122
3476776109301026335255535121 3476776109301026335255535122
3476776109301026335255535121 3476776109301026335255535122
3476776109301026335255535121 3476776109301026335255535122
3476776109301026335255535121 3476776109301026335255535122
3476776109301026335255535121 3476776109301026335255535122
3476776109301026335255535121 3476776109301026335255535122
3476776109301026335255535121 3476776109301026335255535122
3476776109301026335255535121 3476776109301026335255535122
-1552954876124940613389294684 -1552954876124940613386687337
1474372044815190184485295623 1474372044815190184486512478
1901916535968495189561803378 1901916535968495189571111560
3476776109301026335255535121 3476776109301026335255535122
3476776109301026335255535121 3476776109301026335255535122
3476776109301026335255535121 3476776109301026335255535122
3476776109301026335255535121 3476776109301026335255535122
3476776109301026335255535121 3476776109301026335255535122
3476776109301026335255535121 3476776109301026335255535122
3476776109301026335255535121 3476776109301026335255535122
3476776109301026335255535121 3476776109301026335255535122
-1641267842462385204622039451 -1641267842462385204621245893
3476776109301026335255535121 3476776109301026335255535122
3476776109301026335255535121 3476776109301026335255535122
3476776109301026335255535121 3476776109301026335255535122
3476776109301026335255535121 3476776109301026335255535122
3476776109301026335255535121 3476776109301026335255535122
3476776109301026335255535121 3476776109301026335255535122
3476776109301026335255535121 3476776109301026335255535122
3476776109301026335255535121 3476776109301026335255535122
3476776109301026335255535121 3476776109301026335255535122
3476776109301026335255535121 3476776109301026335255535122
-1608825784889006081974799555 -1608825784889006081972255966
3476776109301026335255535121 3476776109301026335255535122
3476776109301045811378330739 3476776109301045811387373261
3476776109301026335255535121 3476776109301026335255535122
3476776109301026335255535121 3476776109301026335255535122
3476776109301026335255535121 3476776109301026335255535122
3476776109301026335255535121 3476776109301026335255535122
3476776109301026335255535121 3476776109301026335255535122
3476776109301026335255535121 3476776109301026335255535122
121615808928665078480556609 121615808928665078480556610
3476776109301026335255535121 3476776109301026335255535122
385319106545555739973208724 385319106545555739974795878
508366917228559610446741446 508366917228559610459928057
939234086273816984380056309 939234086273816984383499579
1557334159286145915290543584 1557334159286145915297796482
3476776109301026335255535121 3476776109301026335255535122
3476776109301026335255535121 3476776109301026335255535122
3476776109301026335255535121 3476776109301026335255535122
3476776109301026335255535121 3476776109301026335255535122
3476776109301026335255535121 3476776109301026335255535122
3476776109301026335255535121 3476776109301026335255535122
3476776109301026335255535121 3476776109301026335255535122
-1343389316296489401226261681 -1343389316296489401219173786
-3476776109301110416995285471 -3476776109301110416993772213
639219854145582092801207992 639219854145582092810391859
3476776109300993229646941798 3476776109300993229656395606
3476776109301026335255535121 3476776109301026335255535122
3476776109301026335255535121 3476776109301026335255535122
2674128748831159843150572317 2674128748831159843150572318
3476776109301026335255535121 3476776109301026335255535122
3476776109301026335255535121 3476776109301026335255535122
3476776109301026335255535121 3476776109301026335255535122
1121843346065495392384073417 1121843346065495392384073418
-3476776109301026159303328872 -3476776109301026159302944527
3476776109301026335255535121 3476776109301026335255535122
2587781068698564183104165800 2587781068698564183104165801
3476776109301026335255535121 3476776109301026335255535122
3476776109301026335255535121 3476776109301026335255535122
3476776109301026335255535121 3476776109301026335255535122
3476776109301026335255535121 3476776109301026335255535122
3476776109301026335255535121 3476776109301026335255535122
3476776109301026335255535121 3476776109301026335255535122
3476776109301026335255535121 3476776109301026335255535122
3476776109301026335255535121 3476776109301026335255535122
-3339689595305533501848695898 -3339689595305533501848197600
3476776109301026335255535121 3476776109301026335255535122
3476776109301038649932101110 3476776109301038649933903286
3476776109301026335255535121 3476776109301026335255535122
3476776109301026335255535121 3476776109301026335255535122
3476776109301026335255535121 3476776109301026335255535122
3476776109301026335255535121 3476776109301026335255535122
3476776109301026335255535121 3476776109301026335255535122
3476776109301026335255535121 3476776109301026335255535122
3476776109301026335255535121 3476776109301026335255535122
3476776109301026335255535121 3476776109301026335255535122
-3476776109301026335255535122 -3476776109301026335255535121
3476776109301026335255535121 3476776109301026335255535122
1165766907975929606822119502 1165766907975929606822119503
-3476776109301026335255535122 -3476776109301026335255535121
-3333597790915321234443906846 -3333597790915321234441807621
3476776109301026335255535121 3476776109301026335255535122
3476776109301026335255535121 3476776109301026335255535122
3476776109301026335255535121 3476776109301026335255535122
3476776109301026335255535121 3476776109301026335255535122
3476776109301026335255535121 3476776109301026335255535122
3476776109301026335255535121 3476776109301026335255535122
3476776109301026335255535121 3476776109301026335255535122
3476776109301026335255535121 3476776109301026335255535122
3476776109301026335255535121 3476776109301026335255535122
3476776109301026335255535121 3476776109301026335255535122
3476776109301026335255535121 3476776109301026335255535122
3476776109301026335255535121 3476776109301026335255535122
3476776109301026335255535121 3476776109301026335255535122
3476776109301026335255535121 3476776109301026335255535122
-3049181514752685387770350883 -3049181514752685387770076697
2273942655676077884222041780 2273942655676077884223971453
3476776109301026335255535121 3476776109301026335255535122
2247259459918249796580691508 2247259459918249796582555966
-3476776109301026335255535122 -3476776109301026335255535121
3476776109301026335255535121 3476776109301026335255535122
3476776109301026335255535121 3476776109301026335255535122
3476776109301026335255535121 3476776109301026335255535122
3476776109301026335255535121 3476776109301026335255535122
3476776109301026335255535121 3476776109301026335255535122
3476776109301026335255535121 3476776109301026335255535122
-792834632328311040618476479 -792834632328311040617947757
3476776109301026335255535121 3476776109301026335255535122
3476776109301026335255535121 3476776109301026335255535122
-3476776109301026335255535122 -3476776109301026335255535121
3476776109301026335255535121 3476776109301026335255535122
3476776109301026335255535121 3476776109301026335255535122
3476776109301026335255535121 3476776109301026335255535122
3476776109301026335255535121 3476776109301026335255535122
3476776109301026335255535121 3476776109301026335255535122
3476776109301026335255535121 3476776109301026335255535122
3476776109301026335255535121 3476776109301026335255535122
-3476776109301039223677534553 -3476776109301039223677110441
467534320819529343421037556 467534320819529343421374364
1936946153800891614964949077 1936946153800891614964949078
635597365766165374912107620 635597365766165374912353349
3476776109301026335255535121 3476776109301026335255535122
3476776109301026335255535121 3476776109301026335255535122
3476776109301026335255535121 3476776109301026335255535122
3476776109301026335255535121 3476776109301026335255535122
3476776109301026335255535121 3476776109301026335255535122
3476776109301026335255535121 3476776109301026335255535122
3476776109301026335255535121 3476776109301026335255535122
-3476776109301027599185456325 -3476776109301027599184470389
3476776109301026335255535121 3476776109301026335255535122
3444576641137492924260373680 3444576641137492924260373681
3476776109301026335255535121 3476776109301026335255535122
3476776109301026335255535121 3476776109301026335255535122
3476776109301026335255535121 3476776109301026335255535122
3476776109301026335255535121 3476776109301026335255535122
3476776109301026335255535121 3476776109301026335255535122
3476776109301026335255535121 3476776109301026335255535122
3476776109301026335255535121 3476776109301026335255535122
3476776109301026335255535121 3476776109301026335255535122
-2053942891891296310909234618 -2053942891891296310903683573
3476776109301026335255535121 3476776109301026335255535122
3476776109301079587463176845 3476776109301079587472112393
191942054688561085991954915 191942054688561085996873420
3476776109301026335255535121 3476776109301026335255535122
3476776109301026335255535121 3476776109301026335255535122
3476776109301026335255535121 3476776109301026335255535122
-924984378122954003755454117 -924984378122954003755454116
3476776109301026335255535121 3476776109301026335255535122
3476776109301026335255535121 3476776109301026335255535122
3476776109301026335255535121 3476776109301026335255535122
-2366763300176678970302747152 -2366763300176678970302649188
3476776109301026335255535121 3476776109301026335255535122
3476776109301026335255535121 3476776109301026335255535122
3476776109301026335255535121 3476776109301026335255535122
-3476776109301026335255535122 -3476776109301026335255535121
3476776109301026335255535121 3476776109301026335255535122
3476776109301026335255535121 3476776109301026335255535122
3476776109301026335255535121 3476776109301026335255535122
3476776109301026335255535121 3476776109301026335255535122
3476776109301026335255535121 3476776109301026335255535122
3476776109301026335255535121 3476776109301026335255535122
3476776109301026335255535121 3476776109301026335255535122
3476776109301026335255535121 3476776109301026335255535122
3476776109301026335255535121 3476776109301026335255535122
3476776109301026335255535121 3476776109301026335255535122
-3334694278333851756463079870 -3334694278333851756459819587
3476776109301026335255535121 3476776109301026335255535122
3476776109301026335255535121 3476776109301026335255535122
3476776109301026335255535121 3476776109301026335255535122
3476776109301026335255535121 3476776109301026335255535122
-3476776109301026335255535122 -3476776109301026335255535121
3476776109301026335255535121 3476776109301026335255535122
3476776109301026335255535121 3476776109301026335255535122
3476776109301026335255535121 3476776109301026335255535122
3476776109301026335255535121 3476776109301026335255535122
3476776109301026335255535121 3476776109301026335255535122
-2271322538051400933738901193 -2271322538051400933738473113
-1367768273325867855986148055 -1367768273325867855985284559
1111138574068628658260024706 1111138574068628658262819371
3476776109301026335255535121 3476776109301026335255535122
3476776109301026335255535121 3476776109301026335255535122
-3476776109301026335255535122 -3476776109301026335255535121
3476776109301026335255535121 3476776109301026335255535122
3476776109301026335255535121 3476776109301026335255535122
3476776109301026335255535121 3476776109301026335255535122
3476776109301026335255535121 3476776109301026335255535122
3476776109301026335255535121 3476776109301026335255535122
-3218462245052009168215407502 -3218462245052009168213476993
189818856884899182006209204 189818856884899182006209205
3476776109300909901582662203 3476776109300909901588878433
3476776109301026335255535121 3476776109301026335255535122
3476776109301026335255535121 3476776109301026335255535122
3476776109301026335255535121 3476776109301026335255535122
3476776109301026335255535121 3476776109301026335255535122
3476776109301026335255535121 3476776109301026335255535122
3476776109301026335255535121 3476776109301026335255535122
3476776109301026335255535121 3476776109301026335255535122
3476776109301026335255535121 3476776109301026335255535122
3476776109301026335255535121 3476776109301026335255535122
3476776109301026335255535121 3476776109301026335255535122
3476776109301026335255535121 3476776109301026335255535122
3476776109301026335255535121 3476776109301026335255535122
1431822747976147763472204548 1431822747976147763474655356
-3476776109301026335255535122 -3476776109301026335255535121
-3476776109301026335255535122 -3476776109301026335255535121
3476776109300833288958448391 3476776109300833288965756933
3476776109301026335255535121 3476776109301026335255535122
3476776109301026335255535121 3476776109301026335255535122
3476776109301026335255535121 3476776109301026335255535122
3476776109301026335255535121 3476776109301026335255535122
3476776109301026335255535121 3476776109301026335255535122
3476776109301026335255535121 3476776109301026335255535122
3476776109301026335255535121 3476776109301026335255535122
-2621379289059667764457466068 -2621379289059667764455594144
-3476776109301249812380985950 -3476776109301249812368049790
3476776109301026335255535121 3476776109301026335255535122
-3476776109301026335255535122 -3476776109301026335255535121
3476776109301026335255535121 3476776109301026335255535122
3476776109301026335255535121 3476776109301026335255535122
3476776109301026335255535121 3476776109301026335255535122
3476776109301026335255535121 3476776109301026335255535122
3476776109301026335255535121 3476776109301026335255535122
3476776109301026335255535121 3476776109301026335255535122
3476776109301026335255535121 3476776109301026335255535122
3476776109301026335255535121 3476776109301026335255535122
3476776109301026335255535121 3476776109301026335255535122
3476776109301026335255535121 3476776109301026335255535122
3476776109301026335255535121 3476776109301026335255535122
-3476776109301025856625609486 -3476776109301025856625254739
3476776109300861812402096277 3476776109300861812406229832
1104088307145897063949069952 1104088307145897063949069953
889821638102474646044920070 889821638102474646044920071
3476776109301026335255535121 3476776109301026335255535122
3476776109301026335255535121 3476776109301026335255535122
3476776109301026335255535121 3476776109301026335255535122
3476776109301026335255535121 3476776109301026335255535122
3476776109301026335255535121 3476776109301026335255535122
3476776109301026335255535121 3476776109301026335255535122
3476776109301026335255535121 3476776109301026335255535122
3476776109301026335255535121 3476776109301026335255535122
3476776109301026335255535121 3476776109301026335255535122
3476776109301026335255535121 3476776109301026335255535122
3476776109301026335255535121 3476776109301026335255535122
-1747523935797562362773533411 -1747523935797562362772084365
-2125631064646540060206448520 -2125631064646540060206448519
3476776109301026335255535121 3476776109301026335255535122
-3476776109301026335255535122 -3476776109301026335255535121
3476776109301026335255535121 3476776109301026335255535122
3476776109301026335255535121 3476776109301026335255535122
3476776109301026335255535121 3476776109301026335255535122
3476776109301026335255535121 3476776109301026335255535122
3476776109301026335255535121 3476776109301026335255535122
3476776109301026335255535121 3476776109301026335255535122
3476776109301026335255535121 3476776109301026335255535122
3476776109301026335255535121 3476776109301026335255535122
3476776109301026335255535121 3476776109301026335255535122
3476776109301026335255535121 3476776109301026335255535122
3476776109301026335255535121 3476776109301026335255535122
-2954659127898949040346006704 -2954659127898949040345508407
3476776109300857796331886881 3476776109300857796334473151
-763490351982345197733491144 -763490351982345197733491143
3476776109301026335255535121 3476776109301026335255535122
3476776109301026335255535121 3476776109301026335255535122
3476776109301026335255535121 3476776109301026335255535122
3476776109301026335255535121 3476776109301026335255535122
3476776109301026335255535121 3476776109301026335255535122
3476776109301026335255535121 3476776109301026335255535122
3476776109301026335255535121 3476776109301026335255535122
3476776109301026335255535121 3476776109301026335255535122
3476776109301026335255535121 3476776109301026335255535122
3476776109301026335255535121 3476776109301026335255535122
3476776109301026335255535121 3476776109301026335255535122
3476776109301026335255535121 3476776109301026335255535122
-3476776109300976813422148784 -3476776109300976813419415456
3476776109301026335255535121 3476776109301026335255535122
3476776109301026335255535121 3476776109301026335255535122
-1540593611839544509201614574 -1540593611839544509201614573
3476776109301026335255535121 3476776109301026335255535122
3476776109301026335255535121 3476776109301026335255535122
3476776109301026335255535121 3476776109301026335255535122
3476776109301026335255535121 3476776109301026335255535122
3476776109301026335255535121 3476776109301026335255535122
3476776109301026335255535121 3476776109301026335255535122
3476776109301026335255535121 3476776109301026335255535122
3476776109301026335255535121 3476776109301026335255535122
3476776109301026335255535121 3476776109301026335255535122
3476776109301026335255535121 3476776109301026335255535122
3476776109301026335255535121 3476776109301026335255535122
-3476776109301027595922972637 -3476776109301027595922560053
-3476776109301026335255535122 -3476776109301026335255535121
3476776109301026335255535121 3476776109301026335255535122
-13194023537913748685189109 -13194023537913748685189108
3476776109301026335255535121 3476776109301026335255535122
3476776109301026335255535121 3476776109301026335255535122
3476776109301026335255535121 3476776109301026335255535122
3476776109301026335255535121 3476776109301026335255535122
3476776109301026335255535121 3476776109301026335255535122
3476776109301026335255535121 3476776109301026335255535122
3476776109301026335255535121 3476776109301026335255535122
3476776109301026335255535121 3476776109301026335255535122
3476776109301026335255535121 3476776109301026335255535122
3476776109301026335255535121 3476776109301026335255535122
3476776109301026335255535121 3476776109301026335255535122
3422181354019306318210722095 3422181354019306318213143816
-3476776109301026335255535122 -3476776109301026335255535121
-3476776109301023056702645604 -3476776109301023056700498658
3476776109301026335255535121 3476776109301026335255535122
3476776109301026335255535121 3476776109301026335255535122
3476776109301026335255535121 3476776109301026335255535122
-3476776109301026335255535122 -3476776109301026335255535121
158834450277103846425470721 158834450277103846425470722
3476776109301026335255535121 3476776109301026335255535122
-2203259579593674755562465074 -2203259579593674755562236513
-3476776109301026335255535122 -3476776109301026335255535121
-3476776109301025855972719676 -3476776109301025855972627077
3476776109301026335255535121 3476776109301026335255535122
3476776109301026335255535121 3476776109301026335255535122
-3476776109301026335255535122 -3476776109301026335255535121
3476776109301026335255535121 3476776109301026335255535122
3476776109301026335255535121 3476776109301026335255535122
3476776109301026335255535121 3476776109301026335255535122
3476776109301026335255535121 3476776109301026335255535122
3476776109301026335255535121 3476776109301026335255535122
3476776109301026335255535121 3476776109301026335255535122
3476776109301026335255535121 3476776109301026335255535122
3476776109301026335255535121 3476776109301026335255535122
979291142404458116692291316 979291142404458116692291317
3476776109301026335255535121 3476776109301026335255535122
3476776109301026335255535121 3476776109301026335255535122
547097554671426703136355917 547097554671426703136715794
3476776109301026335255535121 3476776109301026335255535122
3476776109301026335255535121 3476776109301026335255535122
-3476776109301026335255535122 -3476776109301026335255535121
3476776109301026335255535121 3476776109301026335255535122
3476776109301026335255535121 3476776109301026335255535122
3476776109301026335255535121 3476776109301026335255535122
-3476776109301026180246409480 -3476776109301026180245645841
1869591629655109634137298783 1869591629655109634137298784
-3476776109301026400962820608 -3476776109301026400961605513
3476776109301026335255535121 3476776109301026335255535122
-2547757727395940915039903587 -2547757727395940915039867629
3476776109301026335255535121 3476776109301026335255535122
3476776109301026335255535121 3476776109301026335255535122
-1334263154054921391516384629 -1334263154054921391516384628
3476776109301026335255535121 3476776109301026335255535122
3476776109301026335255535121 3476776109301026335255535122
3476776109301026335255535121 3476776109301026335255535122
3476776109301026335255535121 3476776109301026335255535122
3476776109301026335255535121 3476776109301026335255535122
1218791767319603461362105454 1218791767319603461362105455
3476776109301026335255535121 3476776109301026335255535122
3476776109301026335255535121 3476776109301026335255535122
-3476776109301026335255535122 -3476776109301026335255535121
3476776109301026335255535121 3476776109301026335255535122
3476776109301026335255535121 3476776109301026335255535122
3039358760721897345458009446 3039358760721897345459681959
3476776109301026335255535121 3476776109301026335255535122
-3476776109301026335255535122 -3476776109301026335255535121
-3476776109301026335255535122 -3476776109301026335255535121
-2023856019462096690537969487 -2023856019462096690537969486
3476776109301026335255535121 3476776109301026335255535122
3476776109301026335255535121 3476776109301026335255535122
3476776109301026335255535121 3476776109301026335255535122
3476776109301026335255535121 3476776109301026335255535122
2142990613849214467089137373 2142990613849214467089230952
3476776109301026335255535121 3476776109301026335255535122
3476776109301026335255535121 3476776109301026335255535122
-121905433570668571084180600 -121905433570668571079557243
3476776109301026335255535121 3476776109301026335255535122
3476776109301026335255535121 3476776109301026335255535122
3476776109301026335255535121 3476776109301026335255535122
3476776109301026335255535121 3476776109301026335255535122
-3476776109301027320331732033 -3476776109301027320331614558
3476776109301026335255535121 3476776109301026335255535122
3476776109301026335255535121 3476776109301026335255535122
3476776109301026335255535121 3476776109301026335255535122
3476776109301026335255535121 3476776109301026335255535122
235157680111405472520715855 235157680111405472520715856
3476776109301026335255535121 3476776109301026335255535122
-1634098241284437939789392819 -1634098241284437939789392818
3476776109301026335255535121 3476776109301026335255535122
-3476776109301084294150590335 -3476776109301084294147719020
572726088664686254575285310 572726088664686254575285311
3476776109301026335255535121 3476776109301026335255535122
3476776109301026335255535121 3476776109301026335255535122
3476776109301026335255535121 3476776109301026335255535122
3476776109301026335255535121 3476776109301026335255535122
3476776109301026335255535121 3476776109301026335255535122
-3476776109301015070311337160 -3476776109301015070311255849
-1115333707442881227814797260 -1115333707442881227814797259
3476776109301026335255535121 3476776109301026335255535122
3476776109301026335255535121 3476776109301026335255535122
3476776109301026335255535121 3476776109301026335255535122
3476776109301026335255535121 3476776109301026335255535122
3476776109301026335255535121 3476776109301026335255535122
3476776109301026335255535121 3476776109301026335255535122
3476776109301026335255535121 3476776109301026335255535122
3476776109301026335255535121 3476776109301026335255535122
3476776109301026335255535121 3476776109301026335255535122
-3476776109301000149518941333 -3476776109301000149517955863
3476776109301026335255535121 3476776109301026335255535122
-997323642874757176594329890 -997323642874757176594329889
3476776109301026335255535121 3476776109301026335255535122
3476776109301026335255535121 3476776109301026335255535122
3476776109301026335255535121 3476776109301026335255535122
3476776109301026335255535121 3476776109301026335255535122
3476776109301026335255535121 3476776109301026335255535122
3476776109301026335255535121 3476776109301026335255535122
3476776109301026335255535121 3476776109301026335255535122
3476776109301026335255535121 3476776109301026335255535122
-3476776109301025514347033128 -3476776109301025514346875648
831660495447800202938145364 831660495447800202938145365
3476776109301026335255535121 3476776109301026335255535122
3476776109301026335255535121 3476776109301026335255535122
3476776109301026335255535121 3476776109301026335255535122
3476776109301026335255535121 3476776109301026335255535122
3476776109301026335255535121 3476776109301026335255535122
-3476776109301052634744601283 -3476776109301052634743811825
3476776109301026335255535121 3476776109301026335255535122
-490339045989321821166984289 -490339045989321821166984288
3476776109301026335255535121 3476776109301026335255535122
3476776109301026335255535121 3476776109301026335255535122
3476776109301026335255535121 3476776109301026335255535122
3476776109301026335255535121 3476776109301026335255535122
3476776109301026335255535121 3476776109301026335255535122
3476776109301026335255535121 3476776109301026335255535122
3476776109301026335255535121 3476776109301026335255535122
3476776109301026335255535121 3476776109301026335255535122
-3476776109301036870266354752 -3476776109301036870266297127
2076786819137453021213734133 2076786819137453021213734134
3476776109301026335255535121 3476776109301026335255535122
-3476776109301026335255535122 -3476776109301026335255535121
3476776109301026335255535121 3476776109301026335255535122
3476776109301026335255535121 3476776109301026335255535122
3476776109301026335255535121 3476776109301026335255535122
3476776109301026335255535121 3476776109301026335255535122
3476776109301026335255535121 3476776109301026335255535122
3476776109301026335255535121 3476776109301026335255535122
3476776109301026335255535121 3476776109301026335255535122
3476776109301026335255535121 3476776109301026335255535122
3476776109301026335255535121 3476776109301026335255535122
3476776109301026335255535121 3476776109301026335255535122
3476776109301026335255535121 3476776109301026335255535122
-463116073962462645501177412 -463116073962462645500017480
3476776109301026335255535121 3476776109301026335255535122
-3476776109301026335255535122 -3476776109301026335255535121
-3476776109301026335255535122 -3476776109301026335255535121
3476776109301026335255535121 3476776109301026335255535122
3476776109301026335255535121 3476776109301026335255535122
3476776109301026335255535121 3476776109301026335255535122
3476776109301026335255535121 3476776109301026335255535122
3476776109301026335255535121 3476776109301026335255535122
3476776109301026335255535121 3476776109301026335255535122
3476776109301026335255535121 3476776109301026335255535122
-3207679626558293202117147239 -3207679626558293202116303954
3476776109301026335255535121 3476776109301026335255535122
-992760543935822615310428696 -992760543935822615309658747
3476776109301026335255535121 3476776109301026335255535122
3476776109301026335255535121 3476776109301026335255535122
3476776109301026335255535121 3476776109301026335255535122
3476776109301026335255535121 3476776109301026335255535122
3476776109301026335255535121 3476776109301026335255535122
3476776109301026335255535121 3476776109301026335255535122
3476776109301026335255535121 3476776109301026335255535122
3476776109301026335255535121 3476776109301026335255535122
-3476776109301032021707473545 -3476776109301032021706167885
-135750586795463577212174097 -135750586795463577212174096
3476776109301026335255535121 3476776109301026335255535122
3476776109301026335255535121 3476776109301026335255535122
3476776109301026335255535121 3476776109301026335255535122
3476776109301026335255535121 3476776109301026335255535122
3476776109301026335255535121 3476776109301026335255535122
3476776109301026335255535121 3476776109301026335255535122
3476776109301026335255535121 3476776109301026335255535122
3476776109301026335255535121 3476776109301026335255535122
3476776109301026335255535121 3476776109301026335255535122
-3476776109301037209558290764 -3476776109301037209552213727
-663343043312201629690673871 -663343043312201629690673870
3476776109301026335255535121 3476776109301026335255535122
3476776109301026335255535121 3476776109301026335255535122
3476776109301026335255535121 3476776109301026335255535122
3476776109301026335255535121 3476776109301026335255535122
3476776109301026335255535121 3476776109301026335255535122
3476776109301026335255535121 3476776109301026335255535122
3476776109301026335255535121 3476776109301026335255535122
3476776109301026335255535121 3476776109301026335255535122
3476776109301026335255535121 3476776109301026335255535122
-3476776109301028113776667799 -3476776109301028113775602913
3476776109301026335255535121 3476776109301026335255535122
2755444101951510495327422377 2755444101951510495337421446
3318827916822337931998606234 3318827916822337931998606235
-3476776109301026335255535122 -3476776109301026335255535121
3476776109301026335255535121 3476776109301026335255535122
3476776109301026335255535121 3476776109301026335255535122
3476776109301026335255535121 3476776109301026335255535122
3476776109301026335255535121 3476776109301026335255535122
3476776109301026335255535121 3476776109301026335255535122
3476776109301026335255535121 3476776109301026335255535122
3476776109301026335255535121 3476776109301026335255535122
3476776109301026335255535121 3476776109301026335255535122
3476776109301026335255535121 3476776109301026335255535122
3476776109301026335255535121 3476776109301026335255535122
-1585571713991721994728848805 -1585571713991721994728684834
-721515660973683023402341942 -721515660973683023399589242
3476776109301048692470314964 3476776109301048692476156473
3476776109301026335255535121 3476776109301026335255535122
3476776109301026335255535121 3476776109301026335255535122
3476776109301026335255535121 3476776109301026335255535122
-2001572435573461600751476580 -2001572435573461600751476579
3476776109301026335255535121 3476776109301026335255535122
-3476776109301026335255535122 -3476776109301026335255535121
3476776109301026335255535121 3476776109301026335255535122
3476776109301026335255535121 3476776109301026335255535122
-3476776109301027426017085038 -3476776109301027426016566940
1135983199372467918237498745 1135983199372467918237498746
3476776109301026335255535121 3476776109301026335255535122
3476776109301026335255535121 3476776109301026335255535122
3476776109301026335255535121 3476776109301026335255535122
3476776109301026335255535121 3476776109301026335255535122
3476776109301026335255535121 3476776109301026335255535122
-1830140673537281286142237174 -1830140673537281286139893788
-3476776109301026335255535122 -3476776109301026335255535121
3476776109301026335255535121 3476776109301026335255535122
3476776109301026335255535121 3476776109301026335255535122
3476776109301026335255535121 3476776109301026335255535122
3476776109301026335255535121 3476776109301026335255535122
3476776109301026335255535121 3476776109301026335255535122
3476776109301026335255535121 3476776109301026335255535122
3476776109301026335255535121 3476776109301026335255535122
3476776109301026335255535121 3476776109301026335255535122
3476776109301026335255535121 3476776109301026335255535122
-2908425995073977050199116068 -2908425995073977050198079033
3476776109301026335255535121 3476776109301026335255535122
799760116607649651074733876 799760116607649651074733877
3476776109301026335255535121 3476776109301026335255535122
3476776109301026335255535121 3476776109301026335255535122
3476776109301026335255535121 3476776109301026335255535122
3476776109301026335255535121 3476776109301026335255535122
3476776109301026335255535121 3476776109301026335255535122
3476776109301026335255535121 3476776109301026335255535122
-3476776109301026335255535122 -3476776109301026335255535121
3476776109301026335255535121 3476776109301026335255535122
1811113527747858053483276278 1811113527747858053483711437
-3476776109301037434150608293 -3476776109301037434149814094
887563615083717157589508319 887563615083717157589508320
-29290774211268809625773229 -29290774211268809625773228
3476776109301026335255535121 3476776109301026335255535122
3476776109301026335255535121 3476776109301026335255535122
3476776109301026335255535121 3476776109301026335255535122
-3476776109301057052173290654 -3476776109301057052165714505
-3476776109301026335255535122 -3476776109301026335255535121
3476776109301026335255535121 3476776109301026335255535122
3476776109301026335255535121 3476776109301026335255535122
3476776109301026335255535121 3476776109301026335255535122
3476776109301026335255535121 3476776109301026335255535122
3476776109301026335255535121 3476776109301026335255535122
3476776109301026335255535121 3476776109301026335255535122
3476776109301026335255535121 3476776109301026335255535122
3476776109301026335255535121 3476776109301026335255535122
3476776109301026335255535121 3476776109301026335255535122
-3476776109301026335255535122 -3476776109301026335255535121
3476776109301026335255535121 3476776109301026335255535122
3476776109301026335255535121 3476776109301026335255535122
3476776109301026335255535121 3476776109301026335255535122
-3476776109301026335255535122 -3476776109301026335255535121
3476776109301026335255535121 3476776109301026335255535122
3476776109301026335255535121 3476776109301026335255535122
3476776109301026335255535121 3476776109301026335255535122
3476776109301026335255535121 3476776109301026335255535122
-3476776109301026335255535122 -3476776109301026335255535121
3476776109301026335255535121 3476776109301026335255535122
3476776109301026335255535121 3476776109301026335255535122
3476776109301026335255535121 3476776109301026335255535122
3476776109301026335255535121 3476776109301026335255535122
3476776109301026335255535121 3476776109301026335255535122
-3476776109301051037095317625 -3476776109301051037092616004
-575087938714154144616629572 -575087938714154144616629571
3476776109301026335255535121 3476776109301026335255535122
3476776109301026335255535121 3476776109301026335255535122
3476776109301026335255535121 3476776109301026335255535122
3476776109301026335255535121 3476776109301026335255535122
3476776109301026335255535121 3476776109301026335255535122
3476776109301026335255535121 3476776109301026335255535122
3476776109301026335255535121 3476776109301026335255535122
3476776109301026335255535121 3476776109301026335255535122
3476776109301026335255535121 3476776109301026335255535122
-3476776109300986043812339136 -3476776109300986043807166321
-304407615165199491368203342 -304407615165199491368203341
3476776109301026335255535121 3476776109301026335255535122
3476776109301026335255535121 3476776109301026335255535122
-3476776109301026335255535122 -3476776109301026335255535121
3476776109301026335255535121 3476776109301026335255535122
3476776109301026335255535121 3476776109301026335255535122
3476776109301026335255535121 3476776109301026335255535122
3476776109301026335255535121 3476776109301026335255535122
3476776109301026335255535121 3476776109301026335255535122
3476776109301026335255535121 3476776109301026335255535122
-3438098760823697545418226718 -3438098760823697545414304740
3476776109301026335255535121 3476776109301026335255535122
3476776109301026335255535121 3476776109301026335255535122
3476776109301026335255535121 3476776109301026335255535122
3476776109301026335255535121 3476776109301026335255535122
3476776109301026335255535121 3476776109301026335255535122
3476776109301026335255535121 3476776109301026335255535122
3476776109301026335255535121 3476776109301026335255535122
-3476776109301026335255535122 -3476776109301026335255535121
-3476776109301026335255535122 -3476776109301026335255535121
3476776109301026335255535121 3476776109301026335255535122
3476776109301026335255535121 3476776109301026335255535122
3476776109301026335255535121 3476776109301026335255535122
-3476776109301026335255535122 -3476776109301026335255535121
3476776109301026335255535121 3476776109301026335255535122
-3476776109301029953247395340 -3476776109301029953246748416
321849508022970106702102012 321849508022970106702102013
2476141043969249554654725590 2476141043969249554654725591
3476776109301026335255535121 3476776109301026335255535122
3476776109301026335255535121 3476776109301026335255535122
3476776109301026335255535121 3476776109301026335255535122
3476776109301026335255535121 3476776109301026335255535122
3476776109301026335255535121 3476776109301026335255535122
3476776109301026335255535121 3476776109301026335255535122
3476776109301026335255535121 3476776109301026335255535122
3476776109301026335255535121 3476776109301026335255535122
-3476776109301042395262724557 -3476776109301042395258568470
3476776109301026335255535121 3476776109301026335255535122
1342101595632576092252642025 1342101595632576092252642026
3476776109301026335255535121 3476776109301026335255535122
3476776109301026335255535121 3476776109301026335255535122
3476776109301026335255535121 3476776109301026335255535122
3476776109301026335255535121 3476776109301026335255535122
3476776109301026335255535121 3476776109301026335255535122
3476776109301026335255535121 3476776109301026335255535122
3476776109301026335255535121 3476776109301026335255535122
3476776109301026335255535121 3476776109301026335255535122
-3476776109300940069356031716 -3476776109300940069353876828
3476776109301026335255535121 3476776109301026335255535122
-3476776109301026335255535122 -3476776109301026335255535121
3476776109301026335255535121 3476776109301026335255535122
3476776109301026335255535121 3476776109301026335255535122
3476776109301026335255535121 3476776109301026335255535122
3476776109301026335255535121 3476776109301026335255535122
3476776109301026335255535121 3476776109301026335255535122
-3476776109301026335255535122 -3476776109301026335255535121
3476776109301026335255535121 3476776109301026335255535122
3476776109301026335255535121 3476776109301026335255535122
3476776109301026335255535121 3476776109301026335255535122
3476776109301026335255535121 3476776109301026335255535122
3476776109301026335255535121 3476776109301026335255535122
3476776109301026335255535121 3476776109301026335255535122
-3476776109300958356160374771 -3476776109300958356156698851
3476776109301026335255535121 3476776109301026335255535122
-1059373687009276867641704541 -1059373687009276867641704540
3476776109301026335255535121 3476776109301026335255535122
3476776109301026335255535121 3476776109301026335255535122
3476776109301026335255535121 3476776109301026335255535122
3476776109301026335255535121 3476776109301026335255535122
-3476776109301026335255535122 -3476776109301026335255535121
3476776109301026335255535121 3476776109301026335255535122
3476776109301026335255535121 3476776109301026335255535122
3476776109301026335255535121 3476776109301026335255535122
-3476776109300970433554584171 -3476776109300970433553271553
3476776109301026335255535121 3476776109301026335255535122
3476776109301026335255535121 3476776109301026335255535122
3476776109301026335255535121 3476776109301026335255535122
3476776109301026335255535121 3476776109301026335255535122
3476776109301026335255535121 3476776109301026335255535122
881485462859024708429851449 881485462859024708429851450
3476776109301026335255535121 3476776109301026335255535122
3476776109301026335255535121 3476776109301026335255535122
3476776109301026335255535121 3476776109301026335255535122
3476776109301026335255535121 3476776109301026335255535122
-3476776109300940616368326281 -3476776109300940616366052025
3476776109301026335255535121 3476776109301026335255535122
3476776109301026335255535121 3476776109301026335255535122
-518040930379322348991542919 -518040930379322348991542918
3476776109301026335255535121 3476776109301026335255535122
3476776109301026335255535121 3476776109301026335255535122
3476776109301026335255535121 3476776109301026335255535122
3476776109301026335255535121 3476776109301026335255535122
3476776109301026335255535121 3476776109301026335255535122
3476776109301026335255535121 3476776109301026335255535122
3476776109301026335255535121 3476776109301026335255535122
3476776109301026335255535121 3476776109301026335255535122
3476776109301026335255535121 3476776109301026335255535122
3476776109301026335255535121 3476776109301026335255535122
3476776109301026335255535121 3476776109301026335255535122
-3476776109300946780817876629 -3476776109300946780813279788
-2079782431355545637170999653 -2079782431355545637170999652
2555067980982435878633599796 2555067980982435878633599797
3476776109301026335255535121 3476776109301026335255535122
3476776109301026335255535121 3476776109301026335255535122
3476776109301026335255535121 3476776109301026335255535122
3476776109301026335255535121 3476776109301026335255535122
3476776109301026335255535121 3476776109301026335255535122
3476776109301026335255535121 3476776109301026335255535122
3476776109301026335255535121 3476776109301026335255535122
3476776109301026335255535121 3476776109301026335255535122
-3476776109300994526015595760 -3476776109300994526008616609
3476776109301026335255535121 3476776109301026335255535122
-2717730217935741976320922037 -2717730217935741976320922036
3476776109301026335255535121 3476776109301026335255535122
3476776109301026335255535121 3476776109301026335255535122
3476776109301026335255535121 3476776109301026335255535122
3476776109301026335255535121 3476776109301026335255535122
3476776109301026335255535121 3476776109301026335255535122
3476776109301026335255535121 3476776109301026335255535122
3476776109301026335255535121 3476776109301026335255535122
3476776109301026335255535121 3476776109301026335255535122
-3476776109301070146467792010 -3476776109301070146464669877
3476776109301026335255535121 3476776109301026335255535122
537485394628036593695592302 537485394628036593695592303
3476776109301026335255535121 3476776109301026335255535122
3476776109301026335255535121 3476776109301026335255535122
3476776109301026335255535121 3476776109301026335255535122
3476776109301026335255535121 3476776109301026335255535122
3476776109301026335255535121 3476776109301026335255535122
3476776109301026335255535121 3476776109301026335255535122
3476776109301026335255535121 3476776109301026335255535122
3476776109301026335255535121 3476776109301026335255535122
-3476776109300969657924688751 -3476776109300969657922173008
3476776109301026335255535121 3476776109301026335255535122
3476776109301026335255535121 3476776109301026335255535122
-2296845691802025281903384107 -2296845691802025281903384106
3476776109301026335255535121 3476776109301026335255535122
3476776109301026335255535121 3476776109301026335255535122
3476776109301026335255535121 3476776109301026335255535122
3476776109301026335255535121 3476776109301026335255535122
3476776109301026335255535121 3476776109301026335255535122
3476776109301026335255535121 3476776109301026335255535122
3476776109301026335255535121 3476776109301026335255535122
3476776109301026335255535121 3476776109301026335255535122
3476776109301026335255535121 3476776109301026335255535122
3476776109301026335255535121 3476776109301026335255535122
3476776109301026335255535121 3476776109301026335255535122
-3476776109301010437705872836 -3476776109301010437701303587
3476776109301026335255535121 3476776109301026335255535122
3476776109301026335255535121 3476776109301026335255535122
-3476776109301026335255535122 -3476776109301026335255535121
3476776109301026335255535121 3476776109301026335255535122
3476776109301026335255535121 3476776109301026335255535122
3476776109301026335255535121 3476776109301026335255535122
3476776109301026335255535121 3476776109301026335255535122
3476776109301026335255535121 3476776109301026335255535122
3476776109301026335255535121 3476776109301026335255535122
3476776109301026335255535121 3476776109301026335255535122
3476776109301026335255535121 3476776109301026335255535122
3476776109301026335255535121 3476776109301026335255535122
3476776109301026335255535121 3476776109301026335255535122
3476776109301026335255535121 3476776109301026335255535122
3476776109301026335255535121 3476776109301026335255535122
3476776109301026335255535121 3476776109301026335255535122
1359818079587840493638801143 1359818079587840493640003314
3476776109301026335255535121 3476776109301026335255535122
3476776109301026335255535121 3476776109301026335255535122
3476776109301026335255535121 3476776109301026335255535122
3476776109301026335255535121 3476776109301026335255535122
3476776109301026335255535121 3476776109301026335255535122
3476776109301026335255535121 3476776109301026335255535122
-3476776109301026335255535122 -3476776109301026335255535121
-3476776109301026335255535122 -3476776109301026335255535121
-3476776109301026335255535122 -3476776109301026335255535121
3476776109301026335255535121 3476776109301026335255535122
3207086524382755574902612378 3207086524382755574913044730
3476776109301026335255535121 3476776109301026335255535122
3476776109301026335255535121 3476776109301026335255535122
-3476776109301026335255535122 -3476776109301026335255535121
3476776109301026335255535121 3476776109301026335255535122
3476776109301026335255535121 3476776109301026335255535122
3476776109301026335255535121 3476776109301026335255535122
-3476776109301026335255535122 -3476776109301026335255535121
3476776109301026335255535121 3476776109301026335255535122
555765810441623240171452457 555765810441623240171452458
-3476776109301040411771838991 -3476776109301040411768124673
3476776109301026335255535121 3476776109301026335255535122
3476776109301026335255535121 3476776109301026335255535122
3476776109301026335255535121 3476776109301026335255535122
3476776109301026335255535121 3476776109301026335255535122
3476776109301026335255535121 3476776109301026335255535122
-3476776109301026335255535122 -3476776109301026335255535121
-2219281223238841039502565186 -2219281223238841039502565185
3476776109301026335255535121 3476776109301026335255535122
3476776109301026335255535121 3476776109301026335255535122
3476776109301026335255535121 3476776109301026335255535122
3476776109301026335255535121 3476776109301026335255535122
3476776109301026335255535121 3476776109301026335255535122
3476776109301026335255535121 3476776109301026335255535122
3476776109301026335255535121 3476776109301026335255535122
3476776109301026335255535121 3476776109301026335255535122
3476776109301026335255535121 3476776109301026335255535122
3476776109301026335255535121 3476776109301026335255535122
3476776109301026335255535121 3476776109301026335255535122
-2486341985355751778591852484 -2486341985355751778591769071
3476776109301026335255535121 3476776109301026335255535122
3476776109301026335255535121 3476776109301026335255535122
3476776109301026335255535121 3476776109301026335255535122
3476776109301026335255535121 3476776109301026335255535122
-3476776109301026335255535122 -3476776109301026335255535121
-3476776109301026335255535122 -3476776109301026335255535121
3476776109301026335255535121 3476776109301026335255535122
3476776109301026335255535121 3476776109301026335255535122
3476776109301026335255535121 3476776109301026335255535122
-3476776109301026335255535122 -3476776109301026335255535121
-3476776109301026335255535122 -3476776109301026335255535121
1839626145035064789911450750 1839626145035064789911450751
3476776109301026335255535121 3476776109301026335255535122
3476776109301026335255535121 3476776109301026335255535122
3476776109301026335255535121 3476776109301026335255535122
2462578971282095679602930153 2462578971282095679603821864
-3476776109301031073449177756 -3476776109301031073445600371
-3476776109301026335255535122 -3476776109301026335255535121
3476776109301026335255535121 3476776109301026335255535122
2922198657347297311913872381 2922198657347297311913872382
3476776109301026335255535121 3476776109301026335255535122
2776401734045426945799253195 2776401734045426945799347881
3476776109301020649743017846 3476776109301020649744708608
-3476776109301026335255535122 -3476776109301026335255535121
818085019178860370265886631 818085019178860370274538981
-3476776109301026335255535122 -3476776109301026335255535121
-3476776109301026335255535122 -3476776109301026335255535121
-3476776109301026335255535122 -3476776109301026335255535121
-3476776109301026335255535122 -3476776109301026335255535121
-309596727183159952582308772 -309596727183159952561421417
-3476776109301026335255535122 -3476776109301026335255535121
-3476776109301026335255535122 -3476776109301026335255535121
-965621224515332546744704331 -965621224515332546744704330
1091709301913419951103396053 1091709301913419951104256849
535770821185741244279281248 535770821185741244281617966
1934862171931597200536925312 1934862171931597200537294401
2287551443294339466658336445 2287551443294339466658336446
-3476776109301026335255535122 -3476776109301026335255535121
-3476776109301026335255535122 -3476776109301026335255535121
-3476776109301026335255535122 -3476776109301026335255535121
-3476776109301026335255535122 -3476776109301026335255535121
3476776109301026335255535121 3476776109301026335255535122
-2605131841375301317838719781 -2605131841375301317838046280
-3476776109301054906331342874 -3476776109301054906331046932
1114443183222420266520399226 1114443183222420266521248951
-3476776109301025066130790699 -3476776109301025066129493354
2179100892271914637472971881 2179100892271914637472971882
-3476776109301026335255535122 -3476776109301026335255535121
-3476776109301026335255535122 -3476776109301026335255535121
3476776109301026335255535121 3476776109301026335255535122
-3476776109301026335255535122 -3476776109301026335255535121
1412110925738045239782867242 1412110925738045239782967712
-695503233224720770638576369 -695503233224720770636225045
685740902305088861577421601 685740902305088861577421602
-3476776109301188956357753625 -3476776109301188956348992680
-3476776109301026335255535122 -3476776109301026335255535121
-3476776109301026335255535122 -3476776109301026335255535121
-3476776109301052429005159893 -3476776109301052429003348836
-359164936584727231804452984 -359164936584727231803676839
-3476776109301030298950580152 -3476776109301030298944993003
2368165367858867065542412036 2368165367858867065542412037
807011644791569058785879022 807011644791569058785879023
3476776109301026335255535121 3476776109301026335255535122
3476776109301026335255535121 3476776109301026335255535122
3476776109301026335255535121 3476776109301026335255535122
3476776109301026335255535121 3476776109301026335255535122
3476776109301026335255535121 3476776109301026335255535122
3476776109301026335255535121 3476776109301026335255535122
3476776109301038092442620137 3476776109301038092442867329
2141495007347922246961102744 2141495007347922246962913110
-3476776109301026335255535122 -3476776109301026335255535121
3476776109301026335255535121 3476776109301026335255535122
-3030272283572497016877165343 -3030272283572497016877165342
3476776109301026335255535121 3476776109301026335255535122
3476776109301026335255535121 3476776109301026335255535122
3476776109301026335255535121 3476776109301026335255535122
3476776109301026335255535121 3476776109301026335255535122
3476776109301026335255535121 3476776109301026335255535122
3476776109301026335255535121 3476776109301026335255535122
3476776109301024601519210878 3476776109301024601524816398
1195126062906288102396273958 1195126062906288102397645175
-433777933364768278601427317 -433777933364768278600714297
741122590578353306909150774 741122590578353306909786416
-1365610735798978088805864802 -1365610735798978088805571181
3476776109300200804180909039 3476776109300200804182889302
3476776109301026335255535121 3476776109301026335255535122
3476776109301026335255535121 3476776109301026335255535122
3476776109301026335255535121 3476776109301026335255535122
3476776109301026335255535121 3476776109301026335255535122
3476776109301026335255535121 3476776109301026335255535122
3476776109301065347767427698 3476776109301065347768984168
3152004413835942164369181709 3152004413835942164372068474
3476776109301132026961688383 3476776109301132026968026814
3476776109301026335255535121 3476776109301026335255535122
-3476776109301026335255535122 -3476776109301026335255535121
-3476776109301026335255535122 -3476776109301026335255535121
-3476776109301026335255535122 -3476776109301026335255535121
3476776109301026335255535121 3476776109301026335255535122
-3476776109301026335255535122 -3476776109301026335255535121
-3476776109301026335255535122 -3476776109301026335255535121
3476776109301026335255535121 3476776109301026335255535122
3476776109301105232207452412 3476776109301105232210744677
382609167612489449668050925 382609167612489449668906119
2555028757485498621994662624 2555028757485498621997443923
-3476776109301026335255535122 -3476776109301026335255535121
891099565534517694287182058 891099565534517694290079443
3476776109301026335255535121 3476776109301026335255535122
3476776109301026335255535121 3476776109301026335255535122
3476776109301026335255535121 3476776109301026335255535122
3476776109301026335255535121 3476776109301026335255535122
3476776109301026335255535121 3476776109301026335255535122
-3476776109301026335255535122 -3476776109301026335255535121
3476776109301026335255535121 3476776109301026335255535122
3476776109301026335255535121 3476776109301026335255535122
3476776109301026335255535121 3476776109301026335255535122
3476776109301026335255535121 3476776109301026335255535122
-1632295148650548656459151403 -1632295148650548656457264039
1611486649123445323473881425 1611486649123445323475272665
-2992799949136453938917030263 -2992799949136453938911922780
-3476776109301068096561874623 -3476776109301068096553590462
101027014095218053725825677 101027014095218053731428085
-3476776109301026335255535122 -3476776109301026335255535121
3476776109301026335255535121 3476776109301026335255535122
674158370173495647704873022 674158370173495647704873023
3476776109301026335255535121 3476776109301026335255535122
3476776109301026335255535121 3476776109301026335255535122
3476776109301026335255535121 3476776109301026335255535122
-1388113075740691481855628603 -1388113075740691481855628602
2080989181089084641931005502 2080989181089084641931418455
-3476776109301028803293646863 -3476776109301028803291554424
-3476776109301303932265540781 -3476776109301303932264622913
-3476776109301026335255535122 -3476776109301026335255535121
3476776109301026335255535121 3476776109301026335255535122
-2053437849689560074569587929 -2053437849689560074569587928
-3476776109301600129955516642 -3476776109301600129950571401
3476776109301026335255535121 3476776109301026335255535122
3476776109301026335255535121 3476776109301026335255535122
-2595767900390650144422292563 -2595767900390650144422292562
1666074640580043993908823993 1666074640580043993910281696
2815652189938497486774922195 2815652189938497486775986978
-3288417136508233666130140068 -3288417136508233666129655784
-2810901266432061367020712052 -2810901266432061367018935365
-3476776109301026335255535122 -3476776109301026335255535121
-3476776109301026335255535122 -3476776109301026335255535121
3476776109301026335255535121 3476776109301026335255535122
3476776109301026335255535121 3476776109301026335255535122
-3476776109301026335255535122 -3476776109301026335255535121
3476776109301026335255535121 3476776109301026335255535122
-3476776109301026335255535122 -3476776109301026335255535121
3476776109301026335255535121 3476776109301026335255535122
728081271075593690006375249 728081271075593690007891219
2904808186726491791875570921 2904808186726491791876945856
263053302964143735378756513 263053302964143735381879623
3476776109301026785788148559 3476776109301026785788724692
3476776109301026335255535121 3476776109301026335255535122
3476776109301026335255535121 3476776109301026335255535122
-3476776109301026335255535122 -3476776109301026335255535121
-3476776109301026335255535122 -3476776109301026335255535121
3476776109301026335255535121 3476776109301026335255535122
-3476776109301026335255535122 -3476776109301026335255535121
-3140470441188810230367156193 -3140470441188810230367156192
1581001443039369039987104872 1581001443039369039987780697
-2742878512925916225339471773 -2742878512925916225333521815
-3476776109301026335255535122 -3476776109301026335255535121
1999105439017920599847422834 1999105439017920599847446235
-3476776109301026335255535122 -3476776109301026335255535121
3476776109301026335255535121 3476776109301026335255535122
-3476776109301026335255535122 -3476776109301026335255535121
3476776109301026335255535121 3476776109301026335255535122
645285522505959955147515869 645285522505959955148386637
2429223008491241416898635512 2429223008491241416898635513
-3476776109301026335255535122 -3476776109301026335255535121
-1041007937329893871860838256 -1041007937329893871860043727
3476776109301026335255535121 3476776109301026335255535122
3476776109301027081515669062 3476776109301027081516336737
2178260008190558562565777042 2178260008190558562565777043
-3382149210229921276489463237 -3382149210229921276489463236
3476776109301026335255535121 3476776109301026335255535122
-3476776109301026335255535122 -3476776109301026335255535121
3476776109301026335255535121 3476776109301026335255535122
-2470295563460701746106897024 -2470295563460701746106897023
3476776109301026335255535121 3476776109301026335255535122
-3476776109301020367852909181 -3476776109301020367852888610
-819564446808564645914763152 -819564446808564645914737347
2304484702495177846702471791 2304484702495177846703799743
3476776109301026335255535121 3476776109301026335255535122
-1299385630332645497372727689 -1299385630332645497372727688
3476776109301026335255535121 3476776109301026335255535122
-3476776109301026335255535122 -3476776109301026335255535121
3476776109301026335255535121 3476776109301026335255535122
-3476776109301026335255535122 -3476776109301026335255535121
-3476776109301026335255535122 -3476776109301026335255535121
3476776109301026335255535121 3476776109301026335255535122
3476776109301011821986948394 3476776109301011821989205494
1920098146299325194294240737 1920098146299325194295581579
3040766255288300408009617463 3040766255288300408010434282
-2373539531174289652334588077 -2373539531174289652333952435
3476776109300664413734130788 3476776109300664413735492390
-3476776109301026335255535122 -3476776109301026335255535121
3476776109301026335255535121 3476776109301026335255535122
-3476776109301026335255535122 -3476776109301026335255535121
-3476776109301026335255535122 -3476776109301026335255535121
474295125099406761438251849 474295125099406761438251850
-3001425775170653562487339825 -3001425775170653562487339824
-3476776109301026335255535122 -3476776109301026335255535121
969960095014920063695271140 969960095014920063695678104
3476776109301012772216582635 3476776109301012772216798821
-3476776109301026335255535122 -3476776109301026335255535121
742538516516953609048278861 742538516516953609048278862
-3476776109301026335255535122 -3476776109301026335255535121
-3476776109301026335255535122 -3476776109301026335255535121
-3476776109301026335255535122 -3476776109301026335255535121
-415022078091786794844024880 -415022078091786794844024879
3476776109301026335255535121 3476776109301026335255535122
3476776109301026335255535121 3476776109301026335255535122
-3476776109301011781740932850 -3476776109301011781740875295
893037403373165243366503006 893037403373165243369994795
1556308653042116896756444404 1556308653042116896759410655
3476776109301026335255535121 3476776109301026335255535122
-221295081841610143483367652 -221295081841610143482786403
3476776109301026335255535121 3476776109301026335255535122
3476776109301026335255535121 3476776109301026335255535122
-3476776109301026335255535122 -3476776109301026335255535121
3476776109301026335255535121 3476776109301026335255535122
-3476776109301066914404872754 -3476776109301066914401283292
-3476776109301026335255535122 -3476776109301026335255535121
3476776109301026335255535121 3476776109301026335255535122
132802798686181552238177282 132802798686181552239070189
-3476776109301026335255535122 -3476776109301026335255535121
-1123219794637244944483174109 -1123219794637244944480585786
3476776109301026335255535121 3476776109301026335255535122
3476776109301026335255535121 3476776109301026335255535122
-3476776109301026335255535122 -3476776109301026335255535121
-3476776109301026335255535122 -3476776109301026335255535121
-3476776109301026335255535122 -3476776109301026335255535121
3476776109301026335255535121 3476776109301026335255535122
-3476776109301026335255535122 -3476776109301026335255535121
-3476776109301026335255535122 -3476776109301026335255535121
3476776109301026335255535121 3476776109301026335255535122
-2643740400895296493212697985 -2643740400895296493207914873
-3476776109301026335255535122 -3476776109301026335255535121
-3476776109301155472491784617 -3476776109301155472480678033
910651737588300556403307771 910651737588300556407695757
3476776109301030648568501852 3476776109301030648568801058
-1261622058056315124879385272 -1261622058056315124872668566
2842048359949645285004230296 2842048359949645285016861741
-2219738103258554698730596695 -2219738103258554698730596694
-3476776109301026335255535122 -3476776109301026335255535121
3476776109301026335255535121 3476776109301026335255535122
-3000123526597801397403408969 -3000123526597801397403408968
-1308460670507079300026903354 -1308460670507079300026903353
-3476776109301026335255535122 -3476776109301026335255535121
3476776109301026335255535121 3476776109301026335255535122
3476776109301026335255535121 3476776109301026335255535122
430443994777852244222921152 430443994777852244234370751
-3476776109301026335255535122 -3476776109301026335255535121
3476776109301000947999585305 3476776109301000947999597170
523706553482452724273729022 523706553482452724274276985
-343333581663675381071918143 -343333581663675381069156273
-3476776109301026335255535122 -3476776109301026335255535121
1734585550428857193590420665 1734585550428857193590908756
3476776109301026335255535121 3476776109301026335255535122
3476776109301026335255535121 3476776109301026335255535122
-3476776109301026335255535122 -3476776109301026335255535121
3476776109301026335255535121 3476776109301026335255535122
3177758024723163560177095154 3177758024723163560177095155
3476776109301026335255535121 3476776109301026335255535122
-3476776109301026335255535122 -3476776109301026335255535121
-380323197407937509686231553 -380323197407937509683840701
-3476776109301052678714747062 -3476776109301052678713013048
3476776109301026335255535121 3476776109301026335255535122
3476776109301026335255535121 3476776109301026335255535122
-3476776109301026335255535122 -3476776109301026335255535121
3476776109301026335255535121 3476776109301026335255535122
3476776109301026335255535121 3476776109301026335255535122
-3476776109301026335255535122 -3476776109301026335255535121
-2977485471458163167601768689 -2977485471458163167598879386
-3476776109301026335255535122 -3476776109301026335255535121
-3382577640702234382320641077 -3382577640702234382317282062
-3082413115353708376058411641 -3082413115353708376058208092
-3476776109301034234244468579 -3476776109301034234244288085
3476776109301026335255535121 3476776109301026335255535122
2968088088583979911145383456 2968088088583979911145531003
701995867268585073842514532 701995867268585073842514533
3476776109301026335255535121 3476776109301026335255535122
3476776109301026335255535121 3476776109301026335255535122
3476776109301026335255535121 3476776109301026335255535122
2507904515226689672541104429 2507904515226689672542516005
-3476776109301026335255535122 -3476776109301026335255535121
1281341714732534425563375174 1281341714732534425563457145
-470087877512505482523427158 -470087877512505482521094611
-3476776109301026335255535122 -3476776109301026335255535121
-1038525443024020594139978168 -1038525443024020594139119835
3476776109301010018036515043 3476776109301010018038288091
3476776109301026335255535121 3476776109301026335255535122
3476776109301026335255535121 3476776109301026335255535122
3476776109301026335255535121 3476776109301026335255535122
3476776109301026335255535121 3476776109301026335255535122
3476776109301026335255535121 3476776109301026335255535122
3476776109301026335255535121 3476776109301026335255535122
-130478775329248952778400624 -130478775329248952778400623
-1052624792615898460843063837 -1052624792615898460841422753
-3476776109301029906116766858 -3476776109301029906116151021
2262266763085120312766366690 2262266763085120312769009561
2565804629751884986097903033 2565804629751884986105794847
3476776109301026335255535121 3476776109301026335255535122
3476776109301026335255535121 3476776109301026335255535122
3476776109301026335255535121 3476776109301026335255535122
3476776109301026335255535121 3476776109301026335255535122
3476776109301026335255535121 3476776109301026335255535122
3476776109301026335255535121 3476776109301026335255535122
3476776109301026335255535121 3476776109301026335255535122
3476776109301026335255535121 3476776109301026335255535122
3476776109301026335255535121 3476776109301026335255535122
3476776109301026335255535121 3476776109301026335255535122
953446046316307156764948073 953446046316307156767121193
-1616954732617624567849218388 -1616954732617624567846736692
-3476776109301024109377583239 -3476776109301024109375858773
3476776109301016702884003487 3476776109301016702888793336
3476776109301026335255535121 3476776109301026335255535122
3476776109301026335255535121 3476776109301026335255535122
3358379036879683299319819941 3358379036879683299319819942
3476776109301026335255535121 3476776109301026335255535122
3476776109301026335255535121 3476776109301026335255535122
3476776109301026335255535121 3476776109301026335255535122
-1422931072555006501340272000 -1422931072555006501340271999
3476776109301026335255535121 3476776109301026335255535122
3476776109301026335255535121 3476776109301026335255535122
3476776109301026335255535121 3476776109301026335255535122
3476776109301026335255535121 3476776109301026335255535122
2514784822158176057368449718 2514784822158176057374277023
-461324349801487371288892438 -461324349801487371287978954
3476776109301026335255535121 3476776109301026335255535122
2472133881507570071375534745 2472133881507570071385503035
3476776109301026335255535121 3476776109301026335255535122
3476776109301026335255535121 3476776109301026335255535122
3476776109301026335255535121 3476776109301026335255535122
3476776109301026335255535121 3476776109301026335255535122
3476776109301026335255535121 3476776109301026335255535122
3476776109301026335255535121 3476776109301026335255535122
3476776109301026335255535121 3476776109301026335255535122
3476776109301026335255535121 3476776109301026335255535122
-358055857464765487213177691 -358055857464765487212986008
3476776109301026335255535121 3476776109301026335255535122
3476776109301056473254227604 3476776109301056473259697376
3476776109301026335255535121 3476776109301026335255535122
3476776109301026335255535121 3476776109301026335255535122
3476776109301026335255535121 3476776109301026335255535122
3476776109301026335255535121 3476776109301026335255535122
3476776109301026335255535121 3476776109301026335255535122
3476776109301026335255535121 3476776109301026335255535122
3476776109301026335255535121 3476776109301026335255535122
3476776109301026335255535121 3476776109301026335255535122
3476776109301026335255535121 3476776109301026335255535122
3476776109301026335255535121 3476776109301026335255535122
3476776109301026335255535121 3476776109301026335255535122
3476776109301026335255535121 3476776109301026335255535122
2767393124407175876741324804 2767393124407175876743267225
-3476776109301026335255535122 -3476776109301026335255535121
1770278540525338689495473461 1770278540525338689496352749
-3476776109301034183028636052 -3476776109301034183024086189
-3476776109301026335255535122 -3476776109301026335255535121
3476776109301026335255535121 3476776109301026335255535122
3476776109301026335255535121 3476776109301026335255535122
3476776109301026335255535121 3476776109301026335255535122
3476776109301026335255535121 3476776109301026335255535122
3476776109301026335255535121 3476776109301026335255535122
1269213045260570044239730010 1269213045260570044239730011
2147126130296614163973406942 2147126130296614163973851232
-3476776109301026335255535122 -3476776109301026335255535121
-1314112720086285744124649834 -1314112720086285744122407661
-3476776109301026335255535122 -3476776109301026335255535121
-3476776109301023474153262612 -3476776109301023474151654832
3476776109301026335255535121 3476776109301026335255535122
3476776109301026335255535121 3476776109301026335255535122
3476776109301026335255535121 3476776109301026335255535122
3476776109301026335255535121 3476776109301026335255535122
3476776109301026335255535121 3476776109301026335255535122
3476776109301026335255535121 3476776109301026335255535122
3476776109301026335255535121 3476776109301026335255535122
3476776109301026335255535121 3476776109301026335255535122
3476776109301026335255535121 3476776109301026335255535122
2121237122623805576120586780 2121237122623805576120586781
-2162759106659768056413972459 -2162759106659768056413671514
3476776109301026335255535121 3476776109301026335255535122
3476776109301026335255535121 3476776109301026335255535122
3476776109301026335255535121 3476776109301026335255535122
3476776109301026335255535121 3476776109301026335255535122
3476776109301026335255535121 3476776109301026335255535122
3476776109301026335255535121 3476776109301026335255535122
3476776109301026335255535121 3476776109301026335255535122
3476776109301026335255535121 3476776109301026335255535122
3476776109301026335255535121 3476776109301026335255535122
3476776109301026335255535121 3476776109301026335255535122
3476776109301026335255535121 3476776109301026335255535122
3476776109301026335255535121 3476776109301026335255535122
3476776109301026335255535121 3476776109301026335255535122
-2405124620923422749558764181 -2405124620923422749558764180
-475556947078124939748039424 -475556947078124939746866044
-3476776109301026335255535122 -3476776109301026335255535121
-1200507824961373747466400051 -1200507824961373747465880505
3476776109301026335255535121 3476776109301026335255535122
562310606179953686957024371 562310606179953686957024372
3476776109301026335255535121 3476776109301026335255535122
3476776109301026335255535121 3476776109301026335255535122
-3476776109301026335255535122 -3476776109301026335255535121
3476776109301026335255535121 3476776109301026335255535122
3476776109301026335255535121 3476776109301026335255535122
3476776109301026335255535121 3476776109301026335255535122
3476776109301026335255535121 3476776109301026335255535122
-3476776109301026335255535122 -3476776109301026335255535121
-3476776109301026335255535122 -3476776109301026335255535121
3476776109300933707044460643 3476776109300933707046261718
702680598030476926777999502 702680598030476926784207052
2545427633118587465724264326 2545427633118587465738843961
2777458584669986620466568021 2777458584669986620469838899
-3476776109301158255686172960 -3476776109301158255671249385
527033746547367878308228316 527033746547367878308228317
3476776109301026335255535121 3476776109301026335255535122
3476776109301026335255535121 3476776109301026335255535122
3476776109301026335255535121 3476776109301026335255535122
-3476776109301026335255535122 -3476776109301026335255535121
3476776109301026335255535121 3476776109301026335255535122
3476776109301026335255535121 3476776109301026335255535122
3476776109301026335255535121 3476776109301026335255535122
3476776109301026335255535121 3476776109301026335255535122
3476776109301026335255535121 3476776109301026335255535122
3476776109300879658115682629 3476776109300879658131164652
61809697356482059172637953 61809697356482059174615991
-3341526955709883677600179251 -3341526955709883677596569239
-2805459595413179863720915784 -2805459595413179863719676035
-3476776109301019314588548956 -3476776109301019314586928288
3476776109301104255281312939 3476776109301104255283250669
-2211454917407447674732511822 -2211454917407447674732511821
3476776109301026335255535121 3476776109301026335255535122
-3476776109301026335255535122 -3476776109301026335255535121
3476776109301026335255535121 3476776109301026335255535122
3476776109301026335255535121 3476776109301026335255535122
3476776109301026335255535121 3476776109301026335255535122
3476776109301026335255535121 3476776109301026335255535122
7768790623364866517202323 7768790623364866517202324
3476776109301026335255535121 3476776109301026335255535122
1477060153726926580260795940 1477060153726926580260795941
-542770644546234129698830638 -542770644546234129698587684
-156926594213428816167955089 -156926594213428816166366448
1337442636100957003278779865 1337442636100957003281155675
-2157408153628908835670991014 -2157408153628908835669033843
3476776109301026335255535121 3476776109301026335255535122
3476776109301026335255535121 3476776109301026335255535122
3476776109301026335255535121 3476776109301026335255535122
3476776109301026335255535121 3476776109301026335255535122
3476776109301026335255535121 3476776109301026335255535122
3476776109301246378733439612 3476776109301246378733787819
2208769544323157983514467401 2208769544323157983514467402
3476776109301026335255535121 3476776109301026335255535122
3476776109301026335255535121 3476776109301026335255535122
3476776109301026335255535121 3476776109301026335255535122
-3476776109301230722914826930 -3476776109301230722912666875
-166412952818166734927479218 -166412952818166734925917116
3476776109301026335255535121 3476776109301026335255535122
3476776109301026335255535121 3476776109301026335255535122
3476776109301026335255535121 3476776109301026335255535122
-3476776109301026335255535122 -3476776109301026335255535121
3476776109301026335255535121 3476776109301026335255535122
3476776109301026335255535121 3476776109301026335255535122
3476776109301026335255535121 3476776109301026335255535122
3476776109301026335255535121 3476776109301026335255535122
3476776109301026335255535121 3476776109301026335255535122
594900532722570675542712498 594900532722570675542712499
3476776109301026335255535121 3476776109301026335255535122
-206146843440693418907337721 -206146843440693418904799347
3476776109301026335255535121 3476776109301026335255535122
3476776109300938981854327189 3476776109300938981857603618
1181109150701050659082529188 1181109150701050659083158124
3476776109301018438751666924 3476776109301018438765359201
3476776109300981955095005621 3476776109300981955096971055
3476776109301026335255535121 3476776109301026335255535122
-3476776109301024925217227767 -3476776109301024925210862278
3476776109301026335255535121 3476776109301026335255535122
3476776109301026335255535121 3476776109301026335255535122
3476776109301026335255535121 3476776109301026335255535122
3476776109301026335255535121 3476776109301026335255535122
3476776109301026335255535121 3476776109301026335255535122
-3476776109301026335255535122 -3476776109301026335255535121
-1633559386921580742376483956 -1633559386921580742376483955
-3027104251815192193071887638 -3027104251815192193070882810
2809765732172762170836683112 2809765732172762170836683113
3476776109301026335255535121 3476776109301026335255535122
-1154065861106553825339720221 -1154065861106553825339069455
531183455682267837871025291 531183455682267837872164030
3476776109301216365409770775 3476776109301216365411309622
2276378386826423464707728453 2276378386826423464708754545
879539080213020683699554296 879539080213020683699554297
3476776109301026335255535121 3476776109301026335255535122
433571949017348188457626689 433571949017348188457626690
3476776109301026335255535121 3476776109301026335255535122
3476776109301026335255535121 3476776109301026335255535122
3476776109301026335255535121 3476776109301026335255535122
3476776109301026335255535121 3476776109301026335255535122
-2269651524445133110382620802 -2269651524445133110382620801
2656574162645171562252333432 2656574162645171562252333433
-3476776109301026335255535122 -3476776109301026335255535121
3476776109300839184336992973 3476776109300839184339087004
-1865787298009333459922365551 -1865787298009333459921959574
3476776109301044373417879163 3476776109301044373418512389
3476776109301026335255535121 3476776109301026335255535122
3476776109301026335255535121 3476776109301026335255535122
3476776109301026335255535121 3476776109301026335255535122
-3476776109301026335255535122 -3476776109301026335255535121
3476776109301026335255535121 3476776109301026335255535122
-271542592906390982017389354 -271542592906390982017389353
3476776109301026335255535121 3476776109301026335255535122
3476776109301026335255535121 3476776109301026335255535122
3476776109301026335255535121 3476776109301026335255535122
3476776109301026335255535121 3476776109301026335255535122
3476776109301052540995231402 3476776109301052540996046266
-837350137599833387233585222 -837350137599833387233585221
-3172041352043634308265497502 -3172041352043634308265462400
723302924895040947671985524 723302924895040947673816157
2944539646339517628669304559 2944539646339517628683469404
2969052723349836490918811000 2969052723349836490928848990
312294365072792394472068159 312294365072792394472068160
-3476776109301026026045382979 -3476776109301026026038642302
3476776109301026335255535121 3476776109301026335255535122
3476776109301026335255535121 3476776109301026335255535122
3476776109301026335255535121 3476776109301026335255535122
3476776109301026335255535121 3476776109301026335255535122
3476776109301026335255535121 3476776109301026335255535122
3476776109301026335255535121 3476776109301026335255535122
3476776109301026335255535121 3476776109301026335255535122
3476776109300939116480711438 3476776109300939116490211094
3476776109301026335255535121 3476776109301026335255535122
1885002089319684177287979776 1885002089319684177287979777
-1874725052652347975060806560 -1874725052652347975060365259
1747132240920317157926356684 1747132240920317157927159446
1417053338839152687278979179 1417053338839152687280171660
2972373323828779969141591679 2972373323828779969142271406
2226123985320266907347266085 2226123985320266907347266086
3476776109301026335255535121 3476776109301026335255535122
3476776109301026335255535121 3476776109301026335255535122
3476776109301026335255535121 3476776109301026335255535122
3476776109301026335255535121 3476776109301026335255535122
3476776109301026335255535121 3476776109301026335255535122
3476776109301026335255535121 3476776109301026335255535122
3476776109301026335255535121 3476776109301026335255535122
3476776109301026335255535121 3476776109301026335255535122
-3476776109301026335255535122 -3476776109301026335255535121
3476776109301058863775422952 3476776109301058863775722970
-1483481815333407045445954012 -1483481815333407045445915595
3476776109301026335255535121 3476776109301026335255535122
3476776109301000489963252367 3476776109301000489963809617
-1861518161722609479260433077 -1861518161722609479260433076
3476776109301026335255535121 3476776109301026335255535122
3476776109301026335255535121 3476776109301026335255535122
3476776109301026335255535121 3476776109301026335255535122
3476776109301026335255535121 3476776109301026335255535122
3476776109301026335255535121 3476776109301026335255535122
3476776109301026335255535121 3476776109301026335255535122
3476776109301026335255535121 3476776109301026335255535122
3476776109301026335255535121 3476776109301026335255535122
3476776109301031933280943928 3476776109301031933283462163
2206191493398780666881239147 2206191493398780666881239148
3476776109301026335255535121 3476776109301026335255535122
2905061431041685590254764005 2905061431041685590255957275
2354300782493693420568413725 2354300782493693420575351142
-407360163123986213729468002 -407360163123986213729468001
-3476776109301026335255535122 -3476776109301026335255535121
-3476776109301026335255535122 -3476776109301026335255535121
3476776109301026335255535121 3476776109301026335255535122
3476776109301026335255535121 3476776109301026335255535122
3476776109301026335255535121 3476776109301026335255535122
3476776109301026335255535121 3476776109301026335255535122
3476776109301026335255535121 3476776109301026335255535122
3476776109301026335255535121 3476776109301026335255535122
3476776109301026335255535121 3476776109301026335255535122
3476776109301026335255535121 3476776109301026335255535122
3476776109301026335255535121 3476776109301026335255535122
3476776109301026335255535121 3476776109301026335255535122
251494948204334778498826351 251494948204334778498833612
3476776109301026335255535121 3476776109301026335255535122
3476776109301026335255535121 3476776109301026335255535122
-3476776109301026335255535122 -3476776109301026335255535121
-837189186796066166259087903 -837189186796066166259087902
3476776109301026335255535121 3476776109301026335255535122
3476776109301026335255535121 3476776109301026335255535122
3476776109301026335255535121 3476776109301026335255535122
3476776109301026335255535121 3476776109301026335255535122
3476776109301026335255535121 3476776109301026335255535122
3476776109301026335255535121 3476776109301026335255535122
3476776109301026335255535121 3476776109301026335255535122
3476776109301026335255535121 3476776109301026335255535122
3476776109301026335255535121 3476776109301026335255535122
3476776109301026335255535121 3476776109301026335255535122
-967201648369611394902285572 -967201648369611394901374085
3476776109301026335255535121 3476776109301026335255535122
3476776109301003854725058065 3476776109301003854732686784
-3476776109301026335255535122 -3476776109301026335255535121
3476776109301026335255535121 3476776109301026335255535122
3476776109301026335255535121 3476776109301026335255535122
3476776109301026335255535121 3476776109301026335255535122
3476776109301026335255535121 3476776109301026335255535122
3476776109301026335255535121 3476776109301026335255535122
3476776109301026335255535121 3476776109301026335255535122
3476776109301026335255535121 3476776109301026335255535122
3476776109301026335255535121 3476776109301026335255535122
2371741107955966771974499930 2371741107955966771978103623
3476776109301026335255535121 3476776109301026335255535122
3476776109301026335255535121 3476776109301026335255535122
1627264328331163856135431660 1627264328331163856135492591
3476776109301026335255535121 3476776109301026335255535122
3476776109300896308729832208 3476776109300896308732654970
-3476776109301026335255535122 -3476776109301026335255535121
-2181156759916809322572893606 -2181156759916809322572893605
3476776109301026335255535121 3476776109301026335255535122
3476776109301026335255535121 3476776109301026335255535122
3476776109301026335255535121 3476776109301026335255535122
3476776109301026335255535121 3476776109301026335255535122
3476776109301026335255535121 3476776109301026335255535122
3476776109301026335255535121 3476776109301026335255535122
3476776109301026335255535121 3476776109301026335255535122
3476776109301026335255535121 3476776109301026335255535122
3476776109301026335255535121 3476776109301026335255535122
3476776109301026335255535121 3476776109301026335255535122
269791645658750170900375251 269791645658750170901373025
838804751787461304796846028 838804751787461304797916528
3476776109301026335255535121 3476776109301026335255535122
3476776109301026335255535121 3476776109301026335255535122
-3476776109301026335255535122 -3476776109301026335255535121
3476776109301026335255535121 3476776109301026335255535122
3476776109301026335255535121 3476776109301026335255535122
3476776109301026335255535121 3476776109301026335255535122
3476776109301026335255535121 3476776109301026335255535122
3476776109301026335255535121 3476776109301026335255535122
3476776109301026335255535121 3476776109301026335255535122
-3476776109301026335255535122 -3476776109301026335255535121
-3476776109301006935120357591 -3476776109301006935118413309
3476776109301026335255535121 3476776109301026335255535122
3476776109301026335255535121 3476776109301026335255535122
3476776109301034681558723196 3476776109301034681560497897
3476776109301026335255535121 3476776109301026335255535122
-1197358542054573120528663960 -1197358542054573120524358010
-3476776109301026335255535122 -3476776109301026335255535121
923229596477747854766501969 923229596477747854766501970
3476776109301026335255535121 3476776109301026335255535122
3476776109301026335255535121 3476776109301026335255535122
3476776109301026335255535121 3476776109301026335255535122
3476776109301026335255535121 3476776109301026335255535122
3476776109301026335255535121 3476776109301026335255535122
3476776109301026335255535121 3476776109301026335255535122
3476776109301026335255535121 3476776109301026335255535122
883346612868954319890123643 883346612868954319893580213
3476776109301026335255535121 3476776109301026335255535122
-3476776109301026335255535122 -3476776109301026335255535121
-816629917575346684036902193 -816629917575346684031250355
2254254271789720667238454937 2254254271789720667240957588
-1857055044386805544101104085 -1857055044386805544101104084
3476776109301026335255535121 3476776109301026335255535122
3476776109301026335255535121 3476776109301026335255535122
3476776109301026335255535121 3476776109301026335255535122
3476776109301026335255535121 3476776109301026335255535122
3476776109301026335255535121 3476776109301026335255535122
3476776109301026335255535121 3476776109301026335255535122
3476776109301026335255535121 3476776109301026335255535122
3476776109301026335255535121 3476776109301026335255535122
3476776109301026335255535121 3476776109301026335255535122
-1048702875862418601496246976 -1048702875862418601494506943
804143559107551758289919213 804143559107551758289919214
-3476776109300941391912778760 -3476776109300941391895963107
2991924362763864977388199999 2991924362763864977388220363
3476776109301026335255535121 3476776109301026335255535122
-3476776109301042646806333761 -3476776109301042646805094012
-3476776109301026335255535122 -3476776109301026335255535121
3476776109301026335255535121 3476776109301026335255535122
-3476776109301026335255535122 -3476776109301026335255535121
-3476776109301026335255535122 -3476776109301026335255535121
3030666594528257782615421428 3030666594528257782615421429
3476776109301026335255535121 3476776109301026335255535122
3476776109301026335255535121 3476776109301026335255535122
548419503252131064642760191 548419503252131064642887464
313235775420109565515159725 313235775420109565516380271
-1516071927731461707505368102 -1516071927731461707505368101
2994005452712315614737897479 2994005452712315614739229425
-3476776109301026335255535122 -3476776109301026335255535121
-3476776109301026335255535122 -3476776109301026335255535121
3476776109301026335255535121 3476776109301026335255535122
3476776109301026335255535121 3476776109301026335255535122
-3476776109301026335255535122 -3476776109301026335255535121
3476776109301026335255535121 3476776109301026335255535122
3476776109301026335255535121 3476776109301026335255535122
3476776109301026335255535121 3476776109301026335255535122
175032431724890716633626651 175032431724890716633713833
-3476776109301026335255535122 -3476776109301026335255535121
-339500177401017344224031881 -339500177401017344222223612
-1540265092187724615294744146 -1540265092187724615294400038
-3476776109301026335255535122 -3476776109301026335255535121
3476776109301026335255535121 3476776109301026335255535122
3476776109301026335255535121 3476776109301026335255535122
3476776109301026335255535121 3476776109301026335255535122
3476776109301026335255535121 3476776109301026335255535122
3476776109301026335255535121 3476776109301026335255535122
3476776109300935692316556827 3476776109300935692316717723
531444087878598692062278979 531444087878598692062526572
3476776109301093809581802751 3476776109301093809591565679
3476776109300873078591890319 3476776109300873078595708908
-3476776109301041556894256172 -3476776109301041556892825818
3452633628658934617161928962 3452633628658934617161988513
3476776109301026335255535121 3476776109301026335255535122
3476776109301026335255535121 3476776109301026335255535122
-3476776109301026335255535122 -3476776109301026335255535121
3476776109301026335255535121 3476776109301026335255535122
-2078047949992484579588234945 -2078047949992484579588234944
3476776109301026335255535121 3476776109301026335255535122
-3476776109301026335255535122 -3476776109301026335255535121
3476776109301026335255535121 3476776109301026335255535122
3476776109301026335255535121 3476776109301026335255535122
-3476776109301026335255535122 -3476776109301026335255535121
-3476776109301026103173410676 -3476776109301026103171168007
-3476776109301026335255535122 -3476776109301026335255535121
3476776109301026335255535121 3476776109301026335255535122
3476776109301026335255535121 3476776109301026335255535122
-3476776109301026335255535122 -3476776109301026335255535121
3476776109301026335255535121 3476776109301026335255535122
3476776109301026335255535121 3476776109301026335255535122
3476776109301026335255535121 3476776109301026335255535122
3476776109301026335255535121 3476776109301026335255535122
-3476776109301026335255535122 -3476776109301026335255535121
3476776109301026335255535121 3476776109301026335255535122
-3476776109301026335255535122 -3476776109301026335255535121
3229080714918342104779171448 3229080714918342104779171449
3476776109301026335255535121 3476776109301026335255535122
3476776109301026335255535121 3476776109301026335255535122
-260188068634753235847451266 -260188068634753235842623597
-3476776109301026335255535122 -3476776109301026335255535121
-3476776109301026335255535122 -3476776109301026335255535121
3476776109301026335255535121 3476776109301026335255535122
-3476776109301026335255535122 -3476776109301026335255535121
3476776109301026335255535121 3476776109301026335255535122
3476776109301026335255535121 3476776109301026335255535122
3476776109301026335255535121 3476776109301026335255535122
3476776109301026335255535121 3476776109301026335255535122
3476776109301026335255535121 3476776109301026335255535122
3476776109301026335255535121 3476776109301026335255535122
3476776109301026335255535121 3476776109301026335255535122
-1412847866636070679294123484 -1412847866636070679283533210
3476776109301026335255535121 3476776109301026335255535122
3476776109301026335255535121 3476776109301026335255535122
1287489233261851561743534708 1287489233261851561744940062
-1352366602606243989416573193 -1352366602606243989416573192
-2644228722234865235754046267 -2644228722234865235752645298
3017479697399153215585773413 3017479697399153215585797376
-3476776109301026335255535122 -3476776109301026335255535121
-3476776109301104353838195701 -3476776109301104353836330669
3476776109301026335255535121 3476776109301026335255535122
759956919098614936930057066 759956919098614936930138358
1728982377674759985114307694 1728982377674759985115608359
925003427811141826885975897 925003427811141826885987879
-3476776109301026335255535122 -3476776109301026335255535121
129507568791003236869488431 129507568791003236870163793
-1040921925397348157230303422 -1040921925397348157230303421
-3476776109301026335255535122 -3476776109301026335255535121
3476776109301026335255535121 3476776109301026335255535122
-3476776109301026335255535122 -3476776109301026335255535121
3476776109301026335255535121 3476776109301026335255535122
3476776109301026335255535121 3476776109301026335255535122
3476776109301026335255535121 3476776109301026335255535122
3476776109301026335255535121 3476776109301026335255535122
3476776109301026335255535121 3476776109301026335255535122
-3476776109301026335255535122 -3476776109301026335255535121
-700828595497531636233037190 -700828595497531636233037189
1179196158062282479256071600 1179196158062282479257231289
3476776109301026335255535121 3476776109301026335255535122
3476776109300980842246691308 3476776109300980842246704740
-1052905219774905010363936282 -1052905219774905010361602742
-3476776109300955542582715363 -3476776109300955542569524173
-3476776109301026335255535122 -3476776109301026335255535121
3476776109301026335255535121 3476776109301026335255535122
3476776109301026335255535121 3476776109301026335255535122
3476776109301026335255535121 3476776109301026335255535122
3476776109301026335255535121 3476776109301026335255535122
3476776109301026335255535121 3476776109301026335255535122
3476776109301026335255535121 3476776109301026335255535122
3476776109301028907408069309 3476776109301028907408250449
3476776109301026335255535121 3476776109301026335255535122
-3476776109301026335255535122 -3476776109301026335255535121
-3476776109301026335255535122 -3476776109301026335255535121
3476776109301026335255535121 3476776109301026335255535122
-3476776109301024513689932559 -3476776109301024513689917382
2699037728387511608707391450 2699037728387511608708895051
-3476776109301026335255535122 -3476776109301026335255535121
3476776109301031627001927224 3476776109301031627002960165
-3476776109301026335255535122 -3476776109301026335255535121
-3476776109301026335255535122 -3476776109301026335255535121
3476776109301026335255535121 3476776109301026335255535122
-3476776109301026335255535122 -3476776109301026335255535121
-2623694652300131762355558035 -2623694652300131762355558034
3476776109301026335255535121 3476776109301026335255535122
-3476776109301026335255535122 -3476776109301026335255535121
-3476776109301026335255535122 -3476776109301026335255535121
1244161751445696404819050751 1244161751445696404819080686
-3476776109301026335255535122 -3476776109301026335255535121
-3476776109301026335255535122 -3476776109301026335255535121
-3476776109301026335255535122 -3476776109301026335255535121
678327306106408078024665831 678327306106408078024665832
3476776109301026335255535121 3476776109301026335255535122
3476776109301026335255535121 3476776109301026335255535122
1203121295436605348526250244 1203121295436605348526250245
3476776109301026335255535121 3476776109301026335255535122
3476776109300967159554915260 3476776109300967159557087952
3476776109301026335255535121 3476776109301026335255535122
-3476776109301026335255535122 -3476776109301026335255535121
25778268982473472755355127 25778268982473472758222627
3476776109301026335255535121 3476776109301026335255535122
3476776109300946516367589540 3476776109300946516379314363
2473116684522882237614197326 2473116684522882237614662286
3476776109301026335255535121 3476776109301026335255535122
-3476776109301036061898110020 -3476776109301036061897928491
2611760309963725557507785488 2611760309963725557507785489
3476776109301026335255535121 3476776109301026335255535122
-2230832541980174924880891256 -2230832541980174924880827641
-3476776109301026335255535122 -3476776109301026335255535121
1434773991343952210041745330 1434773991343952210041745331
3476776109301026335255535121 3476776109301026335255535122
-3476776109301026335255535122 -3476776109301026335255535121
3476776109301026335255535121 3476776109301026335255535122
-3349447557913399522847253023 -3349447557913399522846134769
3476776109301026335255535121 3476776109301026335255535122
3476776109301026335255535121 3476776109301026335255535122
3476776109301026335255535121 3476776109301026335255535122
3476776109301026335255535121 3476776109301026335255535122
3476776109301026335255535121 3476776109301026335255535122
3476776109301026335255535121 3476776109301026335255535122
-3217577552144360004536677280 -3217577552144360004535987493
3476776109301026335255535121 3476776109301026335255535122
3476776109301026335255535121 3476776109301026335255535122
3476776109301026335255535121 3476776109301026335255535122
3476776109301026335255535121 3476776109301026335255535122
3476776109301026335255535121 3476776109301026335255535122
3476776109301026335255535121 3476776109301026335255535122
3476776109301026335255535121 3476776109301026335255535122
3476776109301026335255535121 3476776109301026335255535122
3476776109301026335255535121 3476776109301026335255535122
3476776109301026335255535121 3476776109301026335255535122
-2992976958782607078567250004 -2992976958782607078566592174
3476776109301026335255535121 3476776109301026335255535122
3476776109301026335255535121 3476776109301026335255535122
3476776109301026335255535121 3476776109301026335255535122
3476776109301026335255535121 3476776109301026335255535122
3476776109301026335255535121 3476776109301026335255535122
3476776109301026335255535121 3476776109301026335255535122
3476776109301026335255535121 3476776109301026335255535122
3476776109301026335255535121 3476776109301026335255535122
3476776109301026335255535121 3476776109301026335255535122
3476776109301026335255535121 3476776109301026335255535122
-2768376365420854152597823737 -2768376365420854152597195847
3476776109301026335255535121 3476776109301026335255535122
3476776109301026335255535121 3476776109301026335255535122
3476776109301026335255535121 3476776109301026335255535122
3476776109301026335255535121 3476776109301026335255535122
3476776109301026335255535121 3476776109301026335255535122
3476776109301026335255535121 3476776109301026335255535122
-1959696575928888689480799754 -1959696575928888689479938721
3476776109301294592815457470 3476776109301294592816889066
3476776109301026335255535121 3476776109301026335255535122
3476776109301026335255535121 3476776109301026335255535122
3476776109301026335255535121 3476776109301026335255535122
-243344491532749089209647205 -243344491532749089209647204
3476776109301026335255535121 3476776109301026335255535122
-1744747607216090789104155241 -1744747607216090789102766483
-500338589835152661747919089 -500338589835152661743603602
3476776109301026335255535121 3476776109301026335255535122
3476776109301026335255535121 3476776109301026335255535122
3476776109301026335255535121 3476776109301026335255535122
3476776109301026335255535121 3476776109301026335255535122
3476776109301026335255535121 3476776109301026335255535122
3476776109301026335255535121 3476776109301026335255535122
3476776109301026335255535121 3476776109301026335255535122
3476776109301026335255535121 3476776109301026335255535122
3476776109301026335255535121 3476776109301026335255535122
-1741889695175890872901460353 -1741889695175890872900539031
2846590631223246487130977977 2846590631223246487132023779
91107053256426124347806190 91107053256426124348814150
3476776109301026335255535121 3476776109301026335255535122
3476776109301026335255535121 3476776109301026335255535122
3476776109301026335255535121 3476776109301026335255535122
3476776109301026335255535121 3476776109301026335255535122
3476776109301026335255535121 3476776109301026335255535122
3476776109301026335255535121 3476776109301026335255535122
3476776109301026335255535121 3476776109301026335255535122
3476776109301026335255535121 3476776109301026335255535122
-461324349801487371288892438 -461324349801487371287978954
-1171063037791790133368017247 -1171063037791790133367935198
3476776109301026335255535121 3476776109301026335255535122
3476776109301026335255535121 3476776109301026335255535122
3476776109301026335255535121 3476776109301026335255535122
3476776109301026335255535121 3476776109301026335255535122
3476776109301026335255535121 3476776109301026335255535122
-3476776109301174562678398717 -3476776109301174562677679240
3476776109301762854889838520 3476776109301762854896869101
3476776109301026335255535121 3476776109301026335255535122
2285659939601045579215908093 2285659939601045579215908094
3476776109301026335255535121 3476776109301026335255535122
3476776109301026335255535121 3476776109301026335255535122
3476776109301026335255535121 3476776109301026335255535122
3476776109301026335255535121 3476776109301026335255535122
3476776109301026335255535121 3476776109301026335255535122
3476776109301026335255535121 3476776109301026335255535122
3476776109301026335255535121 3476776109301026335255535122
-1613205579784239628680534250 -1613205579784239628679236839
3476776109300930680618867066 3476776109300930680619904559
3476776109301026335255535121 3476776109301026335255535122
765855386859595973929788737 765855386859595973932071016
821306539621488403594795292 821306539621488403594795293
3476776109301026335255535121 3476776109301026335255535122
3476776109301026335255535121 3476776109301026335255535122
3476776109301026335255535121 3476776109301026335255535122
3476776109301026335255535121 3476776109301026335255535122
3476776109301026335255535121 3476776109301026335255535122
3476776109301026335255535121 3476776109301026335255535122
3476776109301026335255535121 3476776109301026335255535122
3476776109301026335255535121 3476776109301026335255535122
3476776109301026335255535121 3476776109301026335255535122
3476776109301026335255535121 3476776109301026335255535122
842497247689718275935600666 842497247689718275936135764
3476776109300993525023322384 3476776109300993525026570522
-3476776109301026335255535122 -3476776109301026335255535121
2055860367798072134863278288 2055860367798072134863278289
-3476776109301026335255535122 -3476776109301026335255535121
3476776109301026335255535121 3476776109301026335255535122
-3476776109301026335255535122 -3476776109301026335255535121
3476776109301026335255535121 3476776109301026335255535122
3476776109301026335255535121 3476776109301026335255535122
3476776109301026335255535121 3476776109301026335255535122
-3476776109301023996868888807 -3476776109301023996868853705
-3410612653523566624544374083 -3410612653523566624542601858
3476776109301026335255535121 3476776109301026335255535122
3476776109301026335255535121 3476776109301026335255535122
3476776109301026335255535121 3476776109301026335255535122
3476776109301026335255535121 3476776109301026335255535122
3476776109301026335255535121 3476776109301026335255535122
3476776109301026335255535121 3476776109301026335255535122
3476776109301026335255535121 3476776109301026335255535122
3476776109301026335255535121 3476776109301026335255535122
3476776109301026335255535121 3476776109301026335255535122
3476776109301026335255535121 3476776109301026335255535122
-3126987454916514552794869868 -3126987454916514552794167680
3476776109301026335255535121 3476776109301026335255535122
3476776109301026335255535121 3476776109301026335255535122
1809410814632256473023743605 1809410814632256473023743606
3476776109301026335255535121 3476776109301026335255535122
3476776109301026335255535121 3476776109301026335255535122
3476776109301026335255535121 3476776109301026335255535122
3476776109301026335255535121 3476776109301026335255535122
3476776109301026335255535121 3476776109301026335255535122
3476776109301026335255535121 3476776109301026335255535122
3476776109301026335255535121 3476776109301026335255535122
3476776109301026335255535121 3476776109301026335255535122
3476776109301026335255535121 3476776109301026335255535122
3476776109301026335255535121 3476776109301026335255535122
3476776109301026335255535121 3476776109301026335255535122
2440428909086857200143865197 2440428909086857200144491259
1080391069324249874806861756 1080391069324249874809685064
-3476776109301037348334058305 -3476776109301037348333528764
-3476776109301026335255535122 -3476776109301026335255535121
3476776109301026335255535121 3476776109301026335255535122
3476776109301026335255535121 3476776109301026335255535122
3476776109301026335255535121 3476776109301026335255535122
3476776109301026335255535121 3476776109301026335255535122
3476776109301026335255535121 3476776109301026335255535122
3476776109301026335255535121 3476776109301026335255535122
2685924620273522107612288626 2685924620273522107612288627
-3476776109300842566138798627 -3476776109300842566136578317
3476776109301026335255535121 3476776109301026335255535122
3476776109301026335255535121 3476776109301026335255535122
-484668106273500293431970967 -484668106273500293431970966
3476776109301026335255535121 3476776109301026335255535122
3476776109301026335255535121 3476776109301026335255535122
3476776109301026335255535121 3476776109301026335255535122
3476776109301026335255535121 3476776109301026335255535122
3476776109301026335255535121 3476776109301026335255535122
3476776109301026335255535121 3476776109301026335255535122
3476776109301026335255535121 3476776109301026335255535122
-3476776109301024249353770993 -3476776109301024249353306022
3476776109301026335255535121 3476776109301026335255535122
3476776109301026335255535121 3476776109301026335255535122
271177588380972924472309331 271177588380972924472309332
3476776109301026335255535121 3476776109301026335255535122
3476776109301026335255535121 3476776109301026335255535122
3476776109301026335255535121 3476776109301026335255535122
3476776109301026335255535121 3476776109301026335255535122
3476776109301026335255535121 3476776109301026335255535122
3476776109301026335255535121 3476776109301026335255535122
3476776109301026335255535121 3476776109301026335255535122
3476776109301026335255535121 3476776109301026335255535122
3476776109301026335255535121 3476776109301026335255535122
3476776109301026335255535121 3476776109301026335255535122
3476776109301026335255535121 3476776109301026335255535122
1785720205261846016162641575 1785720205261846016163029470
3476776109301026335255535121 3476776109301026335255535122
-3476776109301026335255535122 -3476776109301026335255535121
-3476776109301026335255535122 -3476776109301026335255535121
3476776109301026335255535121 3476776109301026335255535122
3476776109301026335255535121 3476776109301026335255535122
3476776109301026335255535121 3476776109301026335255535122
3476776109301026335255535121 3476776109301026335255535122
3476776109301026335255535121 3476776109301026335255535122
3476776109301026335255535121 3476776109301026335255535122
1318252462712119470594221596 1318252462712119470594226405
-3476776109300841428278080634 -3476776109300841428275784516
3476776109301026335255535121 3476776109301026335255535122
3476776109301026335255535121 3476776109301026335255535122
3476776109301026335255535121 3476776109301026335255535122
-263800926153812593446318391 -263800926153812593446318390
3476776109301026335255535121 3476776109301026335255535122
3476776109301026335255535121 3476776109301026335255535122
3476776109301026335255535121 3476776109301026335255535122
3476776109301026335255535121 3476776109301026335255535122
3476776109301026335255535121 3476776109301026335255535122
3476776109301026335255535121 3476776109301026335255535122
3476776109301026335255535121 3476776109301026335255535122
3476776109301026335255535121 3476776109301026335255535122
3476776109301026335255535121 3476776109301026335255535122
3476776109301026335255535121 3476776109301026335255535122
-3476776109301024128407853710 -3476776109301024128407391768
3476776109301026335255535121 3476776109301026335255535122
3476776109301026335255535121 3476776109301026335255535122
349863153412779062748332210 349863153412779062748332211
3476776109301026335255535121 3476776109301026335255535122
3476776109301026335255535121 3476776109301026335255535122
3476776109301026335255535121 3476776109301026335255535122
3476776109301026335255535121 3476776109301026335255535122
3476776109301026335255535121 3476776109301026335255535122
3476776109301026335255535121 3476776109301026335255535122
3476776109301026335255535121 3476776109301026335255535122
3476776109301026335255535121 3476776109301026335255535122
3476776109301026335255535121 3476776109301026335255535122
3476776109301026335255535121 3476776109301026335255535122
3476776109301026335255535121 3476776109301026335255535122
-1684447060110687214734605093 -1684447060110687214734264246
3476776109301026335255535121 3476776109301026335255535122
3476776109301026335255535121 3476776109301026335255535122
3476776109301026335255535121 3476776109301026335255535122
-3476776109301026335255535122 -3476776109301026335255535121
3476776109301026335255535121 3476776109301026335255535122
3476776109301026335255535121 3476776109301026335255535122
3476776109301026335255535121 3476776109301026335255535122
3476776109301026335255535121 3476776109301026335255535122
3476776109301026335255535121 3476776109301026335255535122
3476776109301026335255535121 3476776109301026335255535122
3476776109301026335255535121 3476776109301026335255535122
3476776109301026832101588756 3476776109301026832101635258
3476776109301026335255535121 3476776109301026335255535122
-673327433997620397259944594 -673327433997620397259944593
-3476776109301025994405249572 -3476776109301025994404725975
2914367466612876975715512599 2914367466612876975720696959
3476776109301026335255535121 3476776109301026335255535122
447922352021304502164426143 447922352021304502164426144
3476776109301026335255535121 3476776109301026335255535122
3476776109301026335255535121 3476776109301026335255535122
3476776109301026335255535121 3476776109301026335255535122
3476776109301026335255535121 3476776109301026335255535122
3476776109301026335255535121 3476776109301026335255535122
3476776109301026335255535121 3476776109301026335255535122
3476776109301026335255535121 3476776109301026335255535122
-2275109471266843098841083515 -2275109471266843098840781459
3476776109300916659886424889 3476776109300916659887473767
3476776109301026335255535121 3476776109301026335255535122
-1562589238953201396362789741 -1562589238953201396362789740
3476776109301026335255535121 3476776109301026335255535122
3476776109301026335255535121 3476776109301026335255535122
3476776109301026335255535121 3476776109301026335255535122
3476776109301026335255535121 3476776109301026335255535122
3476776109301026335255535121 3476776109301026335255535122
3476776109301026335255535121 3476776109301026335255535122
3476776109301026335255535121 3476776109301026335255535122
3476776109301026335255535121 3476776109301026335255535122
3476776109301024205768285313 3476776109301024205768921085
3476776109301026335255535121 3476776109301026335255535122
3476776109301026335255535121 3476776109301026335255535122
842497247689718730452229336 842497247689718730452639102
2358948517642111382256414558 2358948517642111382256414559
-3476776109301026335255535122 -3476776109301026335255535121
2501667065107222217729363210 2501667065107222217729363211
3476776109301026335255535121 3476776109301026335255535122
3476776109301026335255535121 3476776109301026335255535122
3476776109301026335255535121 3476776109301026335255535122
3476776109301026335255535121 3476776109301026335255535122
3476776109301020152088469729 3476776109301020152089313324
2362259366028156698820499600 2362259366028156698820499601
-3476776109301026225160959520 -3476776109301026225160924419
-3476776109300949250386543962 -3476776109300949250386466308
3476776109301026335255535121 3476776109301026335255535122
1679765233029627936743511179 1679765233029627936743511180
2038520969203741850062419162 2038520969203741850062419163
3476776109301026335255535121 3476776109301026335255535122
3476776109301026335255535121 3476776109301026335255535122
3476776109301026335255535121 3476776109301026335255535122
3476776109301026335255535121 3476776109301026335255535122
3476776109301257920207807641 3476776109301257920215014424
3476776109301026335255535121 3476776109301026335255535122
3476776109301026335255535121 3476776109301026335255535122
-3476776109301029120885760666 -3476776109301029120882660674
3476776109301026335255535121 3476776109301026335255535122
3476776109301026335255535121 3476776109301026335255535122
95404201024266971739160115 95404201024266971739160116
3476776109301026335255535121 3476776109301026335255535122
3476776109301026335255535121 3476776109301026335255535122
3476776109301026335255535121 3476776109301026335255535122
3476776109301026335255535121 3476776109301026335255535122
3476776109301026335255535121 3476776109301026335255535122
3476776109301026335255535121 3476776109301026335255535122
3476776109301026335255535121 3476776109301026335255535122
3476776109301026335255535121 3476776109301026335255535122
3476776109301026335255535121 3476776109301026335255535122
3476776109301026335255535121 3476776109301026335255535122
3476776109301026335255535121 3476776109301026335255535122
-1822672619665362441017906097 -1822672619665362441015411151
3476776109301026335255535121 3476776109301026335255535122
3476776109301026335255535121 3476776109301026335255535122
-3476776109301026335255535122 -3476776109301026335255535121
3476776109301026335255535121 3476776109301026335255535122
3476776109301026335255535121 3476776109301026335255535122
3476776109301026335255535121 3476776109301026335255535122
3476776109301026335255535121 3476776109301026335255535122
1910835814206517598787239231 1910835814206517598795231017
3476776109301026335255535121 3476776109301026335255535122
1318252462712119470594221596 1318252462712119470594226405
-3476776109300957361329598881 -3476776109300957361326841245
3476776109301026335255535121 3476776109301026335255535122
-982638405378231828569898486 -982638405378231828569898485
3476776109301026335255535121 3476776109301026335255535122
3476776109301026335255535121 3476776109301026335255535122
3476776109301026335255535121 3476776109301026335255535122
3476776109301026335255535121 3476776109301026335255535122
3476776109301026335255535121 3476776109301026335255535122
3476776109301026335255535121 3476776109301026335255535122
3476776109301026335255535121 3476776109301026335255535122
3476776109301026335255535121 3476776109301026335255535122
-1949849049079531727557799053 -1949849049079531727557583660
3476776109301026335255535121 3476776109301026335255535122
3476776109300974682002778200 3476776109300974682005781810
3476776109301026335255535121 3476776109301026335255535122
-3476776109301026335255535122 -3476776109301026335255535121
1720847681938999440244885359 1720847681938999440244885360
3476776109301026335255535121 3476776109301026335255535122
3476776109301026335255535121 3476776109301026335255535122
3476776109301026335255535121 3476776109301026335255535122
-3476776109301026335255535122 -3476776109301026335255535121
3476776109301026335255535121 3476776109301026335255535122
-445468482830883181096499995 -445468482830883181095820834
3476776109301026335255535121 3476776109301026335255535122
3476776109301026335255535121 3476776109301026335255535122
-3476776109301026335255535122 -3476776109301026335255535121
-3476776109301026335255535122 -3476776109301026335255535121
-3476776109301026335255535122 -3476776109301026335255535121
3476776109301026335255535121 3476776109301026335255535122
3476776109301026335255535121 3476776109301026335255535122
-3476776109301026335255535122 -3476776109301026335255535121
3476776109301026335255535121 3476776109301026335255535122
3476776109301026335255535121 3476776109301026335255535122
1340822077139712876352215896 1340822077139712876352691434
-846380130917204640096771902 -846380130917204640096390691
72053923124068360626780192 72053923124068360630141774
-3476776109301026335255535122 -3476776109301026335255535121
3476776109301026335255535121 3476776109301026335255535122
3476776109301026335255535121 3476776109301026335255535122
3476776109301026335255535121 3476776109301026335255535122
3476776109301026335255535121 3476776109301026335255535122
3476776109301026335255535121 3476776109301026335255535122
3476776109301026335255535121 3476776109301026335255535122
3476776109301026335255535121 3476776109301026335255535122
-3364292239552596924011635957 -3364292239552596924011031974
3476776109301026335255535121 3476776109301026335255535122
1446866111175967599547796857 1446866111175967599547796858
3476776109301026335255535121 3476776109301026335255535122
-3476776109301026335255535122 -3476776109301026335255535121
3476776109301026335255535121 3476776109301026335255535122
3476776109301026335255535121 3476776109301026335255535122
3476776109301026335255535121 3476776109301026335255535122
3476776109301026335255535121 3476776109301026335255535122
3476776109301026335255535121 3476776109301026335255535122
3476776109301026335255535121 3476776109301026335255535122
3476776109301026335255535121 3476776109301026335255535122
3476776109301026335255535121 3476776109301026335255535122
3476776109301026335255535121 3476776109301026335255535122
3476776109301026335255535121 3476776109301026335255535122
-3476776109301027652388098131 -3476776109301027652387850867
3476776109300675460055068785 3476776109300675460075490605
3476776109301026335255535121 3476776109301026335255535122
1771553704292678443489907290 1771553704292678443489907291
-2692783216806784913711917768 -2692783216806784913711917767
3476776109301026335255535121 3476776109301026335255535122
3476776109301026335255535121 3476776109301026335255535122
3476776109301026335255535121 3476776109301026335255535122
3476776109301026335255535121 3476776109301026335255535122
3476776109301026335255535121 3476776109301026335255535122
3476776109301026335255535121 3476776109301026335255535122
3476776109301026335255535121 3476776109301026335255535122
3476776109301026335255535121 3476776109301026335255535122
3476776109301026335255535121 3476776109301026335255535122
3476776109301026335255535121 3476776109301026335255535122
-3476776109301026640421864413 -3476776109301026640421404371
3476776109301026335255535121 3476776109301026335255535122
-3476776109301026335255535122 -3476776109301026335255535121
3476776109301026335255535121 3476776109301026335255535122
19745822192004449283116801 19745822192004449283116802
3476776109301026335255535121 3476776109301026335255535122
3476776109301026335255535121 3476776109301026335255535122
3476776109301026335255535121 3476776109301026335255535122
3476776109301026335255535121 3476776109301026335255535122
3476776109301026335255535121 3476776109301026335255535122
3476776109301026335255535121 3476776109301026335255535122
3476776109301026335255535121 3476776109301026335255535122
3476776109301026335255535121 3476776109301026335255535122
3476776109301026335255535121 3476776109301026335255535122
3476776109301026335255535121 3476776109301026335255535122
-3476776109301025865763313570 -3476776109301025865762833507
3476776109301026335255535121 3476776109301026335255535122
-3476776109301026335255535122 -3476776109301026335255535121
3476776109301026335255535121 3476776109301026335255535122
2619024248244400125714697384 2619024248244400125714697385
3476776109301026335255535121 3476776109301026335255535122
3476776109301026335255535121 3476776109301026335255535122
3476776109301026335255535121 3476776109301026335255535122
3476776109301026335255535121 3476776109301026335255535122
3476776109301026335255535121 3476776109301026335255535122
3476776109301026335255535121 3476776109301026335255535122
3476776109301026335255535121 3476776109301026335255535122
3476776109301026335255535121 3476776109301026335255535122
3476776109301026335255535121 3476776109301026335255535122
3476776109301026335255535121 3476776109301026335255535122
-3476776109301003710371784810 -3476776109301003710371008372
3476776109301026335255535121 3476776109301026335255535122
3476776109301026335255535121 3476776109301026335255535122
-3476776109301026335255535122 -3476776109301026335255535121
3476776109301026335255535121 3476776109301026335255535122
3476776109301026335255535121 3476776109301026335255535122
3476776109301026335255535121 3476776109301026335255535122
3476776109301026335255535121 3476776109301026335255535122
3476776109301026335255535121 3476776109301026335255535122
3476776109301026335255535121 3476776109301026335255535122
3476776109301026335255535121 3476776109301026335255535122
3476776109301026335255535121 3476776109301026335255535122
3476776109301026335255535121 3476776109301026335255535122
3476776109301026335255535121 3476776109301026335255535122
3476776109301026335255535121 3476776109301026335255535122
-3476776109301099506682619564 -3476776109301099506674590457
3476776109301026335255535121 3476776109301026335255535122
3476776109301026335255535121 3476776109301026335255535122
3476776109301026335255535121 3476776109301026335255535122
3476776109301026335255535121 3476776109301026335255535122
3476776109301026335255535121 3476776109301026335255535122
3476776109301026335255535121 3476776109301026335255535122
3476776109301026335255535121 3476776109301026335255535122
3476776109301026335255535121 3476776109301026335255535122
3476776109301026335255535121 3476776109301026335255535122
3476776109301026335255535121 3476776109301026335255535122
3476776109301026335255535121 3476776109301026335255535122
-3476776109301026335255535122 -3476776109301026335255535121
3476776109301026335255535121 3476776109301026335255535122
1954687629091657865626490200 1954687629091657865626490201
-3476776109300917484143139048 -3476776109300917484142004314
3476776109301026335255535121 3476776109301026335255535122
-2913518519260619610725466850 -2913518519260619610723994944
3476776109301026335255535121 3476776109301026335255535122
3476776109301026335255535121 3476776109301026335255535122
3476776109301026335255535121 3476776109301026335255535122
3476776109301026335255535121 3476776109301026335255535122
1976441535162286223035802130 1976441535162286223035802131
3476776109301026335255535121 3476776109301026335255535122
3476776109301026335255535121 3476776109301026335255535122
3476776109301026335255535121 3476776109301026335255535122
-3476776109301182830844931664 -3476776109301182830828240879
3476776109301026335255535121 3476776109301026335255535122
3476776109301155475959734034 3476776109301155475973760201
-3476776109301026335255535122 -3476776109301026335255535121
3476776109301026335255535121 3476776109301026335255535122
1461362806595083557066210382 1461362806595083557066210383
3476776109301026335255535121 3476776109301026335255535122
-864712922713126993504411649 -864712922713126993504411648
3476776109301026335255535121 3476776109301026335255535122
1383700481869140032253876966 1383700481869140032253876967
3476776109301026335255535121 3476776109301026335255535122
-2577330897881268814405390268 -2577330897881268814405317089
3476776109301026335255535121 3476776109301026335255535122
-3476776109301026335255535122 -3476776109301026335255535121
-3476776109301026335255535122 -3476776109301026335255535121
3476776109301026335255535121 3476776109301026335255535122
3476776109301026335255535121 3476776109301026335255535122
3476776109301026335255535121 3476776109301026335255535122
3476776109301026335255535121 3476776109301026335255535122
3476776109301026335255535121 3476776109301026335255535122
3476776109301026335255535121 3476776109301026335255535122
3476776109301026335255535121 3476776109301026335255535122
601690349059010383656488794 601690349059010383656488795
3476776109301026335255535121 3476776109301026335255535122
3476776109301026335255535121 3476776109301026335255535122
3476776109301026335255535121 3476776109301026335255535122
-2862004800167624675064560985 -2862004800167624675064219969
3476776109301026335255535121 3476776109301026335255535122
-3476776109301026335255535122 -3476776109301026335255535121
3476776109301026335255535121 3476776109301026335255535122
3476776109301026335255535121 3476776109301026335255535122
3476776109301026335255535121 3476776109301026335255535122
-3476776109301026335255535122 -3476776109301026335255535121
3476776109301026335255535121 3476776109301026335255535122
-3476776109301026335255535122 -3476776109301026335255535121
3476776109301026335255535121 3476776109301026335255535122
3476776109301026335255535121 3476776109301026335255535122
3476776109301026335255535121 3476776109301026335255535122
-3476776109301026335255535122 -3476776109301026335255535121
-3476776109301026335255535122 -3476776109301026335255535121
3476776109301026335255535121 3476776109301026335255535122
-415713196834456966265251863 -415713196834456966261587443
3476776109301026335255535121 3476776109301026335255535122
-3476776109301026335255535122 -3476776109301026335255535121
-1053563537628266865684399860 -1053563537628266865684399859
3476776109301026335255535121 3476776109301026335255535122
3476776109301026335255535121 3476776109301026335255535122
3476776109301026335255535121 3476776109301026335255535122
2869557092786944019423351786 2869557092786944019424530224
3476776109301026335255535121 3476776109301026335255535122
3476776109301026335255535121 3476776109301026335255535122
3476776109300236995171421571 3476776109300236995179613614
3476776109301038096596694999 3476776109301038096598838113
-845455927073367472065900302 -845455927073367472065900301
-3476776109301038908555554155 -3476776109301038908552559165
-3476776109301026335255535122 -3476776109301026335255535121
3476776109301026335255535121 3476776109301026335255535122
3476776109301026335255535121 3476776109301026335255535122
3476776109301026335255535121 3476776109301026335255535122
3476776109301026335255535121 3476776109301026335255535122
3476776109301026335255535121 3476776109301026335255535122
-2008834352456339981115585430 -2008834352456339981115585429
3476776109301020483256814350 3476776109301020483257133174
-1921777121047511103106310826 -1921777121047511103105340630
3476776109301026335255535121 3476776109301026335255535122
-3476776109301312328959765992 -3476776109301312328958325840
-3476776109301026335255535122 -3476776109301026335255535121
3476776109301026335255535121 3476776109301026335255535122
3476776109301026335255535121 3476776109301026335255535122
3476776109301026335255535121 3476776109301026335255535122
3476776109301026335255535121 3476776109301026335255535122
3476776109301026335255535121 3476776109301026335255535122
3476776109301026335255535121 3476776109301026335255535122
3476776109301026335255535121 3476776109301026335255535122
-1248759464002649444531405672 -1248759464002649444531405671
1505822490908477909397387456 1505822490908477909397387457
3476776109301026335255535121 3476776109301026335255535122
3476776109301026335255535121 3476776109301026335255535122
1737094961763000160763807363 1737094961763000160764538228
3476776109301026335255535121 3476776109301026335255535122
-3476776109301026335255535122 -3476776109301026335255535121
-3476776109301026335255535122 -3476776109301026335255535121
3476776109301026335255535121 3476776109301026335255535122
3476776109301026335255535121 3476776109301026335255535122
3476776109301026335255535121 3476776109301026335255535122
3476776109301026335255535121 3476776109301026335255535122
3476776109301026335255535121 3476776109301026335255535122
3476776109301026335255535121 3476776109301026335255535122
3476776109301026335255535121 3476776109301026335255535122
3476776109301026335255535121 3476776109301026335255535122
-925618048997232331544210114 -925618048997232331542490551
-3476776109301026335255535122 -3476776109301026335255535121
51807443771735346009360511 51807443771735346011771594
-3476776109301061405070486451 -3476776109301061405070290678
3476776109301026335255535121 3476776109301026335255535122
-3476776109301026335255535122 -3476776109301026335255535121
-3476776109301026335255535122 -3476776109301026335255535121
3476776109301026335255535121 3476776109301026335255535122
3476776109301026335255535121 3476776109301026335255535122
3476776109301026335255535121 3476776109301026335255535122
3476776109301026335255535121 3476776109301026335255535122
3476776109301026335255535121 3476776109301026335255535122
3476776109301026335255535121 3476776109301026335255535122
3476776109301026335255535121 3476776109301026335255535122
3476776109301026335255535121 3476776109301026335255535122
1712035989068604515791755059 1712035989068604515791823315
3476776109301026335255535121 3476776109301026335255535122
3476776109301026335255535121 3476776109301026335255535122
-2545482666959403519136619821 -2545482666959403519136516362
3476776109301026335255535121 3476776109301026335255535122
-1328958616269945730357504157 -1328958616269945730357504156
149019021031383038856090460 149019021031383038856090461
3476776109301026335255535121 3476776109301026335255535122
3476776109301026335255535121 3476776109301026335255535122
3476776109301026335255535121 3476776109301026335255535122
3476776109301026335255535121 3476776109301026335255535122
3476776109301026335255535121 3476776109301026335255535122
-3476776109301026335255535122 -3476776109301026335255535121
3476776109301026335255535121 3476776109301026335255535122
3476776109301026335255535121 3476776109301026335255535122
3476776109301026335255535121 3476776109301026335255535122
-3476776109301026335255535122 -3476776109301026335255535121
3476776109301026335255535121 3476776109301026335255535122
-3476776109301026335255535122 -3476776109301026335255535121
3476776109301026335255535121 3476776109301026335255535122
-2771463813439930473742247611 -2771463813439930473742027340
3476776109301026335255535121 3476776109301026335255535122
3476776109301026335255535121 3476776109301026335255535122
3476776109301026335255535121 3476776109301026335255535122
3476776109301026335255535121 3476776109301026335255535122
142807384566797941534147853 142807384566797941534147854
3476776109301026335255535121 3476776109301026335255535122
3476776109301026335255535121 3476776109301026335255535122
3476776109301026335255535121 3476776109301026335255535122
3476776109301036096996704420 3476776109301036097001019379
3476776109301026335255535121 3476776109301026335255535122
-1518962928455686985305093474 -1518962928455686985302312976
3476776109301026335255535121 3476776109301026335255535122
3476776109301026335255535121 3476776109301026335255535122
3476776109301026335255535121 3476776109301026335255535122
3476776109301026335255535121 3476776109301026335255535122
-1892602644076553177591719865 -1892602644076553177591719864
3476776109301026335255535121 3476776109301026335255535122
-3476776109301029046114973001 -3476776109301029046114973000
1983231442629462807755893850 1983231442629462807755893851
-3476776109301015798917990111 -3476776109301015798916948388
-760704386024923106070278948 -760704386024923106070278947
3476776109301026335255535121 3476776109301026335255535122
3476776109301026335255535121 3476776109301026335255535122
3476776109301026335255535121 3476776109301026335255535122
3476776109301026335255535121 3476776109301026335255535122
3476776109301026335255535121 3476776109301026335255535122
-3476776109301016824957994408 -3476776109301016824957311463
3476776109301026335255535121 3476776109301026335255535122
-3476776109301026335255535122 -3476776109301026335255535121
3330856815505052693367111936 3330856815505052693367111937
3476776109301026335255535121 3476776109301026335255535122
3476776109301026335255535121 3476776109301026335255535122
3476776109301026335255535121 3476776109301026335255535122
3476776109301026335255535121 3476776109301026335255535122
3476776109301026335255535121 3476776109301026335255535122
3476776109301026335255535121 3476776109301026335255535122
3476776109301026335255535121 3476776109301026335255535122
-3476776109301029979441241369 -3476776109301029979440974631
-2030953365871693702486967663 -2030953365871693702486967662
3476776109301026335255535121 3476776109301026335255535122
3476776109301026335255535121 3476776109301026335255535122
3476776109301026335255535121 3476776109301026335255535122
3476776109301026335255535121 3476776109301026335255535122
3476776109301026335255535121 3476776109301026335255535122
3476776109301026335255535121 3476776109301026335255535122
3476776109301026335255535121 3476776109301026335255535122
3476776109301026335255535121 3476776109301026335255535122
3476776109301026335255535121 3476776109301026335255535122
-709120524096908291552487091 -709120524096908291551016538
-3476776109301063972538455489 -3476776109301063972536794270
3476776109301026335255535121 3476776109301026335255535122
3476776109301026335255535121 3476776109301026335255535122
3476776109301026335255535121 3476776109301026335255535122
3476776109301026335255535121 3476776109301026335255535122
3476776109301026335255535121 3476776109301026335255535122
-3476776109300995177326014338 -3476776109300995177324845878
3476776109301026335255535121 3476776109301026335255535122
3476776109301026335255535121 3476776109301026335255535122
-985180268240003612326010465 -985180268240003612326010464
3476776109301026335255535121 3476776109301026335255535122
3476776109301026335255535121 3476776109301026335255535122
3476776109301026335255535121 3476776109301026335255535122
3476776109301026335255535121 3476776109301026335255535122
3476776109301026335255535121 3476776109301026335255535122
3476776109301026335255535121 3476776109301026335255535122
-3476776109301026335255535122 -3476776109301026335255535121
-2838483384788577314057981809 -2838483384788577314056944110
-3476776109301026335255535122 -3476776109301026335255535121
3373828616188714109965784726 3373828616188714109965784727
3476776109301026335255535121 3476776109301026335255535122
3476776109301026335255535121 3476776109301026335255535122
3476776109301026335255535121 3476776109301026335255535122
3476776109301026335255535121 3476776109301026335255535122
2809299938997924959488275921 2809299938997924959488275922
3476776109301026335255535121 3476776109301026335255535122
3476776109301026335255535121 3476776109301026335255535122
-430977228865612572164502470 -430977228865612572164502469
-3476776109301060224269859304 -3476776109301060224266777917
3476776109301026335255535121 3476776109301026335255535122
-1647716527814631467420664778 -1647716527814631467420664777
3476776109301026335255535121 3476776109301026335255535122
3476776109301026335255535121 3476776109301026335255535122
3476776109301026335255535121 3476776109301026335255535122
3476776109301026335255535121 3476776109301026335255535122
3476776109301026335255535121 3476776109301026335255535122
3476776109301026335255535121 3476776109301026335255535122
3476776109301026335255535121 3476776109301026335255535122
3476776109301026335255535121 3476776109301026335255535122
-3476776109301079921176976061 -3476776109301079921173050271
3476776109301026335255535121 3476776109301026335255535122
-1929214034585153802086554417 -1929214034585153802086554416
3476776109301026335255535121 3476776109301026335255535122
3476776109301026335255535121 3476776109301026335255535122
3476776109301026335255535121 3476776109301026335255535122
3476776109301026335255535121 3476776109301026335255535122
3476776109301026335255535121 3476776109301026335255535122
3476776109301026335255535121 3476776109301026335255535122
3476776109301026335255535121 3476776109301026335255535122
3476776109301026335255535121 3476776109301026335255535122
-1281140391040332085864737711 -1281140391040332085864663052
3476776109301026335255535121 3476776109301026335255535122
-3476776109301026335255535122 -3476776109301026335255535121
3476776109301026335255535121 3476776109301026335255535122
3476776109301026335255535121 3476776109301026335255535122
3476776109301026335255535121 3476776109301026335255535122
3476776109301026335255535121 3476776109301026335255535122
3476776109301026335255535121 3476776109301026335255535122
3476776109301026335255535121 3476776109301026335255535122
-3476776109301026335255535122 -3476776109301026335255535121
3476776109301026335255535121 3476776109301026335255535122
-3476776109301095497899866248 -3476776109301095497896583935
3476776109301026335255535121 3476776109301026335255535122
3476776109301026335255535121 3476776109301026335255535122
-3476776109301026335255535122 -3476776109301026335255535121
320233130106123223111299624 320233130106123223111299625
3476776109301026335255535121 3476776109301026335255535122
3476776109301026335255535121 3476776109301026335255535122
3476776109301026335255535121 3476776109301026335255535122
3476776109301026335255535121 3476776109301026335255535122
3476776109301026335255535121 3476776109301026335255535122
3476776109301026335255535121 3476776109301026335255535122
3476776109301026335255535121 3476776109301026335255535122
3476776109301026335255535121 3476776109301026335255535122
3476776109301026335255535121 3476776109301026335255535122
3476776109301026335255535121 3476776109301026335255535122
813627950917439938853087572 813627950917439938853087573
3476776109301026335255535121 3476776109301026335255535122
-3476776109301108048403040557 -3476776109301108048396366550
3476776109301026335255535121 3476776109301026335255535122
3476776109301026335255535121 3476776109301026335255535122
3476776109301026335255535121 3476776109301026335255535122
3476776109301026335255535121 3476776109301026335255535122
3476776109301026335255535121 3476776109301026335255535122
3476776109301026335255535121 3476776109301026335255535122
3476776109301026335255535121 3476776109301026335255535122
3476776109301026335255535121 3476776109301026335255535122
3476776109301026335255535121 3476776109301026335255535122
-3046485804876539380137236519 -3046485804876539380135030643
-3476776109301026335255535122 -3476776109301026335255535121
3476776109301026335255535121 3476776109301026335255535122
3476776109301026335255535121 3476776109301026335255535122
3476776109301026335255535121 3476776109301026335255535122
-3476776109301026335255535122 -3476776109301026335255535121
-3476776109301026335255535122 -3476776109301026335255535121
-3476776109300968427990385071 -3476776109300968427989213723
-3476776109301026335255535122 -3476776109301026335255535121
3476776109301026335255535121 3476776109301026335255535122
1523682961673725808341839729 1523682961673725808341839730
3476776109301026335255535121 3476776109301026335255535122
3476776109301026335255535121 3476776109301026335255535122
3476776109301026335255535121 3476776109301026335255535122
3476776109301026335255535121 3476776109301026335255535122
3476776109301026335255535121 3476776109301026335255535122
3476776109301026335255535121 3476776109301026335255535122
3476776109301026335255535121 3476776109301026335255535122
3476776109301026335255535121 3476776109301026335255535122
-504343722215108058814994287 -504343722215108058814929880
3476776109301026335255535121 3476776109301026335255535122
2170224902711614638406644158 2170224902711614638406644159
-3476776109301026335255535122 -3476776109301026335255535121
3476776109301026335255535121 3476776109301026335255535122
-3476776109301026335255535122 -3476776109301026335255535121
3476776109301026335255535121 3476776109301026335255535122
-3476776109301026335255535122 -3476776109301026335255535121
3476776109301026335255535121 3476776109301026335255535122
3476776109301026335255535121 3476776109301026335255535122
3476776109301020412411806949 3476776109301020412411883288
3476776109301026335255535121 3476776109301026335255535122
-1912424449758188560133945487 -1912424449758188560133945486
-3476776109301026335255535122 -3476776109301026335255535121
-3187044766859274140650907195 -3187044766859274140650907194
3476776109301026335255535121 3476776109301026335255535122
2698223786961347225118499311 2698223786961347225124199770
1837463808355342154027088296 1837463808355342154036185068
-3476776109301026335255535122 -3476776109301026335255535121
-3476776109300941904698617984 -3476776109300941904675964950
-3476776109301026335255535122 -3476776109301026335255535121
-3476776109301026335255535122 -3476776109301026335255535121
2271449069177512050704555757 2271449069177512050717776838
293642865676349444100121449 293642865676349444102787799
451582948530859829451218698 451582948530859829455791426
1456130679353898234674189620 1456130679353898234680713104
3476776109301026335255535121 3476776109301026335255535122
-3476776109301026335255535122 -3476776109301026335255535121
-3476776109301026335255535122 -3476776109301026335255535121
-3476776109301026335255535122 -3476776109301026335255535121
-1749217121103670310240271797 -1749217121103670310240271796
-3476776109301026335255535122 -3476776109301026335255535121
-3476776109301026335255535122 -3476776109301026335255535121
-2784343227604508307499393225 -2784343227604508307494375300
3438736952043832282974923026 3438736952043832282975892352
1842702456582793616740187296 1842702456582793616743662911
405204585503746180663067944 405204585503746180666021943
-3476776109301026335255535122 -3476776109301026335255535121
-3476776109301026335255535122 -3476776109301026335255535121
-3476776109301026335255535122 -3476776109301026335255535121
-3476776109301026335255535122 -3476776109301026335255535121
-3476776109301026335255535122 -3476776109301026335255535121
-3476776109301026335255535122 -3476776109301026335255535121
-3476776109301026335255535122 -3476776109301026335255535121
221192163628155191173099785 221192163628155191173851989
-310807439660946970740366451 -310807439660946970739998334
2113357427397414419004167970 2113357427397414419005425667
-3476776109300741338562261283 -3476776109300741338561303070
3476776109301026335255535121 3476776109301026335255535122
-1888335998950384075685082774 -1888335998950384075672721618
-3476776109301026335255535122 -3476776109301026335255535121
-3476776109301026335255535122 -3476776109301026335255535121
-3476776109301026335255535122 -3476776109301026335255535121
-3476776109301026335255535122 -3476776109301026335255535121
2945259652018433389915661509 2945259652018433389915661510
-1833124937508358052944396950 -1833124937508358052942140303
3372833737939471487565230779 3372833737939471487566602463
1924358614005720553563372212 1924358614005720553585606778
-3476776109301026335255535122 -3476776109301026335255535121
-3476776109301026335255535122 -3476776109301026335255535121
-3476776109301026335255535122 -3476776109301026335255535121
-3476776109300759376690147419 -3476776109300759376668638324
1299314678476407360703093996 1299314678476407360705711141
2183941266310270659366256401 2183941266310270659367750022
-519812720079504918004910396 -519812720079504917984130106
-3393999453777155562826828165 -3393999453777155562819137936
-3476776109301026335255535122 -3476776109301026335255535121
-3476776109301154658583993223 -3476776109301154658564173004
-2974710287728357315707403704 -2974710287728357315707403703
-408828767726763200735566730 -408828767726763200735566729
-3212407039109537219690910967 -3212407039109537219690910966
-3476776109301026335255535122 -3476776109301026335255535121
3476776109301026335255535121 3476776109301026335255535122
3226263251115074229448426942 3226263251115074229460843292
2211492932761393988777059752 2211492932761393988778200451
751746205018577737597563695 751746205018577737601138810
-1626763705676765415156165986 -1626763705676765415152127924
-1580599262741918753799773384 -1580599262741918753799773383
-3476776109301108639992970626 -3476776109301108639985123827
-3476776109301026335255535122 -3476776109301026335255535121
-3476776109300427720584071393 -3476776109300427720555200049
-3476776109301026335255535122 -3476776109301026335255535121
-3476776109301026335255535122 -3476776109301026335255535121
-843456098007638654933470063 -843456098007638654933470062
-421951168540502354440031066 -421951168540502354437165869
1256898718589455917747979512 1256898718589455917748805770
706635864751902911826201825 706635864751902911839543164
1314054781437997760479046340 1314054781437997760479046341
-3476776109301026335255535122 -3476776109301026335255535121
-3476776109301026335255535122 -3476776109301026335255535121
-3476776109300541974276802847 -3476776109300541974262046242
-2497322034357991556356304371 -2497322034357991556353575708
-302560305361035722851453729 -302560305361035722848585683
-2517663394093226193026352003 -2517663394093226193023287995
3476776109301026335255535121 3476776109301026335255535122
3476776109301026335255535121 3476776109301026335255535122
-3476776109301026335255535122 -3476776109301026335255535121
3476776109301026335255535121 3476776109301026335255535122
-1921419227407781116390604615 -1921419227407781116388968976
1517364821615869434722250881 1517364821615869434723223224
-2266112150432343882729723046 -2266112150432343882723053128
-1624110211346871601978791678 -1624110211346871601977808528
-319358262244479430403402192 -319358262244479430403147104
795311272061463880894669338 795311272061463880895411388
3476776109301026335255535121 3476776109301026335255535122
-3476776109301026335255535122 -3476776109301026335255535121
3476776109300989794506113966 3476776109300989794513816516
-3476776109301026335255535122 -3476776109301026335255535121
3476776109301026335255535121 3476776109301026335255535122
145162846474763377455975956 145162846474763377456091906
3104982371515810009619332035 3104982371515810009619613405
3476776109300988055138947152 3476776109300988055139107166
-286139917499504548999777623 -286139917499504548994428680
-186483064166215980425426421 -186483064166215980423770199
-2126700362177382372638177199 -2126700362177382372638177198
3476776109300811323098094887 3476776109300811323106150773
3476776109301026335255535121 3476776109301026335255535122
3476776109301026335255535121 3476776109301026335255535122
-3262085969703595737739771773 -3262085969703595737739771772
3476776109301026335255535121 3476776109301026335255535122
3476776109301026335255535121 3476776109301026335255535122
-3476776109301026335255535122 -3476776109301026335255535121
3476776109301026335255535121 3476776109301026335255535122
3476776109301026335255535121 3476776109301026335255535122
-1254492180250106476336773709 -1254492180250106476333609838
-211309839291589044626303597 -211309839291589044625419885
3476776109301026335255535121 3476776109301026335255535122
3476776109301022657341978223 3476776109301022657345168053
3476776109301026335255535121 3476776109301026335255535122
1485826432432886641609807734 1485826432432886641611688827
3476776109301026335255535121 3476776109301026335255535122
3476776109301026335255535121 3476776109301026335255535122
3476776109301026335255535121 3476776109301026335255535122
-3476776109301026335255535122 -3476776109301026335255535121
2433256228820612421956722942 2433256228820612421956722943
1322492654035919114151784706 1322492654035919114152244095
1792726371901633007422886270 1792726371901633007423098333
-3476776109301026335255535122 -3476776109301026335255535121
-218897017027929784232102940 -218897017027929784232072726
-2995731471944975989755387580 -2995731471944975989755387579
-3476776109301026335255535122 -3476776109301026335255535121
-3476776109301026335255535122 -3476776109301026335255535121
3476776109301026335255535121 3476776109301026335255535122
3476776109301026335255535121 3476776109301026335255535122
3476776109301026335255535121 3476776109301026335255535122
3476776109301026335255535121 3476776109301026335255535122
3476776109301024339760147168 3476776109301024339760456832
-188788356920299689931654676 -188788356920299689928319705
-3476776109300391863234437322 -3476776109300391863231165368
-3476776109300027876935414922 -3476776109300027876928106226
3476776109301026335255535121 3476776109301026335255535122
-3476776109301026335255535122 -3476776109301026335255535121
-3476776109301026335255535122 -3476776109301026335255535121
-3476776109301026335255535122 -3476776109301026335255535121
3476776109301026335255535121 3476776109301026335255535122
3476776109301026335255535121 3476776109301026335255535122
1246956485943010117254917838 1246956485943010117254917839
-1003001220493533967258114332 -1003001220493533967254757409
3361078252598223189614007860 3361078252598223189617822473
3476776109300868619565058038 3476776109300868619575450466
-3476776109301026335255535122 -3476776109301026335255535121
-3476776109300817148672202479 -3476776109300817148670041404
-3476776109301026335255535122 -3476776109301026335255535121
-3476776109301026335255535122 -3476776109301026335255535121
-1865152694712013832794321611 -1865152694712013832794321610
-2144130749970548261258688634 -2144130749970548261258688633
-3476776109301026335255535122 -3476776109301026335255535121
-3476776109301026335255535122 -3476776109301026335255535121
-3476776109301026335255535122 -3476776109301026335255535121
-3476776109301026335255535122 -3476776109301026335255535121
3476776109301026335255535121 3476776109301026335255535122
2531864771949526312253464723 2531864771949526312253464724
295366022954605743572450834 295366022954605743579895864
-153044267452490158600396004 -153044267452490158597792781
672557577684823778626477371 672557577684823778629273229
3476776109302809264861667084 3476776109302809264865869762
3476776109301026335255535121 3476776109301026335255535122
1090259494000439319333293282 1090259494000439319342735246
-3476776109300858168293701933 -3476776109300858168278971483
-3476776109301026335255535122 -3476776109301026335255535121
-2044203349304301690729056826 -2044203349304301690729056825
3476776109297666565988914599 3476776109297666565988914600
-3229898618882853260986297696 -3229898618882853260986297695
-3476776109300888520448141109 -3476776109300888520445186997
-762228950962677625574368933 -762228950962677625568431023
-3476776109301026335255535122 -3476776109301026335255535121
1054627125069950828212724947 1054627125069950828217047380
3476776109301026335255535121 3476776109301026335255535122
-3476776109301026335255535122 -3476776109301026335255535121
-3476776109301026335255535122 -3476776109301026335255535121
3476776109301026335255535121 3476776109301026335255535122
3476776109301026335255535121 3476776109301026335255535122
3476776109301026335255535121 3476776109301026335255535122
3476776109301026335255535121 3476776109301026335255535122
-1852290277754796877139213354 -1852290277754796877132614802
-1013978339400813075833567779 -1013978339400813075832843563
2876869015801366395683651541 2876869015801366395684965795
3476776109301026335255535121 3476776109301026335255535122
3476776109301026335255535121 3476776109301026335255535122
-3476776109301026335255535122 -3476776109301026335255535121
3476776109301026335255535121 3476776109301026335255535122
-3476776109301026335255535122 -3476776109301026335255535121
-3476776109301026335255535122 -3476776109301026335255535121
-2765773091555322627086131468 -2765773091555322627085258806
-3476776109301026335255535122 -3476776109301026335255535121
-1002250611994911285658976785 -1002250611994911285658807359
-592798391725604991589923220 -592798391725604991589181028
1381072388864386904186621059 1381072388864386904218744652
337554373408729277281843157 337554373408729277288649082
-1456520625491426614675868995 -1456520625491426614673028742
3211928393930156018273972526 3211928393930156018273972527
3476776109301026335255535121 3476776109301026335255535122
3476776109301026335255535121 3476776109301026335255535122
3476776109301026335255535121 3476776109301026335255535122
3476776109301026335255535121 3476776109301026335255535122
3476776109301026335255535121 3476776109301026335255535122
3476776109301026335255535121 3476776109301026335255535122
3476776109301026335255535121 3476776109301026335255535122
3476776109301026335255535121 3476776109301026335255535122
3476776109301026335255535121 3476776109301026335255535122
-3476776109300982297737960232 -3476776109300982297734676608
1942229312937168196934531427 1942229312937168196936464836
17658825901635996813896311 17658825901635996832758573
-1085347727774203370330040653 -1085347727774203370330040652
-3476776109301026335255535122 -3476776109301026335255535121
-3476776109301026335255535122 -3476776109301026335255535121
3476776109301026335255535121 3476776109301026335255535122
3476776109301026335255535121 3476776109301026335255535122
3476776109301026335255535121 3476776109301026335255535122
3476776109301067618397465465 3476776109301067618403079481
3476776109301026335255535121 3476776109301026335255535122
633007325803058833274970982 633007325803058833282867351
958095434345762488564574078 958095434345762488565677442
-3476776109301069067858669786 -3476776109301069067853346444
3476776109301026335255535121 3476776109301026335255535122
-3476776109301026335255535122 -3476776109301026335255535121
3476776109301026335255535121 3476776109301026335255535122
3476776109301026335255535121 3476776109301026335255535122
-2733714875650275519946236346 -2733714875650275519946236345
3476776109301026335255535121 3476776109301026335255535122
-3476776109300976538588311727 -3476776109300976538583702510
-1589661935571163406256790279 -1589661935571163406256790278
3476776109301026335255535121 3476776109301026335255535122
2673543918539825843631609682 2673543918539825843636462936
-3476776109300793613487219168 -3476776109300793613484355425
-3476776109301014869556676689 -3476776109301014869524516449
-3476776109301026335255535122 -3476776109301026335255535121
-3476776109301026335255535122 -3476776109301026335255535121
3476776109301026335255535121 3476776109301026335255535122
3476776109301026335255535121 3476776109301026335255535122
3476776109301026335255535121 3476776109301026335255535122
2608739134051433118393113146 2608739134051433118393113147
3476776109301026335255535121 3476776109301026335255535122
3476776109301026335255535121 3476776109301026335255535122
3476776109301026335255535121 3476776109301026335255535122
2673180759585148546967530674 2673180759585148546974408432
3476776109301026335255535121 3476776109301026335255535122
1775232445852030714390755711 1775232445852030714395151431
-1403254914306165058699951565 -1403254914306165058698632903
-1794126732869091328127231008 -1794126732869091328123429300
3450739033425502840190700606 3450739033425502840190700607
3476776109301026335255535121 3476776109301026335255535122
3476776109301026335255535121 3476776109301026335255535122
3476776109301026335255535121 3476776109301026335255535122
-3476776109301026335255535122 -3476776109301026335255535121
3476776109301026335255535121 3476776109301026335255535122
-3476776109300860232612840302 -3476776109300860232610384963
1336376092998917006211300682 1336376092998917006211300683
-3476776109300881728007288577 -3476776109300881728001543461
-1875840569529075632661868065 -1875840569529075632661076547
-3437287366087707282951146247 -3437287366087707282947344540
3476776109301026335255535121 3476776109301026335255535122
3476776109301026335255535121 3476776109301026335255535122
-3476776109301026335255535122 -3476776109301026335255535121
3476776109301026335255535121 3476776109301026335255535122
-3476776109301026335255535122 -3476776109301026335255535121
3476776109301026335255535121 3476776109301026335255535122
-3476776109300662116512213150 -3476776109300662116508108001
338019033440756756849587947 338019033440756756849587948
-2207597819840739575189179618 -2207597819840739575187803338
-383629756351774901391041955 -383629756351774901388282037
3476776109301102901914023540 3476776109301102901931440130
3476776109301026335255535121 3476776109301026335255535122
-3476776109301026335255535122 -3476776109301026335255535121
-3476776109301026335255535122 -3476776109301026335255535121
3476776109301026335255535121 3476776109301026335255535122
-3476776109301026335255535122 -3476776109301026335255535121
3476776109301026335255535121 3476776109301026335255535122
-2342188549341851644423017611 -2342188549341851644423017610
3476776109301026335255535121 3476776109301026335255535122
2660459237341257099698000759 2660459237341257099713383900
-2619471332991333937824364592 -2619471332991333937823592997
505480976871360322392304157 505480976871360322399418834
1879980454842473019973023497 1879980454842473019973023498
3476776109301026335255535121 3476776109301026335255535122
242603459646876468129463704 242603459646876468129463705
3476776109301026335255535121 3476776109301026335255535122
3476776109301026335255535121 3476776109301026335255535122
3476776109301026335255535121 3476776109301026335255535122
2101769498936625237158523320 2101769498936625237158523321
3476776109301026335255535121 3476776109301026335255535122
3476776109301026335255535121 3476776109301026335255535122
3476776109301026335255535121 3476776109301026335255535122
3476776109301012599945931221 3476776109301012599947964113
-3476776109301026335255535122 -3476776109301026335255535121
3476776109301053134893841026 3476776109301053134899443329
3306833557722666157926077643 3306833557722666157931918397
3476776109300914118430284494 3476776109300914118430571747
2292738730102709746542841105 2292738730102709746542841106
-3476776109301026335255535122 -3476776109301026335255535121
3476776109301026335255535121 3476776109301026335255535122
3476776109301026335255535121 3476776109301026335255535122
-760474245581353127950919182 -760474245581353127950919181
-3476776109301026335255535122 -3476776109301026335255535121
-3476776109301306861567755738 -3476776109301306861558480148
3476776109301026335255535121 3476776109301026335255535122
-3476776109301026335255535122 -3476776109301026335255535121
-1720336653274555837597634571 -1720336653274555837595417990
3476776109300978078788556383 3476776109300978078791021272
3476776109301026335255535121 3476776109301026335255535122
3476776109301026335255535121 3476776109301026335255535122
-3476776109301026335255535122 -3476776109301026335255535121
-3476776109301026335255535122 -3476776109301026335255535121
-3476776109301026335255535122 -3476776109301026335255535121
-3476776109301026335255535122 -3476776109301026335255535121
425584497635101915096074636 425584497635101915096074637
-3476776109301026335255535122 -3476776109301026335255535121
-2755046531504876284923891438 -2755046531504876284921710586
-2728365357948043066506669385 -2728365357948043066496834563
-3255776069898546899491236519 -3255776069898546899481957777
-2466272012134821281763374754 -2466272012134821281738121421
608848843787555672994935429 608848843787555672994935430
3476776109301026335255535121 3476776109301026335255535122
-3476776109301026335255535122 -3476776109301026335255535121
-3476776109301026335255535122 -3476776109301026335255535121
3476776109301026335255535121 3476776109301026335255535122
3476776109301026335255535121 3476776109301026335255535122
-3476776109301026335255535122 -3476776109301026335255535121
3476776109301026335255535121 3476776109301026335255535122
3476776109301026335255535121 3476776109301026335255535122
3476776109301016874973041067 3476776109301016874973148833
-3476776109301026335255535122 -3476776109301026335255535121
2340979328431176034478604390 2340979328431176034505008792
620493297966787404652549491 620493297966787404659301418
-2369431648840899899139190635 -2369431648840899899115194689
-1993511025479865236209335268 -1993511025479865236206551740
3476776109301026335255535121 3476776109301026335255535122
-3476776109301026335255535122 -3476776109301026335255535121
537388963114311532276744276 537388963114311532276744277
3476776109301026335255535121 3476776109301026335255535122
3476776109301026335255535121 3476776109301026335255535122
3476776109301158376028390552 3476776109301158376066423838
3476776109301026335255535121 3476776109301026335255535122
3476776109301026335255535121 3476776109301026335255535122
3476776109301026335255535121 3476776109301026335255535122
-3476776109301068191288251624 -3476776109301068191276436469
3476776109301026335255535121 3476776109301026335255535122
1520719427543471694034232982 1520719427543471694034282747
339991851124253337597870407 339991851124253337615644604
3476776109301310887312821658 3476776109301310887387697769
1587151620592597916747893597 1587151620592597916765036512
1589008697644898677329004437 1589008697644898677329004438
3476776109301026335255535121 3476776109301026335255535122
-3476776109301026335255535122 -3476776109301026335255535121
-3476776109301026335255535122 -3476776109301026335255535121
-3476776109301026335255535122 -3476776109301026335255535121
-3476776109301026335255535122 -3476776109301026335255535121
-3476776109301026335255535122 -3476776109301026335255535121
-3476776109301026335255535122 -3476776109301026335255535121
3476776109301026335255535121 3476776109301026335255535122
-1011713773605812412781132925 -1011713773605812412773377603
-3476776109301026335255535122 -3476776109301026335255535121
-1032286965475157937289606718 -1032286965475157937240882478
752122735642161390370725211 752122735642161390374658847
-3476776109301119215289240625 -3476776109301119215284025660
-3476776109301026335255535122 -3476776109301026335255535121
3476776109301026335255535121 3476776109301026335255535122
-2737137810050431193018811393 -2737137810050431193018811392
3476776109300962464458117327 3476776109300962464484383624
-3476776109301026335255535122 -3476776109301026335255535121
1004238329353659536329651950 1004238329353659536329651951
1903464165967292732066673391 1903464165967292732066673392
3476776109301026335255535121 3476776109301026335255535122
3476776109301026335255535121 3476776109301026335255535122
3476776109301026335255535121 3476776109301026335255535122
-1124541782036576453909843936 -1124541782036576453905255867
-3476776109301026335255535122 -3476776109301026335255535121
3476776109300996276062587250 3476776109300996276064062141
-471897192864655796657934621 -471897192864655796651553869
-2474100661108042094340693778 -2474100661108042094328462466
3476776109301026335255535121 3476776109301026335255535122
-3476776109301026335255535122 -3476776109301026335255535121
-3476776109301026335255535122 -3476776109301026335255535121
-3476776109301026335255535122 -3476776109301026335255535121
968838759868270966322831372 968838759868270966322831373
3476776109301026335255535121 3476776109301026335255535122
-3476776109300899587643885413 -3476776109300899587641841175
2949203765557675941770786287 2949203765557675941770786288
3476776109301104213634441776 3476776109301104213650146564
1031787653620974408693325460 1031787653620974408695080447
-392411101145969094763448751 -392411101145969094763448750
3476776109301026335255535121 3476776109301026335255535122
3476776109301026335255535121 3476776109301026335255535122
-3476776109301026335255535122 -3476776109301026335255535121
3476776109301026335255535121 3476776109301026335255535122
3476776109301026335255535121 3476776109301026335255535122
3476776109301026335255535121 3476776109301026335255535122
3476776109301026335255535121 3476776109301026335255535122
3476776109301026335255535121 3476776109301026335255535122
-3476776109301026335255535122 -3476776109301026335255535121
3476776109301026335255535121 3476776109301026335255535122
-3476776109301057146581801856 -3476776109301057146574962606
3476776109301026335255535121 3476776109301026335255535122
1322812001447197557110415274 1322812001447197557114558923
2566504625967332029830596668 2566504625967332029843041535
3071226528749019429148010740 3071226528749019429148010741
-2015408199615832042071223605 -2015408199615832042071223604
1225347776778866649861872561 1225347776778866649861872562
-3476776109301026335255535122 -3476776109301026335255535121
3476776109301026335255535121 3476776109301026335255535122
-3476776109299969302205309172 -3476776109299969302175497891
-3476776109301026335255535122 -3476776109301026335255535121
-3476776109299713384824925457 -3476776109299713384788663845
3476776109301026335255535121 3476776109301026335255535122
-3476776109301073858260323174 -3476776109301073858258410688
-293076847679943613893471777 -293076847679943613890560119
3476776109301026335255535121 3476776109301026335255535122
3010127197078811846151338574 3010127197078811846151338575
3476776109301026335255535121 3476776109301026335255535122
-3476776109301026335255535122 -3476776109301026335255535121
3476776109301026335255535121 3476776109301026335255535122
-3476776109301026335255535122 -3476776109301026335255535121
-3476776109301026335255535122 -3476776109301026335255535121
-2524481266275473164078398767 -2524481266275473164074839495
-3476776109301026335255535122 -3476776109301026335255535121
-1796207848796787607329653616 -1796207848796787607328561581
-2901945358575301293591963346 -2901945358575301293587261771
133526977574344323163224517 133526977574344323173161338
-3476776109301026335255535122 -3476776109301026335255535121
3476776109301026335255535121 3476776109301026335255535122
3476776109301026335255535121 3476776109301026335255535122
3476776109301026335255535121 3476776109301026335255535122
3476776109301026335255535121 3476776109301026335255535122
3476776109301026335255535121 3476776109301026335255535122
2855822779471738322324050134 2855822779471738322324963101
3476776109301026335255535121 3476776109301026335255535122
2815883553590913723383181200 2815883553590913723395949723
-2287350233433991108143598850 -2287350233433991108141317025
-1405321705568262819006729669 -1405321705568262818996564229
3476776109301026335255535121 3476776109301026335255535122
3476776109301026335255535121 3476776109301026335255535122
2721238068850434040410127628 2721238068850434040410127629
500750704140729919092503247 500750704140729919099204932
3476776109301026335255535121 3476776109301026335255535122
3476776109301026335255535121 3476776109301026335255535122
3476776109301026335255535121 3476776109301026335255535122
3476776109301026335255535121 3476776109301026335255535122
3476776109301026335255535121 3476776109301026335255535122
3476776109301026335255535121 3476776109301026335255535122
1191685815850241588781927288 1191685815850241588782462894
-3476776109301026335255535122 -3476776109301026335255535121
3476776109301004452102201944 3476776109301004452108588254
-633074204267457356578988011 -633074204267457356578468409
3476776109301026335255535121 3476776109301026335255535122
-3476776109301026335255535122 -3476776109301026335255535121
3476776109301026335255535121 3476776109301026335255535122
3476776109301026335255535121 3476776109301026335255535122
3476776109301026335255535121 3476776109301026335255535122
3476776109301026335255535121 3476776109301026335255535122
3476776109301026335255535121 3476776109301026335255535122
1082448870379144978028666734 1082448870379144978035232044
3476776109301026335255535121 3476776109301026335255535122
3135975493814921245947081057 3135975493814921245953351926
-1677879323830942591525293985 -1677879323830942591524099503
-3476776109301026335255535122 -3476776109301026335255535121
3213376748649240768482450004 3213376748649240768482450005
3476776109301026335255535121 3476776109301026335255535122
3476776109301026335255535121 3476776109301026335255535122
3476776109301026335255535121 3476776109301026335255535122
3476776109301026335255535121 3476776109301026335255535122
3476776109301026335255535121 3476776109301026335255535122
-3476776109301060096090572793 -3476776109301060096081963543
3476776109301026335255535121 3476776109301026335255535122
-3476776109300927655661609783 -3476776109300927655658740771
1142174217402181595448987224 1142174217402181595449649403
-3476776109300974953683586622 -3476776109300974953681643456
-3476776109300994514160821638 -3476776109300994514160617978
-1538834796163351559147234397 -1538834796163351559147234396
-3476776109301026335255535122 -3476776109301026335255535121
3476776109301026335255535121 3476776109301026335255535122
3476776109301026335255535121 3476776109301026335255535122
-1236684231825016559652726639 -1236684231825016559652726638
3476776109301026335255535121 3476776109301026335255535122
3476776109301026335255535121 3476776109301026335255535122
3476776109301035334514042460 3476776109301035334514469139
-202318200724343086240308143 -202318200724343086238679750
246652962043052023118369581 246652962043052023119122019
81634578050704962926596214 81634578050704962929531651
3476776109301026335255535121 3476776109301026335255535122
-3476776109301026335255535122 -3476776109301026335255535121
3476776109301026335255535121 3476776109301026335255535122
-3476776109301026335255535122 -3476776109301026335255535121
3476776109301026335255535121 3476776109301026335255535122
3476776109301026335255535121 3476776109301026335255535122
3476776109301026335255535121 3476776109301026335255535122
-1157760977981896467051668854 -1157760977981896467048852253
-1845480184900578403336386858 -1845480184900578403336290826
2401333289272739248533453181 2401333289272739248536656405
3476776109301058036558551378 3476776109301058036559664342
2500045324305375671965412555 2500045324305375671965412556
2890714839068096811043114796 2890714839068096811043114797
3476776109301026335255535121 3476776109301026335255535122
-3476776109301026335255535122 -3476776109301026335255535121
3476776109301026335255535121 3476776109301026335255535122
3476776109301026335255535121 3476776109301026335255535122
3476776109301026335255535121 3476776109301026335255535122
3476776109301026335255535121 3476776109301026335255535122
3476776109301026335255535121 3476776109301026335255535122
3476776109301026335255535121 3476776109301026335255535122
3476776109301026335255535121 3476776109301026335255535122
-3476776109301020831306579357 -3476776109301020831305374665
-2142080439950710881560705138 -2142080439950710881558072426
259345944384027332338314485 259345944384027332340528871
3066982769580817460054355240 3066982769580817460054355241
3476776109300570657408470099 3476776109300570657413487379
3476776109301026335255535121 3476776109301026335255535122
3476776109301026335255535121 3476776109301026335255535122
3476776109301026335255535121 3476776109301026335255535122
3476776109301026335255535121 3476776109301026335255535122
3476776109301026335255535121 3476776109301026335255535122
3476776109301026335255535121 3476776109301026335255535122
3476776109301026335255535121 3476776109301026335255535122
3476776109301026335255535121 3476776109301026335255535122
3476776109301026335255535121 3476776109301026335255535122
-3476776109301026335255535122 -3476776109301026335255535121
-644021532626336080145464632 -644021532626336080145179157
2659409562173987949505214086 2659409562173987949506043733
-3476776109301026335255535122 -3476776109301026335255535121
-1890595038353105260439989499 -1890595038353105260439427363
-3476776109301693151206352888 -3476776109301693151202606801
-3476776109301026335255535122 -3476776109301026335255535121
3476776109301026335255535121 3476776109301026335255535122
27591345421270495632821830 27591345421270495632821831
-3476776109301026335255535122 -3476776109301026335255535121
3476776109301026335255535121 3476776109301026335255535122
3476776109301026335255535121 3476776109301026335255535122
3476776109301026335255535121 3476776109301026335255535122
3476776109301026335255535121 3476776109301026335255535122
3476776109301026335255535121 3476776109301026335255535122
-925203528852609127226278956 -925203528852609127226278955
3476776109301479487407283826 3476776109301479487410634329
-54490434620465879144038713 -54490434620465879142505482
-3230123147257974312137165540 -3230123147257974312136413102
-850635786294231947272964181 -850635786294231947270404715
-3476776109300697097185187830 -3476776109300697097184203175
3476776109301026335255535121 3476776109301026335255535122
3476776109301026335255535121 3476776109301026335255535122
3476776109301026335255535121 3476776109301026335255535122
3476776109301026335255535121 3476776109301026335255535122
3476776109301026335255535121 3476776109301026335255535122
3476776109301026335255535121 3476776109301026335255535122
3476776109301026335255535121 3476776109301026335255535122
3476776109301026335255535121 3476776109301026335255535122
3476776109301026335255535121 3476776109301026335255535122
3476776109301026335255535121 3476776109301026335255535122
-1940934024327866653238802859 -1940934024327866653236699478
402095199360360615914968442 402095199360360615916663330
-3267350560012607873534538890 -3267350560012607873532744672
1824531383028357269468873863 1824531383028357269468873864
705041828299247148655555931 705041828299247148655873813
-535965649745463660492954608 -535965649745463660492954607
3476776109301026335255535121 3476776109301026335255535122
3476776109301026335255535121 3476776109301026335255535122
3476776109301026335255535121 3476776109301026335255535122
3476776109301026335255535121 3476776109301026335255535122
3476776109301026335255535121 3476776109301026335255535122
3476776109301026335255535121 3476776109301026335255535122
3476776109301026335255535121 3476776109301026335255535122
3476776109301026335255535121 3476776109301026335255535122
3476776109301026335255535121 3476776109301026335255535122
-3476776109301008458903068814 -3476776109301008458899167952
-986593365741039228870138504 -986593365741039228869814465
-2533245207131749185188956716 -2533245207131749185175386580
-3476776109301109364290054498 -3476776109301109364287036992
3476776109301026335255535121 3476776109301026335255535122
3476776109301026335255535121 3476776109301026335255535122
-3476776109301026335255535122 -3476776109301026335255535121
1678397827751935984458402341 1678397827751935984458402342
3476776109301026335255535121 3476776109301026335255535122
-3476776109301026335255535122 -3476776109301026335255535121
3476776109301026335255535121 3476776109301026335255535122
3476776109301026335255535121 3476776109301026335255535122
3476776109301026335255535121 3476776109301026335255535122
-1269532812592624880675652442 -1269532812592624880667914094
-3476776109301026335255535122 -3476776109301026335255535121
-2531460429514083175399116538 -2531460429514083175389463901
-95442491058054062738384402 -95442491058054062738251295
949776823635614695561489537 949776823635614695562251799
1875248410702556950420986606 1875248410702556950421093124
-385850903196892093358437857 -385850903196892093357786659
2591199502283290310150935333 2591199502283290310150935334
347677610930102633525553512 347677610930102633525553513
-3476776109301026335255535122 -3476776109301026335255535121
3476776109301026335255535121 3476776109301026335255535122
-3476776109301026335255535122 -3476776109301026335255535121
3476776109301026335255535121 3476776109301026335255535122
-3476776109301026335255535122 -3476776109301026335255535121
-3476776109301026335255535122 -3476776109301026335255535121
3476776109301026335255535121 3476776109301026335255535122
-3476776109301026335255535122 -3476776109301026335255535121
-556354583459013298793142823 -556354583459013298791701886
818674176018403129036226084 818674176018403129038888904
3476776109301026335255535121 3476776109301026335255535122
-1381085261996095463061491367 -1381085261996095463051389878
-3476776109301111827486810380 -3476776109301111827474313451
3476776109301026335255535121 3476776109301026335255535122
-3476776109301026335255535122 -3476776109301026335255535121
3476776109301026335255535121 3476776109301026335255535122
-3476776109301026335255535122 -3476776109301026335255535121
-3476776109301026335255535122 -3476776109301026335255535121
3476776109301026335255535121 3476776109301026335255535122
3476776109301026335255535121 3476776109301026335255535122
3476776109301026335255535121 3476776109301026335255535122
3476776109300901536166725466 3476776109300901536171461503
-819961707853643691569151693 -819961707853643691569151692
-2882238391844739920711786673 -2882238391844739920706291709
292538943891299391763061537 292538943891299391763615778
10928326360283887340048309 10928326360283887348446799
2565208293462240829037691700 2565208293462240829037963827
-1950519100146467859009401593 -1950519100146467859009401592
-2461461826595101986328204920 -2461461826595101986328204919
3476776109301026335255535121 3476776109301026335255535122
3476776109301026335255535121 3476776109301026335255535122
3476776109301026335255535121 3476776109301026335255535122
3476776109301026335255535121 3476776109301026335255535122
3476776109301026335255535121 3476776109301026335255535122
3476776109301026335255535121 3476776109301026335255535122
3476776109301026335255535121 3476776109301026335255535122
3476776109301086552339701902 3476776109301086552346708136
3476776109301026335255535121 3476776109301026335255535122
3476776109300985667705643690 3476776109300985667706692501
612893339913652808852489862 612893339913652808852628314
-1406274919529128087231847415 -1406274919529128087231847414
-567357602635273611871356532 -567357602635273611864027691
-3476776109300942816590030656 -3476776109300942816584082276
3476776109301026335255535121 3476776109301026335255535122
3476776109301026335255535121 3476776109301026335255535122
3476776109301026335255535121 3476776109301026335255535122
3476776109301026335255535121 3476776109301026335255535122
3476776109301026335255535121 3476776109301026335255535122
3476776109301026335255535121 3476776109301026335255535122
3476776109301026335255535121 3476776109301026335255535122
3476776109301026335255535121 3476776109301026335255535122
2761272209653128980987882641 2761272209653128980987882642
3476776109301026335255535121 3476776109301026335255535122
-3476776109301080051995598794 -3476776109301080051991361339
-1083018694180186262164758533 -1083018694180186262163548263
-147562646378546537760728503 -147562646378546537760728502
1124745083901533018736164590 1124745083901533018741478581
-3476776109301026335255535122 -3476776109301026335255535121
3476776109301026335255535121 3476776109301026335255535122
3476776109301026335255535121 3476776109301026335255535122
3476776109301026335255535121 3476776109301026335255535122
3476776109301026335255535121 3476776109301026335255535122
3476776109301026335255535121 3476776109301026335255535122
3476776109301026335255535121 3476776109301026335255535122
3476776109301026335255535121 3476776109301026335255535122
3476776109301026335255535121 3476776109301026335255535122
3476776109300977309666253910 3476776109300977309669923288
3476776109301026335255535121 3476776109301026335255535122
-2329891164916243546873026669 -2329891164916243546871079122
-1734078665242318295561760002 -1734078665242318295558848821
3476776109301026335255535121 3476776109301026335255535122
3476776109301420533286148182 3476776109301420533292188501
3476776109301026335255535121 3476776109301026335255535122
-3476776109301026335255535122 -3476776109301026335255535121
3476776109301026335255535121 3476776109301026335255535122
3476776109301026335255535121 3476776109301026335255535122
3476776109301026335255535121 3476776109301026335255535122
3476776109301026335255535121 3476776109301026335255535122
2175211691282791400841940212 2175211691282791400841940213
3476776109301026335255535121 3476776109301026335255535122
3476776109301026335255535121 3476776109301026335255535122
1582300324049512536282753820 1582300324049512536289342848
3476776109301026335255535121 3476776109301026335255535122
1372470169877482117601818075 1372470169877482117602241709
-2975786473879141832559630741 -2975786473879141832558615505
-3267350560012607873534538890 -3267350560012607873532744672
-1433734685502941360811092518 -1433734685502941360809224741
3476776109301026335255535121 3476776109301026335255535122
3476776109301026335255535121 3476776109301026335255535122
3476776109301026335255535121 3476776109301026335255535122
3476776109301026335255535121 3476776109301026335255535122
3476776109301026335255535121 3476776109301026335255535122
3476776109301026335255535121 3476776109301026335255535122
3476776109301026335255535121 3476776109301026335255535122
3476776109301026335255535121 3476776109301026335255535122
-3476776109301026335255535122 -3476776109301026335255535121
-2508675200649948685783045827 -2508675200649948685780021525
3476776109301026335255535121 3476776109301026335255535122
-2446447720264142915949212914 -2446447720264142915948024340
989375143251213621674361847 989375143251213621675012373
2697861920277763734985828190 2697861920277763734986073840
1855081837850558703214253007 1855081837850558703223276624
3476776109301026335255535121 3476776109301026335255535122
-3476776109301026335255535122 -3476776109301026335255535121
3476776109301026335255535121 3476776109301026335255535122
3476776109301026335255535121 3476776109301026335255535122
3476776109301026335255535121 3476776109301026335255535122
-3476776109301026335255535122 -3476776109301026335255535121
3476776109301026335255535121 3476776109301026335255535122
3476776109301026335255535121 3476776109301026335255535122
3476776109301026335255535121 3476776109301026335255535122
-3476776109301026335255535122 -3476776109301026335255535121
3476776109301026335255535121 3476776109301026335255535122
286678529559335469262541854 286678529559335469263083302
-3476776109300986800280198825 -3476776109300986800278747949
3476776109301026335255535121 3476776109301026335255535122
3476776109301026335255535121 3476776109301026335255535122
3476776109301026335255535121 3476776109301026335255535122
3476776109301026335255535121 3476776109301026335255535122
3476776109301026335255535121 3476776109301026335255535122
3476776109301026335255535121 3476776109301026335255535122
3476776109301026335255535121 3476776109301026335255535122
-3476776109301026335255535122 -3476776109301026335255535121
3476776109301026335255535121 3476776109301026335255535122
-702922062732239616408435653 -702922062732239616408435652
1174674213396018659117380430 1174674213396018659120216697
3476776109301026335255535121 3476776109301026335255535122
-3476776109300725882956511997 -3476776109300725882951503367
3476776109301026335255535121 3476776109301026335255535122
-695427496951620645962627541 -695427496951620645962627540
3476776109301026335255535121 3476776109301026335255535122
-1083292061948345962651808630 -1083292061948345962651808629
3476776109301026335255535121 3476776109301026335255535122
3476776109301026335255535121 3476776109301026335255535122
3476776109301026335255535121 3476776109301026335255535122
-3476776109300858694629520557 -3476776109300858694629393579
-2564070175639411463389158650 -2564070175639411463386553784
3476776109301026335255535121 3476776109301026335255535122
3476776109300850691362701677 3476776109300850691364561839
3476776109301026335255535121 3476776109301026335255535122
3476776109301026335255535121 3476776109301026335255535122
3476776109301026335255535121 3476776109301026335255535122
3476776109301026335255535121 3476776109301026335255535122
3476776109301026335255535121 3476776109301026335255535122
3476776109301026335255535121 3476776109301026335255535122
2696492045226132928172816381 2696492045226132928172816382
-2479900423251031308020481906 -2479900423251031308017199571
-1542882738840052889009502214 -1542882738840052889008425213
3476776109301026335255535121 3476776109301026335255535122
3476776109301586469468412690 3476776109301586469479628630
2987211885692522750408985482 2987211885692522750408985483
3476776109301026335255535121 3476776109301026335255535122
3476776109301026335255535121 3476776109301026335255535122
-2044123156657810480116435285 -2044123156657810480116435284
-3476776109301026335255535122 -3476776109301026335255535121
3476776109301026335255535121 3476776109301026335255535122
3476776109301026335255535121 3476776109301026335255535122
-3476776109301578985748169319 -3476776109301578985734604217
-3303515261803073226963748976 -3303515261803073226962501191
2140654447078950839982758559 2140654447078950839985757428
-259014564573327685698692186 -259014564573327685694566256
2485388760688098410755701956 2485388760688098410755701957
3476776109301026335255535121 3476776109301026335255535122
3476776109301026335255535121 3476776109301026335255535122
3476776109301026335255535121 3476776109301026335255535122
3476776109301026335255535121 3476776109301026335255535122
3476776109301026335255535121 3476776109301026335255535122
3476776109301026335255535121 3476776109301026335255535122
3476776109300644849982347516 3476776109300644849982662674
-2011810164203740205172645254 -2011810164203740205170093325
-2048294212434634882253413847 -2048294212434634882249540882
3196869799369970010185656188 3196869799369970010193619226
3476776109301026335255535121 3476776109301026335255535122
3476776109301026335255535121 3476776109301026335255535122
3476776109301026335255535121 3476776109301026335255535122
3476776109301026335255535121 3476776109301026335255535122
-3476776109301026335255535122 -3476776109301026335255535121
-3476776109301026335255535122 -3476776109301026335255535121
3476776109301026335255535121 3476776109301026335255535122
-1698138545202270884249332683 -1698138545202270884237626547
-3022088201256642060120943081 -3022088201256642060120298326
3476776109301026335255535121 3476776109301026335255535122
3476776109301026335255535121 3476776109301026335255535122
3476776109301026335255535121 3476776109301026335255535122
406783180209481306933670395 406783180209481306933670396
3476776109301026335255535121 3476776109301026335255535122
3476776109301026335255535121 3476776109301026335255535122
3476776109301026335255535121 3476776109301026335255535122
3476776109301026335255535121 3476776109301026335255535122
-3476776109301026335255535122 -3476776109301026335255535121
-3476776109301026335255535122 -3476776109301026335255535121
3476776109301026335255535121 3476776109301026335255535122
-3476776109300749798678927707 -3476776109300749798675878140
3476776109301026335255535121 3476776109301026335255535122
3476776109300930962534840460 3476776109300930962538984688
-1958486082509104297821697436 -1958486082509104297819099514
-3476776109301090605352499371 -3476776109301090605352076222
3476776109300941562961332949 3476776109300941562964403873
-1811204629980821792656193892 -1811204629980821792654937661
3476776109301026335255535121 3476776109301026335255535122
3476776109301026335255535121 3476776109301026335255535122
3476776109301026335255535121 3476776109301026335255535122
3476776109301026335255535121 3476776109301026335255535122
3476776109301026335255535121 3476776109301026335255535122
3476776109297666565988914599 3476776109297666565988914600
3476776109301026335255535121 3476776109301026335255535122
711985088442875832292019559 711985088442875832292019560
3476776109301026335255535121 3476776109301026335255535122
3476776109301026335255535121 3476776109301026335255535122
-3353152611250026118791742285 -3353152611250026118788480046
3476776109301059587978355908 3476776109301059587984597733
3476776109301026335255535121 3476776109301026335255535122
3476776109301026335255535121 3476776109301026335255535122
-3196574180859079067976904729 -3196574180859079067976904728
-3476776109301026335255535122 -3476776109301026335255535121
2868544328716635693613516531 2868544328716635693613516532
923255754784868174134232359 923255754784868174134232360
3476776109301026335255535121 3476776109301026335255535122
3476776109301026335255535121 3476776109301026335255535122
-3476776109301026335255535122 -3476776109301026335255535121
-3476776109301026335255535122 -3476776109301026335255535121
3476776109301026335255535121 3476776109301026335255535122
3476776109300675362689055528 3476776109300675362701312741
3476776109301026335255535121 3476776109301026335255535122
1370219247200423836928789254 1370219247200423836930799717
-621640958111191167292408663 -621640958111191167289566333
3476776109301026335255535121 3476776109301026335255535122
2382583574953398821288292169 2382583574953398821296850345
-3476776109301026335255535122 -3476776109301026335255535121
3476776109301026335255535121 3476776109301026335255535122
3476776109301026335255535121 3476776109301026335255535122
3476776109301026335255535121 3476776109301026335255535122
3476776109301026335255535121 3476776109301026335255535122
3476776109301026335255535121 3476776109301026335255535122
3476776109301026335255535121 3476776109301026335255535122
3476776109301026335255535121 3476776109301026335255535122
3476776109301026335255535121 3476776109301026335255535122
100630576612839851820419617 100630576612839851826857391
3476776109301026335255535121 3476776109301026335255535122
-149783407502620133845725489 -149783407502620133838724714
-3476776109300664850946850276 -3476776109300664850946043713
3476776109301026335255535121 3476776109301026335255535122
1311558306897443489739608840 1311558306897443489739608841
3476776109301026335255535121 3476776109301026335255535122
-203483413792975632261523501 -203483413792975632261523500
3476776109301026335255535121 3476776109301026335255535122
3476776109301026335255535121 3476776109301026335255535122
3476776109301026335255535121 3476776109301026335255535122
3476776109301026335255535121 3476776109301026335255535122
3476776109301026335255535121 3476776109301026335255535122
3476776109301026335255535121 3476776109301026335255535122
3476776109301026335255535121 3476776109301026335255535122
-3476776109301994622025243041 -3476776109301994622022602722
3476776109301026335255535121 3476776109301026335255535122
3476776109301026335255535121 3476776109301026335255535122
-3424202052040760017698675943 -3424202052040760017697590848
3476776109301026335255535121 3476776109301026335255535122
3476776109301886593826752038 3476776109301886593835159982
3476776109301026335255535121 3476776109301026335255535122
3476776109301026335255535121 3476776109301026335255535122
3476776109301026335255535121 3476776109301026335255535122
1890183197494409394122334768 1890183197494409394122334769
3476776109301026335255535121 3476776109301026335255535122
3476776109301026335255535121 3476776109301026335255535122
3476776109301026335255535121 3476776109301026335255535122
1868652477342784500989273882 1868652477342784500989273883
3476776109301026335255535121 3476776109301026335255535122
-807182653611677258230971449 -807182653611677258227098063
3476776109301026335255535121 3476776109301026335255535122
-3476776109301206474822443132 -3476776109301206474821985437
3476776109301030500091697383 3476776109301030500098642090
-3476776109301026335255535122 -3476776109301026335255535121
-3476776109301112596616310720 -3476776109301112596605523892
3476776109301026335255535121 3476776109301026335255535122
-3476776109301026335255535122 -3476776109301026335255535121
-3476776109301026335255535122 -3476776109301026335255535121
-1593637180622526147181623258 -1593637180622526147181623257
501340089150985893969436417 501340089150985893969436418
3476776109301026335255535121 3476776109301026335255535122
-1143121220422906906059535073 -1143121220422906906059535072
-3476776109300875254038616783 -3476776109300875254029538386
-554271637042080478333707052 -554271637042080478319752303
367616855808594364139466975 367616855808594364139466976
3087672238651108829416023249 3087672238651108829424239420
3476776109301026335255535121 3476776109301026335255535122
-3476776109301026335255535122 -3476776109301026335255535121
-3476776109301026335255535122 -3476776109301026335255535121
-3476776109301026335255535122 -3476776109301026335255535121
-3476776109301026335255535122 -3476776109301026335255535121
3476776109301026335255535121 3476776109301026335255535122
-3476776109301026335255535122 -3476776109301026335255535121
-3069597734071718928749121061 -3069597734071718928737064261
-3476776109301010751960843210 -3476776109301010751957419076
3476776109301026335255535121 3476776109301026335255535122
-3476776109301026335255535122 -3476776109301026335255535121
3476776109301026335255535121 3476776109301026335255535122
217063076189814216383388359 217063076189814216383388360
3476776109301026335255535121 3476776109301026335255535122
3476776109301026335255535121 3476776109301026335255535122
3476776109301026335255535121 3476776109301026335255535122
3476776109301026335255535121 3476776109301026335255535122
412770259066400960776434728 412770259066400960776434729
3476776109301026335255535121 3476776109301026335255535122
3476776109301026335255535121 3476776109301026335255535122
3476776109300959805201476057 3476776109300959805206687126
3476776109301026335255535121 3476776109301026335255535122
-3476776109301026335255535122 -3476776109301026335255535121
1926440186537588755264727349 1926440186537588755277623657
-3476776109301026335255535122 -3476776109301026335255535121
3476776109301026335255535121 3476776109301026335255535122
-3476776109301026335255535122 -3476776109301026335255535121
-3476776109301026335255535122 -3476776109301026335255535121
3476776109301026335255535121 3476776109301026335255535122
3476776109301026335255535121 3476776109301026335255535122
-3476776109301026335255535122 -3476776109301026335255535121
3476776109301026335255535121 3476776109301026335255535122
3476776109301398908882055813 3476776109301398908887100272
3353745929512766470029526576 3353745929512766470029526577
-3476776109301026335255535122 -3476776109301026335255535121
3476776109300730271737006573 3476776109300730271754805673
-3476776109301026335255535122 -3476776109301026335255535121
3476776109301026335255535121 3476776109301026335255535122
3476776109301048712057610591 3476776109301048712057785541
-3476776109301026335255535122 -3476776109301026335255535121
-13020452289858342985879282 -13020452289858342985879281
-3476776109301026335255535122 -3476776109301026335255535121
-3476776109301026335255535122 -3476776109301026335255535121
3476776109301026335255535121 3476776109301026335255535122
3476776109301026335255535121 3476776109301026335255535122
3476776109301026335255535121 3476776109301026335255535122
3476776109301026335255535121 3476776109301026335255535122
-3476776109301026335255535122 -3476776109301026335255535121
3476776109301026335255535121 3476776109301026335255535122
3476776109301026335255535121 3476776109301026335255535122
3476776109301026335255535121 3476776109301026335255535122
3476776109301026335255535121 3476776109301026335255535122
-3476776109301026335255535122 -3476776109301026335255535121
3476776109301040505449610209 3476776109301040505449745388
-3476776109301026335255535122 -3476776109301026335255535121
-3476776109301026335255535122 -3476776109301026335255535121
3476776109301026335255535121 3476776109301026335255535122
-3476776109301026335255535122 -3476776109301026335255535121
3476776109301026335255535121 3476776109301026335255535122
204786402275708807478896520 204786402275708807478896521
-3476776109301026335255535122 -3476776109301026335255535121
3476776109301026335255535121 3476776109301026335255535122
-3476776109301026335255535122 -3476776109301026335255535121
3476776109301026335255535121 3476776109301026335255535122
3476776109301026335255535121 3476776109301026335255535122
-3036151725750495829109881817 -3036151725750495829103213326
-3476776109301026335255535122 -3476776109301026335255535121
220365305996367933022535394 220365305996367933028898540
3476776109301157177200477098 3476776109301157177256013915
-3476776109301026335255535122 -3476776109301026335255535121
-2008022701290091295194461711 -2008022701290091295159742978
3476776109301026335255535121 3476776109301026335255535122
3476776109301026335255535121 3476776109301026335255535122
1245941925670569170774131907 1245941925670569170774183963
3476776109301026335255535121 3476776109301026335255535122
-815346805498792744843942190 -815346805498792744843942189
3476776109301026335255535121 3476776109301026335255535122
-3476776109301026335255535122 -3476776109301026335255535121
1028566496405803331426804853 1028566496405803331427069044
-1278796513435606251299616449 -1278796513435606251299616448
-3476776109301026335255535122 -3476776109301026335255535121
3476776109301101727340850586 3476776109301101727347198025
3476776109301026335255535121 3476776109301026335255535122
3476776109301026335255535121 3476776109301026335255535122
-3342987893315927483756550531 -3342987893315927483748174661
3476776109301026335255535121 3476776109301026335255535122
-2845188954700341649153524747 -2845188954700341649149478856
3476776109301026335255535121 3476776109301026335255535122
-3476776109301150544008021428 -3476776109301150544002085419
-3476776109301026335255535122 -3476776109301026335255535121
-3476776109301012219968969750 -3476776109301012219968361585
1725891935711068406562692826 1725891935711068406562692827
-3476776109301026335255535122 -3476776109301026335255535121
3476776109301026335255535121 3476776109301026335255535122
3129889278968280887907490967 3129889278968280887907490968
-3476776109301026335255535122 -3476776109301026335255535121
3476776109301026335255535121 3476776109301026335255535122
3476776109301026335255535121 3476776109301026335255535122
3476776109301026335255535121 3476776109301026335255535122
316227412602843388291036906 316227412602843388339584084
3476776109301026335255535121 3476776109301026335255535122
3476776109301026335255535121 3476776109301026335255535122
-1659959963403546515062472200 -1659959963403546515062055225
-3476776109301026335255535122 -3476776109301026335255535121
3476776109301131208313448366 3476776109301131208363081607
-3476776109301015248467325409 -3476776109301015248466552139
-3476776109301026335255535122 -3476776109301026335255535121
3476776109301026335255535121 3476776109301026335255535122
3476776109301026335255535121 3476776109301026335255535122
3476776109301026335255535121 3476776109301026335255535122
3476776109301026335255535121 3476776109301026335255535122
3476776109301026335255535121 3476776109301026335255535122
-40897890973593948848173639 -40897890973593948848173638
3476776109301026335255535121 3476776109301026335255535122
3476776109301026335255535121 3476776109301026335255535122
-3476776109301026335255535122 -3476776109301026335255535121
-3476776109301026335255535122 -3476776109301026335255535121
-3228600541070338987685675652 -3228600541070338987684004466
3476776109301026335255535121 3476776109301026335255535122
-3476776109301026335255535122 -3476776109301026335255535121
-3403246629630175942233580962 -3403246629630175942231600972
3085521446710379484281110875 3085521446710379484281110876
3476776109301075683929416341 3476776109301075683933210904
3476776109301026335255535121 3476776109301026335255535122
3476776109301026335255535121 3476776109301026335255535122
-3476776109301026335255535122 -3476776109301026335255535121
3476776109301026335255535121 3476776109301026335255535122
-3441354980117727803796218321 -3441354980117727803791796764
3476776109301026335255535121 3476776109301026335255535122
-3476776109301026335255535122 -3476776109301026335255535121
3476776109300796916372895134 3476776109300796916375103753
2436053013464905265574593750 2436053013464905265574593751
-3476776109301026335255535122 -3476776109301026335255535121
3476776109301150997136908231 3476776109301150997142243246
-3476776109301026335255535122 -3476776109301026335255535121
-3476776109301026335255535122 -3476776109301026335255535121
-3476776109301026335255535122 -3476776109301026335255535121
-3476776109301026335255535122 -3476776109301026335255535121
-2356929730851443146629180549 -2356929730851443146629180548
-3476776109301026335255535122 -3476776109301026335255535121
-3027274759186997502707488815 -3027274759186997502700017407
3476776109301026335255535121 3476776109301026335255535122
-254413596248191800991182755 -254413596248191800990418699
3476776109301026335255535121 3476776109301026335255535122
-3476776109301026335255535122 -3476776109301026335255535121
3476776109301026335255535121 3476776109301026335255535122
3476776109301026335255535121 3476776109301026335255535122
2279689297307705147809586585 2279689297307705147809586586
3476776109301026335255535121 3476776109301026335255535122
3476776109301023685485609743 3476776109301023685486019823
-1231267715289238329330379543 -1231267715289238329330379542
-3476776109301026335255535122 -3476776109301026335255535121
3476776109301026335255535121 3476776109301026335255535122
3476776109301026335255535121 3476776109301026335255535122
3476776109301026335255535121 3476776109301026335255535122
1029828972307236916685698014 1029828972307236916686172245
872244112740036849140109574 872244112740036849141464646
3476776109301149957747000376 3476776109301149957747389028
1588967269917184264384945744 1588967269917184264387948548
-3476776109301026335255535122 -3476776109301026335255535121
3476776109301026335255535121 3476776109301026335255535122
3476776109301026335255535121 3476776109301026335255535122
-776523849514717461753903078 -776523849514717461753903077
3476776109301026335255535121 3476776109301026335255535122
3476776109301026335255535121 3476776109301026335255535122
3476776109301026335255535121 3476776109301026335255535122
665691873513477419421753065 665691873513477419423320271
-223182199807553642155121196 -223182199807553642154405710
1811256797744076797279382854 1811256797744076797279382855
314129207015787094782403141 314129207015787094784661048
3476776109301026335255535121 3476776109301026335255535122
3476776109301026335255535121 3476776109301026335255535122
3476776109301026335255535121 3476776109301026335255535122
3476776109301026335255535121 3476776109301026335255535122
3476776109301026335255535121 3476776109301026335255535122
3476776109301026335255535121 3476776109301026335255535122
3476776109301026335255535121 3476776109301026335255535122
-3476776109301145996179255062 -3476776109301145996178060496
-3476776109301025499203669783 -3476776109301025499203282781
1568124640602276062093694160 1568124640602276062094351237
3476776109301026335255535121 3476776109301026335255535122
-2971180781963352284819017704 -2971180781963352284819017703
3476776109301026335255535121 3476776109301026335255535122
3476776109301026335255535121 3476776109301026335255535122
3476776109301026335255535121 3476776109301026335255535122
3476776109301026335255535121 3476776109301026335255535122
3476776109301026335255535121 3476776109301026335255535122
3476776109301026335255535121 3476776109301026335255535122
3476776109301026335255535121 3476776109301026335255535122
-3476776109300980767996625461 -3476776109300980767994938912
3476776109301087663047143059 3476776109301087663050281053
-3476776109301026335255535122 -3476776109301026335255535121
3476776109301026335255535121 3476776109301026335255535122
-131356674379465242820613397 -131356674379465242820613396
3476776109301026335255535121 3476776109301026335255535122
3476776109301026335255535121 3476776109301026335255535122
-2710176469938750914943555672 -2710176469938750914943555671
-3476776109301026335255535122 -3476776109301026335255535121
3476776109301026335255535121 3476776109301026335255535122
3476776109301026335255535121 3476776109301026335255535122
2425798999746006120686345717 2425798999746006120686345718
3476776109301007562734553881 3476776109301007562735544133
3476776109301026335255535121 3476776109301026335255535122
3476776109300912953199288589 3476776109300912953201686832
-2190097411329359348240968251 -2190097411329359348240444654
-1791086004105878852137553104 -1791086004105878852136576908
1974995725194124373668131570 1974995725194124373668131571
3476776109301026335255535121 3476776109301026335255535122
3476776109301026335255535121 3476776109301026335255535122
3476776109301026335255535121 3476776109301026335255535122
3476776109301026335255535121 3476776109301026335255535122
3476776109301026335255535121 3476776109301026335255535122
3476776109301026335255535121 3476776109301026335255535122
3476776109301026335255535121 3476776109301026335255535122
-3476776109301026335255535122 -3476776109301026335255535121
-3173418912898421068941759333 -3173418912898421068941372331
-1549550442077272940316131909 -1549550442077272940315867500
3476776109301026335255535121 3476776109301026335255535122
-3476776109301026335255535122 -3476776109301026335255535121
3476776109301026335255535121 3476776109301026335255535122
3476776109301026335255535121 3476776109301026335255535122
3476776109301026335255535121 3476776109301026335255535122
3476776109301026335255535121 3476776109301026335255535122
3476776109301026335255535121 3476776109301026335255535122
3476776109301026335255535121 3476776109301026335255535122
3476776109301026335255535121 3476776109301026335255535122
-3476776109300880082478558760 -3476776109300880082477660617
1836305090452000392718100115 1836305090452000392718100116
3476776109301026335255535121 3476776109301026335255535122
-1925836287523884706001402680 -1925836287523884706001402679
3476776109301026335255535121 3476776109301026335255535122
3476776109301026335255535121 3476776109301026335255535122
3476776109301026335255535121 3476776109301026335255535122
3476776109301026335255535121 3476776109301026335255535122
3476776109301026335255535121 3476776109301026335255535122
3476776109301026335255535121 3476776109301026335255535122
3476776109301026335255535121 3476776109301026335255535122
1152843701920409657033319101 1152843701920409657035078512
3476776109301254320604970457 3476776109301254320611919984
-742406233362522272165493967 -742406233362522272165493966
-3476776109301026335255535122 -3476776109301026335255535121
3476776109301026335255535121 3476776109301026335255535122
3476776109301026335255535121 3476776109301026335255535122
3476776109301026335255535121 3476776109301026335255535122
3476776109301026335255535121 3476776109301026335255535122
3476776109301026335255535121 3476776109301026335255535122
3476776109301026335255535121 3476776109301026335255535122
2952383508106705496414061452 2952383508106705496417062149
-3476776109301033746379810944 -3476776109301033746378406714
3476776109301026335255535121 3476776109301026335255535122
3476776109301026335255535121 3476776109301026335255535122
1940949251108628533251929256 1940949251108628533251929257
-3476776109301026335255535122 -3476776109301026335255535121
3476776109301026335255535121 3476776109301026335255535122
3476776109301026335255535121 3476776109301026335255535122
3476776109301026335255535121 3476776109301026335255535122
3476776109301026335255535121 3476776109301026335255535122
3476776109301026335255535121 3476776109301026335255535122
3476776109301026335255535121 3476776109301026335255535122
-628389125310047667214069162 -628389125310047667214069161
3476776109301026335255535121 3476776109301026335255535122
3476776109301026335255535121 3476776109301026335255535122
3476776109301032821722385083 3476776109301032821726991398
686330335583941075400174677 686330335583941075406177269
3476776109301026335255535121 3476776109301026335255535122
-3476776109301026335255535122 -3476776109301026335255535121
810448171822850999530425138 810448171822850999541046420
-3476776109301026335255535122 -3476776109301026335255535121
3476776109301026335255535121 3476776109301026335255535122
3476776109301026335255535121 3476776109301026335255535122
3476776109301026335255535121 3476776109301026335255535122
3476776109301026335255535121 3476776109301026335255535122
3476776109301026335255535121 3476776109301026335255535122
3476776109301026335255535121 3476776109301026335255535122
-2278590372206515285774436343 -2278590372206515285774436342
3476776109301026335255535121 3476776109301026335255535122
3476776109301026335255535121 3476776109301026335255535122
2850133559881614709341507268 2850133559881614709342439473
-3476776109300916087917308813 -3476776109300916087917138333
3476776109301026335255535121 3476776109301026335255535122
3476776109301026335255535121 3476776109301026335255535122
3476776109301026335255535121 3476776109301026335255535122
-3476776109301026335255535122 -3476776109301026335255535121
3476776109301026335255535121 3476776109301026335255535122
3476776109301026335255535121 3476776109301026335255535122
3476776109301026335255535121 3476776109301026335255535122
-3476776109301026335255535122 -3476776109301026335255535121
3476776109301026335255535121 3476776109301026335255535122
3476776109301026335255535121 3476776109301026335255535122
3476776109301026335255535121 3476776109301026335255535122
-45834062184917785718076477 -45834062184917785718076476
3476776109301026335255535121 3476776109301026335255535122
3476776109301026335255535121 3476776109301026335255535122
-2822167892118937735529203939 -2822167892118937735528233501
3476776109301026335255535121 3476776109301026335255535122
3476776109300926947739625360 3476776109300926947740041692
-3476776109301026335255535122 -3476776109301026335255535121
3476776109301026335255535121 3476776109301026335255535122
2379094188912607521808768793 2379094188912607521808768794
3476776109301026335255535121 3476776109301026335255535122
-3476776109301026335255535122 -3476776109301026335255535121
3476776109301026335255535121 3476776109301026335255535122
3476776109301026335255535121 3476776109301026335255535122
-296310876257480264417406724 -296310876257480264416999270
-711038354441521310054725882 -711038354441521310050522880
-232104088919339441508847561 -232104088919339441493954831
3476776109301026335255535121 3476776109301026335255535122
-3476776109301026335255535122 -3476776109301026335255535121
-3476776109301026335255535122 -3476776109301026335255535121
3476776109301026335255535121 3476776109301026335255535122
3476776109301026335255535121 3476776109301026335255535122
3476776109301026335255535121 3476776109301026335255535122
3476776109301026335255535121 3476776109301026335255535122
3476776109301026335255535121 3476776109301026335255535122
-889635704871038078262626223 -889635704871038078262626222
2753224254297093017753794496 2753224254297093017753794497
3476776109301265228221554303 3476776109301265228233856759
-3476776109301026335255535122 -3476776109301026335255535121
3476776109301032030299205098 3476776109301032030299589247
1404471011566062328471777398 1404471011566062328482763899
3476776109301026335255535121 3476776109301026335255535122
-3476776109300881296775187712 -3476776109300881296767021833
3476776109301026335255535121 3476776109301026335255535122
3476776109301026335255535121 3476776109301026335255535122
2795139514008619261045511552 2795139514008619261045511553
3476776109301026335255535121 3476776109301026335255535122
294663463167144393968360031 294663463167144393968360032
3476776109301026335255535121 3476776109301026335255535122
1198007090117898532748294633 1198007090117898532748294634
-3476776109300963453602628173 -3476776109300963453598481970
-3476776109301032812290931443 -3476776109301032812290476152
-1651759997112345086433620451 -1651759997112345086433620450
3476776109301026335255535121 3476776109301026335255535122
3476776109301026335255535121 3476776109301026335255535122
1574105961118972571278242852 1574105961118972571278242853
3476776109300994218314498608 3476776109300994218314646929
2626200882258246227293683166 2626200882258246227293683167
3476776109301026335255535121 3476776109301026335255535122
3476776109301026335255535121 3476776109301026335255535122
-3476776109301018063304371565 -3476776109301018063304113930
3476776109301026335255535121 3476776109301026335255535122
3476776109301026335255535121 3476776109301026335255535122
-3476776109301024064464788505 -3476776109301024064464007018
-1670649481452488465417762576 -1670649481452488465417762575
-1815138256215111018205259364 -1815138256215111018205169653
-344042210754328628986678708 -344042210754328628984039119
2518627785012335695542271468 2518627785012335695542271469
3476776109301026335255535121 3476776109301026335255535122
-103638057075845339405942105 -103638057075845339405942104
3476776109301026335255535121 3476776109301026335255535122
-3476776109301026335255535122 -3476776109301026335255535121
-3476776109301026335255535122 -3476776109301026335255535121
3476776109301026335255535121 3476776109301026335255535122
-3476776109301026335255535122 -3476776109301026335255535121
-3476776109301167525357489714 -3476776109301167525349941911
-3476776109301026335255535122 -3476776109301026335255535121
2247564960978903262190324067 2247564960978903262190324068
3476776109301020865297564987 3476776109301020865298481315
-3476776109301026335255535122 -3476776109301026335255535121
-3476776109301026335255535122 -3476776109301026335255535121
3476776109300997017237051961 3476776109300997017238075548
3476776109301026335255535121 3476776109301026335255535122
-3476776109301011131080836720 -3476776109301011131080155217
-966077053023386846039681796 -966077053023386846039681795
3476776109301132256500146476 3476776109301132256500146477
-3476776109301037772603288561 -3476776109301037772603236506
753495796690595087993697456 753495796690595087993697457
-1207115576095338829884148397 -1207115576095338829884148396
3476776109301026335255535121 3476776109301026335255535122
3476776109301032080541669742 3476776109301032080541739361
-2869550426672148393646396332 -2869550426672148393646396331
3447312796088044761719972467 3447312796088044761720739290
-3476776109300999404285746105 -3476776109300999404285335880
-3476776109301026335255535122 -3476776109301026335255535121
3476776109301026335255535121 3476776109301026335255535122
2165655235002108952734604839 2165655235002108952734604840
-773845653327550922295762776 -773845653327550922295760672
3476776109301026335255535121 3476776109301026335255535122
-3476776109300731243008852337 -3476776109300731243003512579
3476776109301026335255535121 3476776109301026335255535122
3476776109301026335255535121 3476776109301026335255535122
-3476776109301026335255535122 -3476776109301026335255535121
3476776109301026335255535121 3476776109301026335255535122
3476776109301026335255535121 3476776109301026335255535122
3476776109301026335255535121 3476776109301026335255535122
3476776109301026335255535121 3476776109301026335255535122
3476776109301026335255535121 3476776109301026335255535122
3476776109301026335255535121 3476776109301026335255535122
1003977267130918395286127703 1003977267130918395286127704
-3476776109300961366260725483 -3476776109300961366254581927
-1515939163107360501554196542 -1515939163107360501554196541
-3476776109301026335255535122 -3476776109301026335255535121
2149280169315610266402327695 2149280169315610266402327696
3476776109301026335255535121 3476776109301026335255535122
3476776109301026335255535121 3476776109301026335255535122
3476776109301026335255535121 3476776109301026335255535122
3476776109301026335255535121 3476776109301026335255535122
3476776109301026335255535121 3476776109301026335255535122
3476776109301026335255535121 3476776109301026335255535122
3476776109300840287517828573 3476776109300840287533775666
3476776109301026983918602069 3476776109301026983919039485
-3476776109301026335255535122 -3476776109301026335255535121
-3476776109301026335255535122 -3476776109301026335255535121
3476776109301026335255535121 3476776109301026335255535122
3476776109301026335255535121 3476776109301026335255535122
3476776109301026335255535121 3476776109301026335255535122
-474631423924129951931625438 -474631423924129951931625437
-2099900381853361182102802455 -2099900381853361182102273807
-3476776109301026335255535122 -3476776109301026335255535121
-3436274044829563298337611717 -3436274044829563298337171177
3476776109301026335255535121 3476776109301026335255535122
3476776109301026335255535121 3476776109301026335255535122
3476776109301026335255535121 3476776109301026335255535122
3476776109301026335255535121 3476776109301026335255535122
3476776109301026335255535121 3476776109301026335255535122
3476776109301026335255535121 3476776109301026335255535122
-3476776109301026335255535122 -3476776109301026335255535121
3476776109301026335255535121 3476776109301026335255535122
-3476776109301662072073713185 -3476776109301662072062914839
3476776109301026335255535121 3476776109301026335255535122
3476776109301026335255535121 3476776109301026335255535122
-3476776109301026335255535122 -3476776109301026335255535121
3476776109301026335255535121 3476776109301026335255535122
3476776109301026335255535121 3476776109301026335255535122
3476776109301026335255535121 3476776109301026335255535122
-835681500288167869875780007 -835681500288167869875780006
3476776109301026335255535121 3476776109301026335255535122
3476776109301026335255535121 3476776109301026335255535122
2847164756495634397143844839 2847164756495634397161253616
3476776109301345330384615670 3476776109301345330385985034
-3476776109301026335255535122 -3476776109301026335255535121
-3476776109301026335255535122 -3476776109301026335255535121
-3476776109301026335255535122 -3476776109301026335255535121
3476776109301026335255535121 3476776109301026335255535122
3476776109301026335255535121 3476776109301026335255535122
3476776109301026335255535121 3476776109301026335255535122
3476776109301026335255535121 3476776109301026335255535122
-276149612041083252730152438 -276149612041083252730152437
3476776109301026335255535121 3476776109301026335255535122
3476776109301026335255535121 3476776109301026335255535122
-2319683439014477392438669548 -2319683439014477392430980787
3476776109301026335255535121 3476776109301026335255535122
-3476776109301026335255535122 -3476776109301026335255535121
-3476776109301026335255535122 -3476776109301026335255535121
3476776109301026335255535121 3476776109301026335255535122
3476776109301026335255535121 3476776109301026335255535122
3476776109301026335255535121 3476776109301026335255535122
3476776109301026335255535121 3476776109301026335255535122
3476776109301026335255535121 3476776109301026335255535122
3476776109301026335255535121 3476776109301026335255535122
3476776109301026335255535121 3476776109301026335255535122
3476776109301085128906906187 3476776109301085128907385388
3476776109301026335255535121 3476776109301026335255535122
-3476776109301026335255535122 -3476776109301026335255535121
-2990177183169254437189793421 -2990177183169254437189793420
3476776109301026335255535121 3476776109301026335255535122
3476776109301026335255535121 3476776109301026335255535122
3476776109301026335255535121 3476776109301026335255535122
-1576730535040095133286995897 -1576730535040095133286556268
3476776109301026335255535121 3476776109301026335255535122
3476776109301026335255535121 3476776109301026335255535122
-3476776109301026335255535122 -3476776109301026335255535121
-401634264941045076784844472 -401634264941045076784192405
3476776109301026335255535121 3476776109301026335255535122
-3476776109301026335255535122 -3476776109301026335255535121
-3476776109301026335255535122 -3476776109301026335255535121
3476776109301026335255535121 3476776109301026335255535122
3476776109301026335255535121 3476776109301026335255535122
3476776109301026335255535121 3476776109301026335255535122
-3476776109301026335255535122 -3476776109301026335255535121
-3476776109301026335255535122 -3476776109301026335255535121
3476776109301026335255535121 3476776109301026335255535122
3476776109301026335255535121 3476776109301026335255535122
3476776109301026335255535121 3476776109301026335255535122
3476776109300966486855090599 3476776109300966486859502286
-3476776109301026335255535122 -3476776109301026335255535121
-880888056928859066675638947 -880888056928859066672291277
-3476776109301026335255535122 -3476776109301026335255535121
3476776109301026335255535121 3476776109301026335255535122
-3476776109301025666254705398 -3476776109301025666254471246
3476776109301026335255535121 3476776109301026335255535122
3476776109301026335255535121 3476776109301026335255535122
710926944504204425039648807 710926944504204425039648808
-3476776109301026335255535122 -3476776109301026335255535121
3476776109301026335255535121 3476776109301026335255535122
-3476776109301026335255535122 -3476776109301026335255535121
3476776109301026335255535121 3476776109301026335255535122
3476776109301026335255535121 3476776109301026335255535122
3476776109301026335255535121 3476776109301026335255535122
2711163960535919583578128646 2711163960535919583578438919
-3476776109301026335255535122 -3476776109301026335255535121
-3476776109301026335255535122 -3476776109301026335255535121
-3476776109301026335255535122 -3476776109301026335255535121
3476776109301026335255535121 3476776109301026335255535122
-3476776109301026335255535122 -3476776109301026335255535121
-3476776109301026335255535122 -3476776109301026335255535121
3476776109301457918581131256 3476776109301457918581558203
3476776109301026335255535121 3476776109301026335255535122
3476776109301026335255535121 3476776109301026335255535122
-3476776109301026335255535122 -3476776109301026335255535121
3476776109301026335255535121 3476776109301026335255535122
-3476776109301026335255535122 -3476776109301026335255535121
-66075967215340817835827901 -66075967215340817835827900
419618731250129867313972002 419618731250129867313972003
-3476776109301026335255535122 -3476776109301026335255535121
849711714220850102821433565 849711714220850102822678731
3476776109301026335255535121 3476776109301026335255535122
-3476776109301026335255535122 -3476776109301026335255535121
-2683179215594966215601842889 -2683179215594966215601696769
3476776109301026335255535121 3476776109301026335255535122
3476776109301132256500146476 3476776109301132256500146477
-2568351766940967607492290460 -2568351766940967607492233199
3476776109301026335255535121 3476776109301026335255535122
3476776109301026335255535121 3476776109301026335255535122
3476776109301026335255535121 3476776109301026335255535122
-3476776109301026335255535122 -3476776109301026335255535121
-3476776109301026335255535122 -3476776109301026335255535121
3476776109301026335255535121 3476776109301026335255535122
3476776109301023332127014634 3476776109301023332127097922
277675753522848641985690840 277675753522848641985690841
-3476776109301026335255535122 -3476776109301026335255535121
1955686561481942209891134680 1955686561481942209891134681
-3476776109301026335255535122 -3476776109301026335255535121
-3476776109301026335255535122 -3476776109301026335255535121
ORIGINAL_TO_COLLAPSED 8175
0 1 1 1 2 3 4 4 5 3 4 5 3 5 6 7 8 8 9 10 11 12 13 14 11 13 14 15 16 17
18 19 19 20 21 22 23 24 25 22 24 25 26 27 28 29 30 30 31 32 33 34 35 36 33 35 36 37 38 39
40 41 42 43 44 45 46 47 48 49 50 51 52 53 54 55 56 56 57 58 59 60 61 62 59 61 62 63 64 65
66 67 67 68 69 70 71 72 73 70 72 73 74 75 76 77 78 78 79 80 81 82 83 84 81 83 84 85 86 87
88 89 89 90 91 92 93 94 95 92 94 95 96 97 98 99 100 100 101 102 103 104 105 106 103 105 106 107 108 109
110 111 111 112 113 114 115 116 117 114 116 117 118 119 120 121 122 123 124 125 126 127 128 129 130 131 132 133 134 135
136 137 137 138 139 140 141 142 143 140 142 143 144 145 146 147 148 148 149 150 151 152 153 154 151 153 154 155 156 157
158 159 159 160 161 162 163 164 165 162 164 165 166 167 168 169 170 171 172 173 174 175 176 177 178 179 180 181 182 183
184 185 185 186 187 188 189 190 191 188 190 191 192 193 194 195 196 196 197 198 199 200 201 202 199 201 202 203 204 205
206 207 208 208 209 210 211 211 212 213 214 215 213 215 216 217 218 219 219 220 221 222 222 223 224 225 226 224 226 227
228 229 230 230 231 232 233 233 234 235 236 237 235 237 238 239 240 241 242 243 244 245 246 247 248 249 250 251 252 253
254 255 256 257 258 259 260 261 262 263 264 265 266 267 268 269 270 271 272 273 274 275 276 277 278 279 280 281 282 283
284 285 286 287 288 289 290 291 292 293 294 295 296 297 298 299 300 301 302 303 304 305 306 307 308 309 310 311 312 313
314 315 316 317 318 319 320 321 322 323 324 325 326 327 328 329 330 331 332 333 334 335 336 337 338 339 340 341 342 343
344 345 346 347 348 349 350 351 352 353 354 355 356 357 358 359 360 361 362 363 364 365 366 367 368 369 370 371 372 373
374 375 376 377 378 379 380 381 382 383 384 385 386 387 388 389 390 391 392 393 394 395 396 397 398 399 400 401 402 403
404 405 406 407 408 409 410 411 412 413 414 415 416 417 418 419 420 421 422 423 424 425 426 427 428 429 430 431 432 433
434 435 436 437 438 439 440 441 442 443 444 445 446 447 448 449 450 451 452 453 454 455 456 457 458 459 460 461 462 463
464 465 466 467 468 469 470 471 472 473 474 475 476 477 478 479 480 481 482 483 484 485 486 487 488 489 490 491 492 493
494 495 496 496 497 498 499 499 500 501 502 503 501 503 504 505 506 507 508 509 510 511 512 513 514 515 516 517 518 519
520 521 522 522 523 524 525 525 526 527 528 529 527 529 530 531 532 533 533 534 535 536 536 537 538 539 540 538 540 541
542 543 544 545 546 547 548 549 550 551 552 553 554 555 556 557 558 559 559 560 561 562 562 563 564 565 566 564 566 567
568 569 570 570 571 572 573 573 574 575 576 577 575 577 578 579 580 581 582 583 584 585 586 587 588 589 590 591 592 593
594 595 596 597 598 599 600 601 602 603 604 605 606 607 608 609 610 611 612 613 614 615 616 617 618 619 620 621 622 623
624 625 626 627 628 629 630 631 632 633 634 635 636 637 638 639 640 641 642 643 644 645 646 647 648 649 650 651 652 653
654 655 656 657 658 659 660 661 662 663 664 665 666 667 668 669 670 671 672 673 674 675 676 677 678 679 680 681 682 683
684 685 686 687 688 689 690 691 692 693 694 695 696 697 698 699 700 701 702 703 704 705 706 707 708 709 710 711 712 713
714 715 716 716 717 718 719 719 720 721 722 723 721 723 724 725 726 727 728 729 730 731 732 733 734 735 736 737 738 739
740 741 742 743 744 745 746 747 748 749 750 751 752 753 754 755 756 757 757 758 759 760 760 761 762 763 764 762 764 765
766 767 768 769 770 771 772 773 774 775 776 777 778 779 780 781 782 783 783 784 785 786 786 787 788 789 790 788 790 791
792 793 794 795 796 797 798 799 800 801 802 803 804 805 806 807 808 809 810 811 812 813 814 815 816 817 818 819 820 821
822 823 824 825 826 827 828 829 830 831 832 833 834 835 836 837 838 839 840 841 842 843 844 845 846 847 848 849 850 851
852 853 854 855 856 857 858 859 860 861 862 863 864 865 866 867 868 869 870 871 872 873 874 875 876 877 878 879 880 881
882 883 884 884 885 886 887 887 888 889 890 891 889 891 892 893 894 895 896 897 898 899 900 901 902 903 904 905 906 907
908 909 910 910 911 912 913 913 914 915 916 917 915 917 918 919 920 920 920 921 922 923 923 924 922 923 924 922 924 925
926 927 928 928 929 930 931 931 932 933 934 935 933 935 936 937 938 938 939 940 941 942 943 944 941 943 944 945 946 947
948 949 949 949 950 951 952 952 953 951 952 953 951 953 954 955 956 956 956 957 958 959 959 960 958 959 960 958 960 961
962 963 964 964 965 966 967 967 968 969 970 971 969 971 972 973 974 974 975 976 977 978 979 980 977 979 980 981 982 983
984 985 985 985 986 987 988 988 989 987 988 989 987 989 990 991 992 992 992 993 994 995 995 996 994 995 996 994 996 997
998 999 999 1000 1001 1002 1003 1004 1005 1002 1004 1005 1006 1007 1008 1009 1010 1010 1011 1012 1013 1014 1015 1016 1013 1015 1016 1017 1018 1019
1020 1021 1022 1023 1024 1025 1026 1027 1028 1029 1030 1031 1032 1033 1034 1035 1036 1036 1037 1038 1039 1040 1041 1042 1039 1041 1042 1043 1044 1045
1046 1047 1047 1048 1049 1050 1051 1052 1053 1050 1052 1053 1054 1055 1056 1057 1058 1059 1060 1061 1062 1063 1064 1065 1066 1067 1068 1069 1070 1071
1072 1073 1073 1074 1075 1076 1077 1078 1079 1076 1078 1079 1080 1081 1082 1083 1084 1084 1085 1086 1087 1088 1089 1090 1087 1089 1090 1091 1092 1093
1094 1095 1095 1096 1097 1098 1099 1100 1101 1098 1100 1101 1102 1103 1104 1105 1106 1106 1107 1108 1109 1110 1111 1112 1109 1111 1112 1113 1114 1115
1116 1117 1117 1118 1119 1120 1121 1122 1123 1120 1122 1123 1124 1125 1126 1127 1128 1129 1130 1131 1132 1133 1134 1135 1136 1137 1138 1139 1140 1141
1142 1143 1144 1145 1146 1147 1148 1149 1150 1151 1152 1153 1154 1155 1156 1157 1158 1159 1160 1161 1162 1163 1164 1165 1166 1167 1168 1169 1170 1171
1172 1173 1174 1175 1176 1177 1178 1179 1180 1181 1182 1183 1184 1185 1186 1187 1188 1188 1189 1190 1191 1192 1193 1194 1191 1193 1194 1195 1196 1197
1198 1199 1199 1200 1201 1202 1203 1204 1205 1202 1204 1205 1206 1207 1208 1209 1210 1210 1211 1212 1213 1214 1215 1216 1213 1215 1216 1217 1218 1219
1220 1221 1221 1222 1223 1224 1225 1226 1227 1224 1226 1227 1228 1229 1230 1231 1232 1232 1233 1234 1235 1236 1237 1238 1235 1237 1238 1239 1240 1241
1242 1243 1243 1244 1245 1246 1247 1248 1249 1246 1248 1249 1250 1251 1252 1253 1254 1255 1255 1256 1257 1258 1258 1259 1260 1261 1262 1260 1262 1263
1264 1265 1266 1267 1268 1269 1270 1271 1272 1273 1274 1275 1276 1277 1278 1279 1280 1281 1281 1282 1283 1284 1284 1285 1286 1287 1288 1286 1288 1289
1290 1291 1292 1292 1293 1294 1295 1295 1296 1297 1298 1299 1297 1299 1300 1301 1302 1303 1304 1305 1306 1307 1308 1309 1310 1311 1312 1313 1314 1315
1316 1317 1318 1318 1319 1320 1321 1321 1322 1323 1324 1325 1323 1325 1326 1327 1328 1329 1330 1331 1332 1333 1334 1335 1336 1337 1338 1339 1340 1341
1342 1343 1344 1345 1346 1347 1348 1349 1350 1351 1352 1353 1354 1355 1356 1357 1358 1359 1360 1361 1362 1363 1364 1365 1366 1367 1368 1369 1370 1371
1372 1373 1374 1375 1376 1377 1378 1379 1380 1381 1382 1383 1384 1385 1386 1387 1388 1389 1390 1391 1392 1393 1394 1395 1396 1397 1398 1399 1400 1401
1402 1403 1404 1405 1406 1407 1408 1409 1410 1411 1412 1413 1414 1415 1416 1417 1418 1419 1420 1421 1422 1423 1424 1425 1426 1427 1428 1429 1430 1431
1432 1433 1434 1435 1436 1437 1438 1439 1440 1441 1442 1443 1444 1445 1446 1447 1448 1449 1450 1451 1452 1453 1454 1455 1456 1457 1458 1459 1460 1461
1462 1463 1464 1465 1466 1467 1468 1469 1470 1471 1472 1473 1474 1475 1476 1477 1478 1479 1479 1480 1481 1482 1482 1483 1484 1485 1486 1484 1486 1487
1488 1489 1490 1491 1492 1493 1494 1495 1496 1497 1498 1499 1500 1501 1502 1503 1504 1505 1505 1506 1507 1508 1508 1509 1510 1511 1512 1510 1512 1513
1514 1515 1516 1517 1518 1519 1520 1521 1522 1523 1524 1525 1526 1527 1528 1529 1530 1531 1532 1533 1534 1535 1536 1537 1538 1539 1540 1541 1542 1543
1544 1545 1546 1547 1548 1549 1550 1551 1552 1553 1554 1555 1556 1557 1558 1559 1560 1561 1561 1562 1563 1564 1564 1565 1566 1567 1568 1566 1568 1569
1570 1571 1572 1573 1574 1575 1576 1577 1578 1579 1580 1581 1582 1583 1584 1585 1586 1587 1587 1588 1589 1590 1590 1591 1592 1593 1594 1592 1594 1595
1596 1597 1598 1599 1600 1601 1602 1603 1604 1605 1606 1607 1608 1609 1610 1611 1612 1613 1614 1615 1616 1617 1618 1619 1620 1621 1622 1623 1624 1625
1626 1627 1628 1629 1630 1631 1632 1633 1634 1635 1636 1637 1638 1639 1640 1641 1642 1643 1644 1645 1646 1647 1648 1649 1650 1651 1652 1653 1654 1655
1656 1657 1658 1658 1659 1660 1661 1661 1662 1663 1664 1665 1663 1665 1666 1667 1668 1668 1668 1669 1670 1671 1671 1672 1670 1671 1672 1670 1672 1673
1674 1675 1676 1676 1677 1678 1679 1679 1680 1681 1682 1683 1681 1683 1684 1685 1686 1686 1687 1688 1689 1690 1691 1692 1689 1691 1692 1693 1694 1695
1696 1697 1697 1697 1698 1699 1700 1700 1701 1699 1700 1701 1699 1701 1702 1703 1704 1704 1705 1706 1707 1708 1709 1710 1707 1709 1710 1711 1712 1713
1714 1715 1715 1716 1717 1718 1719 1720 1721 1718 1720 1721 1722 1723 1724 1725 1726 1726 1727 1728 1729 1730 1731 1732 1729 1731 1732 1733 1734 1735
1736 1737 1737 1738 1739 1740 1741 1742 1743 1740 1742 1743 1744 1745 1746 1747 1748 1748 1749 1750 1751 1752 1753 1754 1751 1753 1754 1755 1756 1757
1758 1759 1759 1760 1761 1762 1763 1764 1765 1762 1764 1765 1766 1767 1768 1769 1770 1771 1771 1772 1773 1774 1774 1775 1776 1777 1778 1776 1778 1779
1780 1781 1782 1783 1784 1785 1786 1787 1788 1789 1790 1791 1792 1793 1794 1795 1796 1797 1797 1798 1799 1800 1800 1801 1802 1803 1804 1802 1804 1805
1806 1807 1808 1809 1810 1811 1812 1813 1814 1815 1816 1817 1818 1819 1820 1821 1822 1823 1824 1825 1826 1827 1828 1829 1830 1831 1832 1833 1834 1835
1836 1837 1838 1838 1839 1840 1841 1841 1842 1843 1844 1845 1843 1845 1846 1847 1848 1848 1848 1849 1850 1851 1851 1852 1850 1851 1852 1850 1852 1853
1854 1855 1855 1856 1857 1858 1859 1860 1861 1858 1860 1861 1862 1863 1864 1865 1866 1867 1867 1868 1869 1870 1870 1871 1872 1873 1874 1872 1874 1875
1876 1877 1877 1877 1878 1879 1880 1880 1881 1879 1880 1881 1879 1881 1882 1883 1884 1884 1885 1886 1887 1888 1889 1890 1887 1889 1890 1891 1892 1893
1894 1895 1896 1897 1898 1899 1900 1901 1902 1903 1904 1905 1906 1907 1908 1909 1910 1910 1911 1912 1913 1914 1915 1916 1913 1915 1916 1917 1918 1919
1920 1921 1922 1922 1923 1924 1925 1925 1926 1927 1928 1929 1927 1929 1930 1931 1932 1933 1933 1934 1935 1936 1936 1937 1938 1939 1940 1938 1940 1941
1942 1943 1943 1943 1944 1945 1946 1946 1947 1945 1946 1947 1945 1947 1948 1949 1950 1950 1950 1951 1952 1953 1953 1954 1952 1953 1954 1952 1954 1955
1956 1957 1957 1957 1958 1959 1960 1960 1961 1959 1960 1961 1959 1961 1962 1963 1964 1964 1965 1966 1967 1968 1969 1970 1967 1969 1970 1971 1972 1973
1974 1975 1976 1977 1978 1979 1980 1981 1982 1983 1984 1985 1986 1987 1988 1989 1990 1990 1991 1992 1993 1994 1995 1996 1993 1995 1996 1997 1998 1999
2000 2001 2001 2002 2003 2004 2005 2006 2007 2004 2006 2007 2008 2009 2010 2011 2012 2012 2013 2014 2015 2016 2017 2018 2015 2017 2018 2019 2020 2021
2022 2023 2023 2024 2025 2026 2027 2028 2029 2026 2028 2029 2030 2031 2032 2033 2034 2035 2036 2037 2038 2039 2040 2041 2042 2043 2044 2045 2046 2047
2048 2049 2049 2050 2051 2052 2053 2054 2055 2052 2054 2055 2056 2057 2058 2059 2060 2060 2061 2062 2063 2064 2065 2066 2063 2065 2066 2067 2068 2069
2070 2071 2071 2072 2073 2074 2075 2076 2077 2074 2076 2077 2078 2079 2080 2081 2082 2082 2083 2084 2085 2086 2087 2088 2085 2087 2088 2089 2090 2091
2092 2093 2093 2094 2095 2096 2097 2098 2099 2096 2098 2099 2100 2101 2102 2103 2104 2105 2106 2107 2108 2109 2110 2111 2112 2113 2114 2115 2116 2117
2118 2119 2119 2120 2121 2122 2123 2124 2125 2122 2124 2125 2126 2127 2128 2129 2130 2130 2131 2132 2133 2134 2135 2136 2133 2135 2136 2137 2138 2139
2140 2141 2142 2142 2143 2144 2145 2145 2146 2147 2148 2149 2147 2149 2150 2151 2152 2153 2154 2155 2156 2157 2158 2159 2160 2161 2162 2163 2164 2165
2166 2167 2168 2168 2169 2170 2171 2171 2172 2173 2174 2175 2173 2175 2176 2177 2178 2179 2179 2180 2181 2182 2182 2183 2184 2185 2186 2184 2186 2187
2188 2189 2190 2190 2191 2192 2193 2193 2194 2195 2196 2197 2195 2197 2198 2199 2200 2201 2202 2203 2204 2205 2206 2207 2208 2209 2210 2211 2212 2213
2214 2215 2216 2217 2218 2219 2220 2221 2222 2223 2224 2225 2226 2227 2228 2229 2230 2231 2232 2233 2234 2235 2236 2237 2238 2239 2240 2241 2242 2243
2244 2245 2246 2247 2248 2249 2250 2251 2252 2253 2254 2255 2256 2257 2258 2259 2260 2261 2262 2263 2264 2265 2266 2267 2268 2269 2270 2271 2272 2273
2274 2275 2276 2277 2278 2279 2280 2281 2282 2283 2284 2285 2286 2287 2288 2289 2290 2291 2292 2293 2294 2295 2296 2297 2298 2299 2300 2301 2302 2303
2304 2305 2306 2307 2308 2309 2310 2311 2312 2313 2314 2315 2316 2317 2318 2319 2320 2321 2322 2323 2324 2325 2326 2327 2328 2329 2330 2331 2332 2333
2334 2335 2336 2337 2338 2339 2340 2341 2342 2343 2344 2345 2346 2347 2348 2349 2350 2351 2352 2353 2354 2355 2356 2357 2358 2359 2360 2361 2362 2363
2364 2365 2366 2367 2368 2369 2370 2371 2372 2373 2374 2375 2376 2377 2378 2379 2380 2381 2382 2383 2384 2385 2386 2387 2388 2389 2390 2391 2392 2393
2394 2395 2396 2397 2398 2399 2400 2401 2402 2403 2404 2405 2406 2407 2408 2409 2410 2411 2412 2413 2414 2415 2416 2417 2418 2419 2420 2421 2422 2423
2424 2425 2426 2427 2428 2429 2430 2431 2432 2433 2434 2435 2436 2437 2438 2439 2440 2441 2442 2443 2444 2445 2446 2447 2448 2449 2450 2451 2452 2453
2454 2455 2456 2457 2458 2459 2460 2461 2462 2463 2464 2465 2466 2467 2468 2469 2470 2471 2471 2472 2473 2474 2474 2475 2476 2477 2478 2476 2478 2479
2480 2481 2482 2483 2484 2485 2486 2487 2488 2489 2490 2491 2492 2493 2494 2495 2496 2497 2498 2499 2500 2501 2502 2503 2504 2505 2506 2507 2508 2509
2510 2511 2512 2512 2513 2514 2515 2515 2516 2517 2518 2519 2517 2519 2520 2521 2522 2523 2524 2525 2526 2527 2528 2529 2530 2531 2532 2533 2534 2535
2536 2537 2538 2538 2539 2540 2541 2541 2542 2543 2544 2545 2543 2545 2546 2547 2548 2549 2549 2550 2551 2552 2552 2553 2554 2555 2556 2554 2556 2557
2558 2559 2560 2561 2562 2563 2564 2565 2566 2567 2568 2569 2570 2571 2572 2573 2574 2575 2576 2577 2578 2579 2580 2581 2582 2583 2584 2585 2586 2587
2588 2589 2590 2590 2591 2592 2593 2593 2594 2595 2596 2597 2595 2597 2598 2599 2600 2601 2602 2603 2604 2605 2606 2607 2608 2609 2610 2611 2612 2613
2614 2615 2616 2616 2617 2618 2619 2619 2620 2621 2622 2623 2621 2623 2624 2625 2626 2627 2627 2628 2629 2630 2630 2631 2632 2633 2634 2632 2634 2635
2636 2637 2638 2639 2640 2641 2642 2643 2644 2645 2646 2647 2648 2649 2650 2651 2652 2653 2654 2655 2656 2657 2658 2659 2660 2661 2662 2663 2664 2665
2666 2667 2668 2668 2669 2670 2671 2671 2672 2673 2674 2675 2673 2675 2676 2677 2678 2679 2680 2681 2682 2683 2684 2685 2686 2687 2688 2689 2690 2691
2692 2693 2694 2694 2695 2696 2697 2697 2698 2699 2700 2701 2699 2701 2702 2703 2704 2705 2706 2707 2708 2709 2710 2711 2712 2713 2714 2715 2716 2717
2718 2719 2720 2721 2722 2723 2724 2725 2726 2727 2728 2729 2730 2731 2732 2733 2734 2735 2736 2737 2738 2739 2740 2741 2742 2743 2744 2745 2746 2747
2748 2749 2750 2751 2752 2753 2754 2755 2756 2757 2758 2759 2760 2761 2762 2763 2764 2765 2766 2767 2768 2769 2770 2771 2772 2773 2774 2775 2776 2777
2778 2779 2780 2781 2782 2783 2784 2785 2786 2787 2788 2789 2790 2791 2792 2793 2794 2795 2796 2797 2798 2799 2800 2801 2802 2803 2804 2805 2806 2807
2808 2809 2810 2811 2812 2813 2814 2815 2816 2817 2818 2819 2820 2821 2822 2823 2824 2825 2826 2827 2828 2829 2830 2831 2832 2833 2834 2835 2836 2837
2838 2839 2840 2840 2841 2842 2843 2843 2844 2845 2846 2847 2845 2847 2848 2849 2850 2851 2852 2853 2854 2855 2856 2857 2858 2859 2860 2861 2862 2863
2864 2865 2866 2867 2868 2869 2870 2871 2872 2873 2874 2875 2876 2877 2878 2879 2880 2881 2881 2882 2883 2884 2884 2885 2886 2887 2888 2886 2888 2889
2890 2891 2892 2893 2894 2895 2896 2897 2898 2899 2900 2901 2902 2903 2904 2905 2906 2907 2907 2908 2909 2910 2910 2911 2912 2913 2914 2912 2914 2915
2916 2917 2917 2917 2918 2919 2920 2920 2921 2919 2920 2921 2919 2921 2922 2923 2924 2924 2924 2925 2926 2927 2927 2928 2926 2927 2928 2926 2928 2929
2930 2931 2932 2932 2933 2934 2935 2935 2936 2937 2938 2939 2937 2939 2940 2941 2942 2942 2943 2944 2945 2946 2947 2948 2945 2947 2948 2949 2950 2951
2952 2953 2953 2953 2954 2955 2956 2956 2957 2955 2956 2957 2955 2957 2958 2959 2960 2960 2961 2962 2963 2964 2965 2966 2963 2965 2966 2967 2968 2969
2970 2971 2971 2972 2973 2974 2975 2976 2977 2974 2976 2977 2978 2979 2980 2981 2982 2982 2983 2984 2985 2986 2987 2988 2985 2987 2988 2989 2990 2991
2992 2993 2993 2994 2995 2996 2997 2998 2999 2996 2998 2999 3000 3001 3002 3003 3004 3004 3005 3006 3007 3008 3009 3010 3007 3009 3010 3011 3012 3013
3014 3015 3015 3016 3017 3018 3019 3020 3021 3018 3020 3021 3022 3023 3024 3025 3026 3026 3027 3028 3029 3030 3031 3032 3029 3031 3032 3033 3034 3035
3036 3037 3037 3038 3039 3040 3041 3042 3043 3040 3042 3043 3044 3045 3046 3047 3048 3048 3049 3050 3051 3052 3053 3054 3051 3053 3054 3055 3056 3057
3058 3059 3059 3060 3061 3062 3063 3064 3065 3062 3064 3065 3066 3067 3068 3069 3070 3071 3072 3073 3074 3075 3076 3077 3078 3079 3080 3081 3082 3083
3084 3085 3086 3087 3088 3089 3090 3091 3092 3093 3094 3095 3096 3097 3098 3099 3100 3100 3101 3102 3103 3104 3105 3106 3103 3105 3106 3107 3108 3109
3110 3111 3111 3112 3113 3114 3115 3116 3117 3114 3116 3117 3118 3119 3120 3121 3122 3122 3123 3124 3125 3126 3127 3128 3125 3127 3128 3129 3130 3131
3132 3133 3133 3134 3135 3136 3137 3138 3139 3136 3138 3139 3140 3141 3142 3143 3144 3145 3145 3146 3147 3148 3148 3149 3150 3151 3152 3150 3152 3153
3154 3155 3156 3157 3158 3159 3160 3161 3162 3163 3164 3165 3166 3167 3168 3169 3170 3171 3171 3172 3173 3174 3174 3175 3176 3177 3178 3176 3178 3179
3180 3181 3182 3182 3183 3184 3185 3185 3186 3187 3188 3189 3187 3189 3190 3191 3192 3193 3194 3195 3196 3197 3198 3199 3200 3201 3202 3203 3204 3205
3206 3207 3208 3208 3209 3210 3211 3211 3212 3213 3214 3215 3213 3215 3216 3217 3218 3219 3220 3221 3222 3223 3224 3225 3226 3227 3228 3229 3230 3231
3232 3233 3234 3235 3236 3237 3238 3239 3240 3241 3242 3243 3244 3245 3246 3247 3248 3249 3250 3251 3252 3253 3254 3255 3256 3257 3258 3259 3260 3261
3262 3263 3264 3265 3266 3267 3268 3269 3270 3271 3272 3273 3274 3275 3276 3277 3278 3279 3280 3281 3282 3283 3284 3285 3286 3287 3288 3289 3290 3291
3292 3293 3294 3295 3296 3297 3298 3299 3300 3301 3302 3303 3304 3305 3306 3307 3308 3309 3309 3310 3311 3312 3312 3313 3314 3315 3316 3314 3316 3317
3318 3319 3320 3321 3322 3323 3324 3325 3326 3327 3328 3329 3330 3331 3332 3333 3334 3335 3335 3336 3337 3338 3338 3339 3340 3341 3342 3340 3342 3343
3344 3345 3346 3347 3348 3349 3350 3351 3352 3353 3354 3355 3356 3357 3358 3359 3360 3361 3362 3363 3364 3365 3366 3367 3368 3369 3370 3371 3372 3373
3374 3375 3376 3376 3377 3378 3379 3379 3380 3381 3382 3383 3381 3383 3384 3385 3386 3386 3386 3387 3388 3389 3389 3390 3388 3389 3390 3388 3390 3391
3392 3393 3393 3394 3395 3396 3397 3398 3399 3396 3398 3399 3400 3401 3402 3403 3404 3405 3405 3406 3407 3408 3408 3409 3410 3411 3412 3410 3412 3413
3414 3415 3415 3415 3416 3417 3418 3418 3419 3417 3418 3419 3417 3419 3420 3421 3422 3423 3423 3424 3425 3426 3426 3427 3428 3429 3430 3428 3430 3431
3432 3433 3434 3435 3436 3437 3438 3439 3440 3441 3442 3443 3444 3445 3446 3447 3448 3449 3449 3450 3451 3452 3452 3453 3454 3455 3456 3454 3456 3457
3458 3459 3460 3460 3461 3462 3463 3463 3464 3465 3466 3467 3465 3467 3468 3469 3470 3470 3471 3472 3473 3474 3475 3476 3473 3475 3476 3477 3478 3479
3480 3481 3481 3482 3483 3484 3485 3486 3487 3484 3486 3487 3488 3489 3490 3491 3492 3493 3494 3495 3496 3497 3498 3499 3500 3501 3502 3503 3504 3505
3506 3507 3507 3508 3509 3510 3511 3512 3513 3510 3512 3513 3514 3515 3516 3517 3518 3518 3518 3519 3520 3521 3521 3522 3520 3521 3522 3520 3522 3523
3524 3525 3525 3526 3527 3528 3529 3530 3531 3528 3530 3531 3532 3533 3534 3535 3536 3537 3537 3538 3539 3540 3540 3541 3542 3543 3544 3542 3544 3545
3546 3547 3547 3547 3548 3549 3550 3550 3551 3549 3550 3551 3549 3551 3552 3553 3554 3554 3555 3556 3557 3558 3559 3560 3557 3559 3560 3561 3562 3563
3564 3565 3566 3567 3568 3569 3570 3571 3572 3573 3574 3575 3576 3577 3578 3579 3580 3580 3581 3582 3583 3584 3585 3586 3583 3585 3586 3587 3588 3589
3590 3591 3591 3592 3593 3594 3595 3596 3597 3594 3596 3597 3598 3599 3600 3601 3602 3603 3604 3605 3606 3607 3608 3609 3610 3611 3612 3613 3614 3615
3616 3617 3617 3618 3619 3620 3621 3622 3623 3620 3622 3623 3624 3625 3626 3627 3628 3628 3629 3630 3631 3632 3633 3634 3631 3633 3634 3635 3636 3637
3638 3639 3640 3641 3642 3643 3644 3645 3646 3647 3648 3649 3650 3651 3652 3653 3654 3654 3655 3656 3657 3658 3659 3660 3657 3659 3660 3661 3662 3663
3664 3665 3665 3666 3667 3668 3669 3670 3671 3668 3670 3671 3672 3673 3674 3675 3676 3677 3678 3679 3680 3681 3682 3683 3684 3685 3686 3687 3688 3689
3690 3691 3691 3692 3693 3694 3695 3696 3697 3694 3696 3697 3698 3699 3700 3701 3702 3703 3703 3704 3705 3706 3706 3707 3708 3709 3710 3708 3710 3711
3712 3713 3714 3714 3715 3716 3717 3717 3718 3719 3720 3721 3719 3721 3722 3723 3724 3725 3726 3727 3728 3729 3730 3731 3732 3733 3734 3735 3736 3737
3738 3739 3740 3741 3742 3743 3744 3745 3746 3747 3748 3749 3750 3751 3752 3753 3754 3755 3755 3756 3757 3758 3758 3759 3760 3761 3762 3760 3762 3763
3764 3765 3766 3766 3767 3768 3769 3769 3770 3771 3772 3773 3771 3773 3774 3775 3776 3776 3776 3777 3778 3779 3779 3780 3778 3779 3780 3778 3780 3781
3782 3783 3783 3784 3785 3786 3787 3788 3789 3786 3788 3789 3790 3791 3792 3793 3794 3795 3795 3796 3797 3798 3798 3799 3800 3801 3802 3800 3802 3803
3804 3805 3805 3805 3806 3807 3808 3808 3809 3807 3808 3809 3807 3809 3810 3811 3812 3812 3812 3813 3814 3815 3815 3816 3814 3815 3816 3814 3816 3817
3818 3819 3820 3820 3821 3822 3823 3823 3824 3825 3826 3827 3825 3827 3828 3829 3830 3830 3831 3832 3833 3834 3835 3836 3833 3835 3836 3837 3838 3839
3840 3841 3841 3841 3842 3843 3844 3844 3845 3843 3844 3845 3843 3845 3846 3847 3848 3848 3848 3849 3850 3851 3851 3852 3850 3851 3852 3850 3852 3853
3854 3855 3855 3856 3857 3858 3859 3860 3861 3858 3860 3861 3862 3863 3864 3865 3866 3866 3867 3868 3869 3870 3871 3872 3869 3871 3872 3873 3874 3875
3876 3877 3877 3878 3879 3880 3881 3882 3883 3880 3882 3883 3884 3885 3886 3887 3888 3888 3889 3890 3891 3892 3893 3894 3891 3893 3894 3895 3896 3897
3898 3899 3900 3901 3902 3903 3904 3905 3906 3907 3908 3909 3910 3911 3912 3913 3914 3914 3915 3916 3917 3918 3919 3920 3917 3919 3920 3921 3922 3923
3924 3925 3925 3926 3927 3928 3929 3930 3931 3928 3930 3931 3932 3933 3934 3935 3936 3936 3937 3938 3939 3940 3941 3942 3939 3941 3942 3943 3944 3945
3946 3947 3947 3948 3949 3950 3951 3952 3953 3950 3952 3953 3954 3955 3956 3957 3958 3958 3959 3960 3961 3962 3963 3964 3961 3963 3964 3965 3966 3967
3968 3969 3969 3970 3971 3972 3973 3974 3975 3972 3974 3975 3976 3977 3978 3979 3980 3980 3981 3982 3983 3984 3985 3986 3983 3985 3986 3987 3988 3989
3990 3991 3991 3992 3993 3994 3995 3996 3997 3994 3996 3997 3998 3999 4000 4001 4002 4002 4003 4004 4005 4006 4007 4008 4005 4007 4008 4009 4010 4011
4012 4013 4013 4014 4015 4016 4017 4018 4019 4016 4018 4019 4020 4021 4022 4023 4024 4025 4026 4027 4028 4029 4030 4031 4032 4033 4034 4035 4036 4037
4038 4039 4040 4041 4042 4043 4044 4045 4046 4047 4048 4049 4050 4051 4052 4053 4054 4054 4055 4056 4057 4058 4059 4060 4057 4059 4060 4061 4062 4063
4064 4065 4065 4066 4067 4068 4069 4070 4071 4068 4070 4071 4072 4073 4074 4075 4076 4076 4077 4078 4079 4080 4081 4082 4079 4081 4082 4083 4084 4085
4086 4087 4088 4088 4089 4090 4091 4091 4092 4093 4094 4095 4093 4095 4096 4097 4098 4099 4100 4101 4102 4103 4104 4105 4106 4107 4108 4109 4110 4111
4112 4113 4114 4115 4116 4117 4118 4119 4120 4121 4122 4123 4124 4125 4126 4127 4128 4129 4129 4130 4131 4132 4132 4133 4134 4135 4136 4134 4136 4137
4138 4139 4140 4141 4142 4143 4144 4145 4146 4147 4148 4149 4150 4151 4152 4153 4154 4155 4155 4156 4157 4158 4158 4159 4160 4161 4162 4160 4162 4163
4164 4165 4166 4167 4168 4169 4170 4171 4172 4173 4174 4175 4176 4177 4178 4179 4180 4181 4182 4183 4184 4185 4186 4187 4188 4189 4190 4191 4192 4193
4194 4195 4196 4197 4198 4199 4200 4201 4202 4203 4204 4205 4206 4207 4208 4209 4210 4211 4212 4213 4214 4215 4216 4217 4218 4219 4220 4221 4222 4223
4224 4225 4226 4227 4228 4229 4230 4231 4232 4233 4234 4235 4236 4237 4238 4239 4240 4241 4242 4243 4244 4245 4246 4247 4248 4249 4250 4251 4252 4253
4254 4255 4256 4257 4258 4259 4260 4261 4262 4263 4264 4265 4266 4267 4268 4269 4270 4271 4272 4273 4274 4275 4276 4277 4278 4279 4280 4281 4282 4283
4284 4285 4286 4287 4288 4289 4290 4291 4292 4293 4294 4295 4296 4297 4298 4299 4300 4301 4302 4303 4304 4305 4306 4307 4308 4309 4310 4311 4312 4313
4314 4315 4316 4317 4318 4319 4320 4321 4322 4323 4324 4325 4326 4327 4328 4329 4330 4331 4332 4333 4334 4335 4336 4337 4338 4339 4340 4341 4342 4343
4344 4345 4346 4347 4348 4349 4350 4351 4352 4353 4354 4355 4356 4357 4358 4359 4360 4361 4362 4363 4364 4365 4366 4367 4368 4369 4370 4371 4372 4373
4374 4375 4376 4377 4378 4379 4380 4381 4382 4383 4384 4385 4386 4387 4388 4389 4390 4391 4392 4393 4394 4395 4396 4397 4398 4399 4400 4401 4402 4403
4404 4405 4406 4407 4408 4409 4410 4411 4412 4413 4414 4415 4416 4417 4418 4419 4420 4421 4422 4423 4424 4425 4426 4427 4428 4429 4430 4431 4432 4433
4434 4435 4436 4437 4438 4439 4440 4441 4442 4443 4444 4445 4446 4447 4448 4449 4450 4451 4452 4453 4454 4455 4456 4457 4458 4459 4460 4461 4462 4463
4464 4465 4466 4466 4467 4468 4469 4469 4470 4471 4472 4473 4471 4473 4474 4475 4476 4477 4477 4478 4479 4480 4480 4481 4482 4483 4484 4482 4484 4485
4486 4487 4488 4488 4489 4490 4491 4491 4492 4493 4494 4495 4493 4495 4496 4497 4498 4499 4500 4501 4502 4503 4504 4505 4506 4507 4508 4509 4510 4511
4512 4513 4514 4515 4516 4517 4518 4519 4520 4521 4522 4523 4524 4525 4526 4527 4528 4529 4530 4531 4532 4533 4534 4535 4536 4537 4538 4539 4540 4541
4542 4543 4544 4544 4545 4546 4547 4547 4548 4549 4550 4551 4549 4551 4552 4553 4554 4555 4556 4557 4558 4559 4560 4561 4562 4563 4564 4565 4566 4567
4568 4569 4570 4571 4572 4573 4574 4575 4576 4577 4578 4579 4580 4581 4582 4583 4584 4585 4585 4586 4587 4588 4588 4589 4590 4591 4592 4590 4592 4593
4594 4595 4596 4597 4598 4599 4600 4601 4602 4603 4604 4605 4606 4607 4608 4609 4610 4611 4611 4612 4613 4614 4614 4615 4616 4617 4618 4616 4618 4619
4620 4621 4621 4621 4622 4623 4624 4624 4625 4623 4624 4625 4623 4625 4626 4627 4628 4628 4629 4630 4631 4632 4633 4634 4631 4633 4634 4635 4636 4637
4638 4639 4640 4640 4641 4642 4643 4643 4644 4645 4646 4647 4645 4647 4648 4649 4650 4650 4650 4651 4652 4653 4653 4654 4652 4653 4654 4652 4654 4655
4656 4657 4657 4657 4658 4659 4660 4660 4661 4659 4660 4661 4659 4661 4662 4663 4664 4664 4665 4666 4667 4668 4669 4670 4667 4669 4670 4671 4672 4673
4674 4675 4676 4676 4677 4678 4679 4679 4680 4681 4682 4683 4681 4683 4684 4685 4686 4686 4686 4687 4688 4689 4689 4690 4688 4689 4690 4688 4690 4691
4692 4693 4693 4694 4695 4696 4697 4698 4699 4696 4698 4699 4700 4701 4702 4703 4704 4705 4706 4707 4708 4709 4710 4711 4712 4713 4714 4715 4716 4717
4718 4719 4719 4720 4721 4722 4723 4724 4725 4722 4724 4725 4726 4727 4728 4729 4730 4730 4731 4732 4733 4734 4735 4736 4733 4735 4736 4737 4738 4739
4740 4741 4742 4743 4744 4745 4746 4747 4748 4749 4750 4751 4752 4753 4754 4755 4756 4756 4757 4758 4759 4760 4761 4762 4759 4761 4762 4763 4764 4765
4766 4767 4767 4768 4769 4770 4771 4772 4773 4770 4772 4773 4774 4775 4776 4777 4778 4779 4780 4781 4782 4783 4784 4785 4786 4787 4788 4789 4790 4791
4792 4793 4793 4794 4795 4796 4797 4798 4799 4796 4798 4799 4800 4801 4802 4803 4804 4805 4806 4807 4808 4809 4810 4811 4812 4813 4814 4815 4816 4817
4818 4819 4820 4821 4822 4823 4824 4825 4826 4827 4828 4829 4830 4831 4832 4833 4834 4835 4836 4837 4838 4839 4840 4841 4842 4843 4844 4845 4846 4847
4848 4849 4849 4850 4851 4852 4853 4854 4855 4852 4854 4855 4856 4857 4858 4859 4860 4861 4862 4863 4864 4865 4866 4867 4868 4869 4870 4871 4872 4873
4874 4875 4875 4876 4877 4878 4879 4880 4881 4878 4880 4881 4882 4883 4884 4885 4886 4886 4887 4888 4889 4890 4891 4892 4889 4891 4892 4893 4894 4895
4896 4897 4898 4899 4900 4901 4902 4903 4904 4905 4906 4907 4908 4909 4910 4911 4912 4912 4913 4914 4915 4916 4917 4918 4915 4917 4918 4919 4920 4921
4922 4923 4924 4924 4925 4926 4927 4927 4928 4929 4930 4931 4929 4931 4932 4933 4934 4935 4935 4936 4937 4938 4938 4939 4940 4941 4942 4940 4942 4943
4944 4945 4946 4946 4947 4948 4949 4949 4950 4951 4952 4953 4951 4953 4954 4955 4956 4957 4957 4958 4959 4960 4960 4961 4962 4963 4964 4962 4964 4965
4966 4967 4968 4969 4970 4971 4972 4973 4974 4975 4976 4977 4978 4979 4980 4981 4982 4983 4984 4985 4986 4987 4988 4989 4990 4991 4992 4993 4994 4995
4996 4997 4998 4999 5000 5001 5002 5003 5004 5005 5006 5007 5008 5009 5010 5011 5012 5013 5014 5015 5016 5017 5018 5019 5020 5021 5022 5023 5024 5025
5026 5027 5028 5029 5030 5031 5032 5033 5034 5035 5036 5037 5038 5039 5040 5041 5042 5043 5044 5045 5046 5047 5048 5049 5050 5051 5052 5053 5054 5055
5056 5057 5058 5058 5059 5060 5061 5061 5062 5063 5064 5065 5063 5065 5066 5067 5068 5069 5069 5070 5071 5072 5072 5073 5074 5075 5076 5074 5076 5077
5078 5079 5080 5081 5082 5083 5084 5085 5086 5087 5088 5089 5090 5091 5092 5093 5094 5095 5096 5097 5098 5099 5100 5101 5102 5103 5104 5105 5106 5107
5108 5109 5110 5110 5111 5112 5113 5113 5114 5115 5116 5117 5115 5117 5118 5119 5120 5121 5121 5122 5123 5124 5124 5125 5126 5127 5128 5126 5128 5129
5130 5131 5132 5133 5134 5135 5136 5137 5138 5139 5140 5141 5142 5143 5144 5145 5146 5147 5148 5149 5150 5151 5152 5153 5154 5155 5156 5157 5158 5159
5160 5161 5162 5163 5164 5165 5166 5167 5168 5169 5170 5171 5172 5173 5174 5175 5176 5177 5178 5179 5180 5181 5182 5183 5184 5185 5186 5187 5188 5189
5190 5191 5192 5192 5193 5194 5195 5195 5196 5197 5198 5199 5197 5199 5200 5201 5202 5203 5203 5204 5205 5206 5206 5207 5208 5209 5210 5208 5210 5211
5212 5213 5213 5213 5214 5215 5216 5216 5217 5215 5216 5217 5215 5217 5218 5219 5220 5221 5221 5222 5223 5224 5224 5225 5226 5227 5228 5226 5228 5229
5230 5231 5231 5232 5233 5234 5235 5236 5237 5234 5236 5237 5238 5239 5240 5241 5242 5242 5242 5243 5244 5245 5245 5246 5244 5245 5246 5244 5246 5247
5248 5249 5249 5250 5251 5252 5253 5254 5255 5252 5254 5255 5256 5257 5258 5259 5260 5260 5261 5262 5263 5264 5265 5266 5263 5265 5266 5267 5268 5269
5270 5271 5271 5272 5273 5274 5275 5276 5277 5274 5276 5277 5278 5279 5280 5281 5282 5282 5283 5284 5285 5286 5287 5288 5285 5287 5288 5289 5290 5291
5292 5293 5294 5294 5295 5296 5297 5297 5298 5299 5300 5301 5299 5301 5302 5303 5304 5305 5306 5307 5308 5309 5310 5311 5312 5313 5314 5315 5316 5317
5318 5319 5320 5320 5321 5322 5323 5323 5324 5325 5326 5327 5325 5327 5328 5329 5330 5330 5330 5331 5332 5333 5333 5334 5332 5333 5334 5332 5334 5335
5336 5337 5337 5338 5339 5340 5341 5342 5343 5340 5342 5343 5344 5345 5346 5347 5348 5349 5349 5350 5351 5352 5352 5353 5354 5355 5356 5354 5356 5357
5358 5359 5359 5359 5360 5361 5362 5362 5363 5361 5362 5363 5361 5363 5364 5365 5366 5366 5366 5367 5368 5369 5369 5370 5368 5369 5370 5368 5370 5371
5372 5373 5373 5374 5375 5376 5377 5378 5379 5376 5378 5379 5380 5381 5382 5383 5384 5385 5385 5386 5387 5388 5388 5389 5390 5391 5392 5390 5392 5393
5394 5395 5396 5396 5397 5398 5399 5399 5400 5401 5402 5403 5401 5403 5404 5405 5406 5406 5406 5407 5408 5409 5409 5410 5408 5409 5410 5408 5410 5411
5412 5413 5414 5414 5415 5416 5417 5417 5418 5419 5420 5421 5419 5421 5422 5423 5424 5424 5425 5426 5427 5428 5429 5430 5427 5429 5430 5431 5432 5433
5434 5435 5435 5435 5436 5437 5438 5438 5439 5437 5438 5439 5437 5439 5440 5441 5442 5442 5442 5443 5444 5445 5445 5446 5444 5445 5446 5444 5446 5447
5448 5449 5449 5450 5451 5452 5453 5454 5455 5452 5454 5455 5456 5457 5458 5459 5460 5461 5462 5463 5464 5465 5466 5467 5468 5469 5470 5471 5472 5473
5474 5475 5475 5476 5477 5478 5479 5480 5481 5478 5480 5481 5482 5483 5484 5485 5486 5486 5487 5488 5489 5490 5491 5492 5489 5491 5492 5493 5494 5495
5496 5497 5497 5498 5499 5500 5501 5502 5503 5500 5502 5503 5504 5505 5506 5507 5508 5509 5510 5511 5512 5513 5514 5515 5516 5517 5518 5519 5520 5521
5522 5523 5523 5524 5525 5526 5527 5528 5529 5526 5528 5529 5530 5531 5532 5533 5534 5534 5535 5536 5537 5538 5539 5540 5537 5539 5540 5541 5542 5543
5544 5545 5545 5546 5547 5548 5549 5550 5551 5548 5550 5551 5552 5553 5554 5555 5556 5557 5558 5559 5560 5561 5562 5563 5564 5565 5566 5567 5568 5569
5570 5571 5571 5572 5573 5574 5575 5576 5577 5574 5576 5577 5578 5579 5580 5581 5582 5582 5583 5584 5585 5586 5587 5588 5585 5587 5588 5589 5590 5591
5592 5593 5594 5595 5596 5597 5598 5599 5600 5601 5602 5603 5604 5605 5606 5607 5608 5608 5609 5610 5611 5612 5613 5614 5611 5613 5614 5615 5616 5617
5618 5619 5619 5620 5621 5622 5623 5624 5625 5622 5624 5625 5626 5627 5628 5629 5630 5630 5631 5632 5633 5634 5635 5636 5633 5635 5636 5637 5638 5639
5640 5641 5642 5643 5644 5645 5646 5647 5648 5649 5650 5651 5652 5653 5654 5655 5656 5656 5657 5658 5659 5660 5661 5662 5659 5661 5662 5663 5664 5665
5666 5667 5667 5668 5669 5670 5671 5672 5673 5670 5672 5673 5674 5675 5676 5677 5678 5679 5680 5681 5682 5683 5684 5685 5686 5687 5688 5689 5690 5691
5692 5693 5694 5695 5696 5697 5698 5699 5700 5701 5702 5703 5704 5705 5706 5707 5708 5709 5710 5711 5712 5713 5714 5715 5716 5717 5718 5719 5720 5721
5722 5723 5724 5725 5726 5727 5728 5729 5730 5731 5732 5733 5734 5735 5736 5737 5738 5738 5739 5740 5741 5742 5743 5744 5741 5743 5744 5745 5746 5747
5748 5749 5750 5751 5752 5753 5754 5755 5756 5757 5758 5759 5760 5761 5762 5763 5764 5764 5765 5766 5767 5768 5769 5770 5767 5769 5770 5771 5772 5773
5774 5775 5775 5776 5777 5778 5779 5780 5781 5778 5780 5781 5782 5783 5784 5785 5786 5786 5787 5788 5789 5790 5791 5792 5789 5791 5792 5793 5794 5795
5796 5797 5798 5799 5800 5801 5802 5803 5804 5805 5806 5807 5808 5809 5810 5811 5812 5812 5813 5814 5815 5816 5817 5818 5815 5817 5818 5819 5820 5821
5822 5823 5823 5824 5825 5826 5827 5828 5829 5826 5828 5829 5830 5831 5832 5833 5834 5835 5835 5836 5837 5838 5838 5839 5840 5841 5842 5840 5842 5843
5844 5845 5846 5846 5847 5848 5849 5849 5850 5851 5852 5853 5851 5853 5854 5855 5856 5857 5858 5859 5860 5861 5862 5863 5864 5865 5866 5867 5868 5869
5870 5871 5872 5873 5874 5875 5876 5877 5878 5879 5880 5881 5882 5883 5884 5885 5886 5887 5888 5889 5890 5891 5892 5893 5894 5895 5896 5897 5898 5899
5900 5901 5902 5903 5904 5905 5906 5907 5908 5909 5910 5911 5912 5913 5914 5915 5916 5917 5918 5919 5920 5921 5922 5923 5924 5925 5926 5927 5928 5929
5930 5931 5932 5933 5934 5935 5936 5937 5938 5939 5940 5941 5942 5943 5944 5945 5946 5947 5948 5949 5950 5951 5952 5953 5954 5955 5956 5957 5958 5959
5960 5961 5962 5963 5964 5965 5966 5967 5968 5969 5970 5971 5972 5973 5974 5975 5976 5977 5978 5979 5980 5981 5982 5983 5984 5985 5986 5987 5988 5989
5990 5991 5992 5993 5994 5995 5996 5997 5998 5999 6000 6001 6002 6003 6004 6005 6006 6007 6008 6009 6010 6011 6012 6013 6014 6015 6016 6017 6018 6019
6020 6021 6022 6023 6024 6025 6026 6027 6028 6029 6030 6031 6032 6033 6034 6035 6036 6037 6038 6039 6040 6041 6042 6043 6044 6045 6046 6047 6048 6049
6050 6051 6052 6053 6054 6055 6056 6057 6058 6059 6060 6061 6062 6063 6064 6065 6066 6067 6067 6068 6069 6070 6070 6071 6072 6073 6074 6072 6074 6075
6076 6077 6078 6078 6079 6080 6081 6081 6082 6083 6084 6085 6083 6085 6086 6087 6088 6089 6089 6090 6091 6092 6092 6093 6094 6095 6096 6094 6096 6097
6098 6099 6100 6100 6101 6102 6103 6103 6104 6105 6106 6107 6105 6107 6108 6109 6110 6111 6111 6112 6113 6114 6114 6115 6116 6117 6118 6116 6118 6119
6120 6121 6122 6122 6123 6124 6125 6125 6126 6127 6128 6129 6127 6129 6130 6131 6132 6133 6134 6135 6136 6137 6138 6139 6140 6141 6142 6143 6144 6145
6146 6147 6148 6149 6150 6151 6152 6153 6154 6155 6156 6157 6158 6159 6160 6161 6162 6163 6164 6165 6166 6167 6168 6169 6170 6171 6172 6173 6174 6175
6176 6177 6178 6179 6180 6181 6182 6183 6184 6185 6186 6187 6188 6189 6190 6191 6192 6193 6194 6195 6196 6197 6198 6199 6200 6201 6202 6203 6204 6205
6206 6207 6208 6209 6210 6211 6212 6213 6214 6215 6216 6217 6218 6219 6220 6221 6222 6223 6223 6224 6225 6226 6226 6227 6228 6229 6230 6228 6230 6231
6232 6233 6234 6234 6235 6236 6237 6237 6238 6239 6240 6241 6239 6241 6242 6243 6244 6245 6246 6247 6248 6249 6250 6251 6252 6253 6254 6255 6256 6257
6258 6259 6260 6261 6262 6263 6264 6265 6266 6267 6268 6269 6270 6271 6272 6273 6274 6275 6276 6277 6278 6279 6280 6281 6282 6283 6284 6285 6286 6287
6288 6289 6290 6291 6292 6293 6294 6295 6296 6297 6298 6299 6300 6301 6302 6303 6304 6305 6305 6306 6307 6308 6308 6309 6310 6311 6312 6310 6312 6313
6314 6315 6316 6316 6317 6318 6319 6319 6320 6321 6322 6323 6321 6323 6324 6325 6326 6327 6328 6329 6330 6331 6332 6333 6334 6335 6336 6337 6338 6339
6340 6341 6342 6343 6344 6345 6346 6347 6348 6349 6350 6351 6352 6353 6354 6355 6356 6357 6357 6358 6359 6360 6360 6361 6362 6363 6364 6362 6364 6365
6366 6367 6368 6368 6369 6370 6371 6371 6372 6373 6374 6375 6373 6375 6376 6377 6378 6378 6378 6379 6380 6381 6381 6382 6380 6381 6382 6380 6382 6383
6384 6385 6385 6385 6386 6387 6388 6388 6389 6387 6388 6389 6387 6389 6390 6391 6392 6392 6393 6394 6395 6396 6397 6398 6395 6397 6398 6399 6400 6401
6402 6403 6403 6404 6405 6406 6407 6408 6409 6406 6408 6409 6410 6411 6412 6413 6414 6414 6415 6416 6417 6418 6419 6420 6417 6419 6420 6421 6422 6423
6424 6425 6426 6427 6428 6429 6430 6431 6432 6433 6434 6435 6436 6437 6438 6439 6440 6440 6441 6442 6443 6444 6445 6446 6443 6445 6446 6447 6448 6449
6450 6451 6451 6452 6453 6454 6455 6456 6457 6454 6456 6457 6458 6459 6460 6461 6462 6463 6463 6464 6465 6466 6466 6467 6468 6469 6470 6468 6470 6471
6472 6473 6474 6474 6475 6476 6477 6477 6478 6479 6480 6481 6479 6481 6482 6483 6484 6485 6486 6487 6488 6489 6490 6491 6492 6493 6494 6495 6496 6497
6498 6499 6500 6501 6502 6503 6504 6505 6506 6507 6508 6509 6510 6511 6512 6513 6514 6515 6516 6517 6518 6519 6520 6521 6522 6523 6524 6525 6526 6527
6528 6529 6530 6530 6531 6532 6533 6533 6534 6535 6536 6537 6535 6537 6538 6539 6540 6541 6542 6543 6544 6545 6546 6547 6548 6549 6550 6551 6552 6553
6554 6555 6556 6556 6557 6558 6559 6559 6560 6561 6562 6563 6561 6563 6564 6565 6566 6567 6568 6569 6570 6571 6572 6573 6574 6575 6576 6577 6578 6579
6580 6581 6582 6583 6584 6585 6586 6587 6588 6589 6590 6591 6592 6593 6594 6595 6596 6597 6597 6598 6599 6600 6600 6601 6602 6603 6604 6602 6604 6605
6606 6607 6607 6607 6608 6609 6610 6610 6611 6609 6610 6611 6609 6611 6612 6613 6614 6615 6615 6616 6617 6618 6618 6619 6620 6621 6622 6620 6622 6623
6624 6625 6625 6626 6627 6628 6629 6630 6631 6628 6630 6631 6632 6633 6634 6635 6636 6636 6636 6637 6638 6639 6639 6640 6638 6639 6640 6638 6640 6641
6642 6643 6643 6644 6645 6646 6647 6648 6649 6646 6648 6649 6650 6651 6652 6653 6654 6654 6655 6656 6657 6658 6659 6660 6657 6659 6660 6661 6662 6663
6664 6665 6665 6666 6667 6668 6669 6670 6671 6668 6670 6671 6672 6673 6674 6675 6676 6676 6677 6678 6679 6680 6681 6682 6679 6681 6682 6683 6684 6685
6686 6687 6688 6688 6689 6690 6691 6691 6692 6693 6694 6695 6693 6695 6696 6697 6698 6699 6700 6701 6702 6703 6704 6705 6706 6707 6708 6709 6710 6711
6712 6713 6714 6714 6715 6716 6717 6717 6718 6719 6720 6721 6719 6721 6722 6723 6724 6724 6724 6725 6726 6727 6727 6728 6726 6727 6728 6726 6728 6729
6730 6731 6731 6732 6733 6734 6735 6736 6737 6734 6736 6737 6738 6739 6740 6741 6742 6743 6743 6744 6745 6746 6746 6747 6748 6749 6750 6748 6750 6751
6752 6753 6753 6753 6754 6755 6756 6756 6757 6755 6756 6757 6755 6757 6758
ACTIVE_ROWS 12794
0 0 0 0 0 4 0
18 0 4 0 0 0 0
19 0 4 0 0 0 0
20 0 4 0 0 0 0
21 0 4 0 0 0 0
22 0 4 0 0 0 0
23 0 4 0 0 0 0
23 3 0 0 0 0 1
24 0 4 0 0 0 0
24 3 0 0 0 0 1
25 0 4 0 0 0 0
25 3 0 0 0 0 1
26 0 4 0 0 0 0
27 0 4 0 0 0 0
27 3 0 0 0 0 1
28 0 4 0 0 0 0
28 3 0 0 0 0 1
29 0 4 0 0 0 0
29 3 0 0 0 0 1
30 0 4 0 0 0 0
30 3 0 0 0 0 1
31 0 4 0 0 0 0
32 0 4 0 0 0 0
32 3 0 0 0 0 1
33 0 4 0 0 0 0
33 3 0 0 0 0 1
34 0 4 0 0 0 0
34 3 0 0 0 0 1
35 0 4 0 0 0 0
36 0 4 0 0 0 0
37 0 4 0 0 0 0
38 0 4 0 0 0 0
39 0 4 0 0 0 0
40 0 4 0 0 0 0
40 3 0 0 0 0 1
41 0 4 0 0 0 0
41 3 0 0 0 0 1
42 0 4 0 0 0 0
42 3 0 0 0 0 1
43 0 4 0 0 0 0
44 0 4 0 0 0 0
44 3 0 0 0 0 1
45 0 4 0 0 0 0
45 3 0 0 0 0 1
46 0 4 0 0 0 0
46 3 0 0 0 0 1
47 0 4 0 0 0 0
47 3 0 0 0 0 1
48 0 4 0 0 0 0
49 0 4 0 0 0 0
49 3 0 0 0 0 1
50 0 4 0 0 0 0
50 3 0 0 0 0 1
51 0 4 0 0 0 0
51 3 0 0 0 0 1
52 0 4 0 0 0 0
53 0 4 0 0 0 0
54 0 4 0 0 0 0
55 0 4 0 0 0 0
56 0 4 0 0 0 0
57 0 4 0 0 0 0
57 3 0 0 0 0 1
58 0 4 0 0 0 0
58 3 0 0 0 0 1
59 0 4 0 0 0 0
59 3 0 0 0 0 1
60 0 4 0 0 0 0
61 0 4 0 0 0 0
61 3 0 0 0 0 1
62 0 4 0 0 0 0
62 3 0 0 0 0 1
63 0 4 0 0 0 0
63 3 0 0 0 0 1
64 0 4 0 0 0 0
64 3 0 0 0 0 1
65 0 4 0 0 0 0
66 0 4 0 0 0 0
66 3 0 0 0 0 1
67 0 4 0 0 0 0
67 3 0 0 0 0 1
68 0 4 0 0 0 0
68 3 0 0 0 0 1
69 3 0 0 0 0 1
70 0 4 0 0 0 0
71 0 4 0 0 0 0
72 0 4 0 0 0 0
73 0 4 0 0 0 0
74 0 4 0 0 0 0
75 0 4 0 0 0 0
75 3 0 0 0 0 1
76 0 4 0 0 0 0
76 3 0 0 0 0 1
77 0 4 0 0 0 0
77 3 0 0 0 0 1
78 0 4 0 0 0 0
79 0 4 0 0 0 0
79 3 0 0 0 0 1
80 0 4 0 0 0 0
80 3 0 0 0 0 1
81 0 4 0 0 0 0
81 3 0 0 0 0 1
82 0 4 0 0 0 0
82 3 0 0 0 0 1
83 0 4 0 0 0 0
84 0 4 0 0 0 0
84 3 0 0 0 0 1
85 0 4 0 0 0 0
85 3 0 0 0 0 1
86 0 4 0 0 0 0
86 3 0 0 0 0 1
89 0 4 0 0 0 0
90 2 0 2 0 0 0
91 0 0 0 4 0 0
91 2 2 0 0 0 0
92 2 2 0 0 0 0
93 0 0 0 0 4 0
93 0 0 0 4 0 0
94 0 0 0 0 4 0
95 0 0 0 4 0 0
96 0 0 0 0 4 0
96 0 0 0 4 0 0
96 0 0 4 0 0 0
98 0 0 0 0 4 0
100 0 0 0 0 4 0
100 0 0 0 4 0 0
101 0 0 0 4 0 0
102 0 0 0 0 4 0
103 0 0 0 0 4 0
103 0 0 0 4 0 0
103 0 0 4 0 0 0
103 0 4 0 0 0 0
104 0 0 0 0 4 0
104 0 0 0 4 0 0
105 0 0 0 0 4 0
106 0 0 0 4 0 0
107 0 0 0 0 4 0
107 0 0 0 4 0 0
107 0 0 4 0 0 0
108 0 0 0 0 4 0
108 0 0 0 4 0 0
109 0 0 0 4 0 0
110 4 0 0 0 0 0
111 4 0 0 0 0 0
112 4 0 0 0 0 0
113 4 0 0 0 0 0
114 4 0 0 0 0 0
115 4 0 0 0 0 0
116 4 0 0 0 0 0
117 4 0 0 0 0 0
118 4 0 0 0 0 0
119 4 0 0 0 0 0
120 4 0 0 0 0 0
121 4 0 0 0 0 0
122 4 0 0 0 0 0
123 4 0 0 0 0 0
124 4 0 0 0 0 0
125 4 0 0 0 0 0
126 4 0 0 0 0 0
127 4 0 0 0 0 0
128 4 0 0 0 0 0
129 4 0 0 0 0 0
130 4 0 0 0 0 0
131 4 0 0 0 0 0
132 4 0 0 0 0 0
133 4 0 0 0 0 0
134 4 0 0 0 0 0
135 4 0 0 0 0 0
136 4 0 0 0 0 0
137 4 0 0 0 0 0
138 4 0 0 0 0 0
139 4 0 0 0 0 0
140 4 0 0 0 0 0
141 4 0 0 0 0 0
142 4 0 0 0 0 0
143 4 0 0 0 0 0
144 4 0 0 0 0 0
145 4 0 0 0 0 0
146 4 0 0 0 0 0
147 4 0 0 0 0 0
148 4 0 0 0 0 0
149 4 0 0 0 0 0
150 4 0 0 0 0 0
151 4 0 0 0 0 0
152 4 0 0 0 0 0
153 4 0 0 0 0 0
154 4 0 0 0 0 0
155 4 0 0 0 0 0
156 4 0 0 0 0 0
157 4 0 0 0 0 0
158 4 0 0 0 0 0
159 4 0 0 0 0 0
160 4 0 0 0 0 0
190 0 0 4 0 0 0
190 0 4 0 0 0 0
191 0 4 0 0 0 0
192 0 4 0 0 0 0
205 0 0 4 0 0 0
206 0 0 4 0 0 0
209 0 0 0 4 0 0
211 0 0 0 4 0 0
212 0 0 4 0 0 0
214 0 0 0 4 0 0
215 0 0 0 4 0 0
216 0 0 4 0 0 0
217 4 0 0 0 0 0
218 4 0 0 0 0 0
219 4 0 0 0 0 0
220 4 0 0 0 0 0
221 4 0 0 0 0 0
222 4 0 0 0 0 0
223 4 0 0 0 0 0
224 4 0 0 0 0 0
225 4 0 0 0 0 0
226 4 0 0 0 0 0
227 4 0 0 0 0 0
228 4 0 0 0 0 0
229 4 0 0 0 0 0
230 4 0 0 0 0 0
231 4 0 0 0 0 0
232 4 0 0 0 0 0
233 4 0 0 0 0 0
234 4 0 0 0 0 0
235 4 0 0 0 0 0
236 4 0 0 0 0 0
237 4 0 0 0 0 0
238 4 0 0 0 0 0
239 4 0 0 0 0 0
240 4 0 0 0 0 0
241 4 0 0 0 0 0
242 4 0 0 0 0 0
243 4 0 0 0 0 0
244 4 0 0 0 0 0
245 4 0 0 0 0 0
257 0 4 0 0 0 0
258 0 4 0 0 0 0
259 0 4 0 0 0 0
308 0 4 0 0 0 0
309 0 4 0 0 0 0
310 0 4 0 0 0 0
311 0 4 0 0 0 0
339 0 4 0 0 0 0
347 4 0 0 0 0 0
348 4 0 0 0 0 0
349 4 0 0 0 0 0
350 4 0 0 0 0 0
351 0 0 4 0 0 0
351 0 4 0 0 0 0
351 4 0 0 0 0 0
352 0 4 0 0 0 0
352 4 0 0 0 0 0
353 4 0 0 0 0 0
354 4 0 0 0 0 0
355 4 0 0 0 0 0
356 0 0 0 4 0 0
356 4 0 0 0 0 0
357 4 0 0 0 0 0
358 4 0 0 0 0 0
360 0 4 0 0 0 0
361 0 4 0 0 0 0
362 0 4 0 0 0 0
363 0 4 0 0 0 0
364 0 4 0 0 0 0
365 0 4 0 0 0 0
405 0 0 4 0 0 0
406 0 0 4 0 0 0
435 4 0 0 0 0 0
436 4 0 0 0 0 0
437 4 0 0 0 0 0
438 4 0 0 0 0 0
439 4 0 0 0 0 0
440 4 0 0 0 0 0
441 0 4 0 0 0 0
441 4 0 0 0 0 0
442 0 4 0 0 0 0
442 4 0 0 0 0 0
494 0 0 4 0 0 0
494 0 4 0 0 0 0
494 4 0 0 0 0 0
495 0 0 4 0 0 0
495 0 4 0 0 0 0
495 4 0 0 0 0 0
496 0 0 4 0 0 0
496 0 4 0 0 0 0
496 4 0 0 0 0 0
497 0 4 0 0 0 0
497 4 0 0 0 0 0
498 0 4 0 0 0 0
498 4 0 0 0 0 0
499 0 4 0 0 0 0
499 4 0 0 0 0 0
500 0 4 0 0 0 0
500 4 0 0 0 0 0
501 0 4 0 0 0 0
501 4 0 0 0 0 0
502 0 4 0 0 0 0
502 4 0 0 0 0 0
503 0 4 0 0 0 0
503 4 0 0 0 0 0
504 0 4 0 0 0 0
504 4 0 0 0 0 0
505 4 0 0 0 0 0
506 4 0 0 0 0 0
507 4 0 0 0 0 0
508 4 0 0 0 0 0
509 4 0 0 0 0 0
510 4 0 0 0 0 0
511 4 0 0 0 0 0
512 4 0 0 0 0 0
513 4 0 0 0 0 0
514 4 0 0 0 0 0
515 4 0 0 0 0 0
516 4 0 0 0 0 0
517 4 0 0 0 0 0
518 4 0 0 0 0 0
519 4 0 0 0 0 0
520 4 0 0 0 0 0
521 4 0 0 0 0 0
522 4 0 0 0 0 0
523 4 0 0 0 0 0
524 4 0 0 0 0 0
525 4 0 0 0 0 0
526 4 0 0 0 0 0
527 4 0 0 0 0 0
528 4 0 0 0 0 0
529 4 0 0 0 0 0
530 4 0 0 0 0 0
531 4 0 0 0 0 0
532 4 0 0 0 0 0
533 4 0 0 0 0 0
534 4 0 0 0 0 0
535 4 0 0 0 0 0
536 4 0 0 0 0 0
537 4 0 0 0 0 0
538 4 0 0 0 0 0
539 0 4 0 0 0 0
539 4 0 0 0 0 0
540 0 4 0 0 0 0
540 4 0 0 0 0 0
541 0 4 0 0 0 0
541 4 0 0 0 0 0
542 0 4 0 0 0 0
542 4 0 0 0 0 0
543 0 4 0 0 0 0
543 4 0 0 0 0 0
544 0 4 0 0 0 0
544 4 0 0 0 0 0
545 0 4 0 0 0 0
545 4 0 0 0 0 0
546 0 4 0 0 0 0
546 4 0 0 0 0 0
547 4 0 0 0 0 0
548 4 0 0 0 0 0
549 4 0 0 0 0 0
550 4 0 0 0 0 0
551 4 0 0 0 0 0
552 4 0 0 0 0 0
553 4 0 0 0 0 0
554 4 0 0 0 0 0
555 4 0 0 0 0 0
556 4 0 0 0 0 0
557 4 0 0 0 0 0
558 4 0 0 0 0 0
559 4 0 0 0 0 0
560 4 0 0 0 0 0
561 4 0 0 0 0 0
562 4 0 0 0 0 0
563 4 0 0 0 0 0
564 4 0 0 0 0 0
565 4 0 0 0 0 0
566 4 0 0 0 0 0
567 4 0 0 0 0 0
568 4 0 0 0 0 0
569 4 0 0 0 0 0
570 4 0 0 0 0 0
571 4 0 0 0 0 0
572 4 0 0 0 0 0
573 4 0 0 0 0 0
574 4 0 0 0 0 0
575 4 0 0 0 0 0
576 4 0 0 0 0 0
577 4 0 0 0 0 0
578 4 0 0 0 0 0
579 4 0 0 0 0 0
580 4 0 0 0 0 0
581 4 0 0 0 0 0
582 4 0 0 0 0 0
583 4 0 0 0 0 0
584 4 0 0 0 0 0
585 4 0 0 0 0 0
586 4 0 0 0 0 0
587 4 0 0 0 0 0
588 4 0 0 0 0 0
589 4 0 0 0 0 0
590 4 0 0 0 0 0
591 4 0 0 0 0 0
592 4 0 0 0 0 0
593 4 0 0 0 0 0
594 4 0 0 0 0 0
595 4 0 0 0 0 0
596 4 0 0 0 0 0
597 4 0 0 0 0 0
598 4 0 0 0 0 0
599 4 0 0 0 0 0
600 4 0 0 0 0 0
601 4 0 0 0 0 0
602 4 0 0 0 0 0
603 4 0 0 0 0 0
604 4 0 0 0 0 0
605 0 0 0 4 0 0
606 0 0 0 4 0 0
606 0 0 4 0 0 0
607 0 0 4 0 0 0
608 0 0 4 0 0 0
609 0 0 0 4 0 0
609 0 0 1 3 0 0
609 0 0 2 2 0 0
609 0 0 3 1 0 0
609 0 0 4 0 0 0
610 0 0 4 0 0 0
611 0 0 4 0 0 0
611 0 4 0 0 0 0
612 0 0 0 4 0 0
612 0 0 1 3 0 0
612 0 0 2 2 0 0
612 0 0 3 1 0 0
612 0 0 4 0 0 0
612 0 4 0 0 0 0
613 0 0 4 0 0 0
613 0 4 0 0 0 0
614 0 4 0 0 0 0
615 0 4 0 0 0 0
616 0 4 0 0 0 0
617 0 4 0 0 0 0
618 0 0 4 0 0 0
618 0 4 0 0 0 0
619 0 0 4 0 0 0
620 0 0 0 0 4 0
621 0 0 0 0 4 0
622 0 0 0 4 0 0
623 0 0 0 0 4 0
624 0 0 0 0 4 0
625 0 0 0 4 0 0
626 0 0 0 0 4 0
626 0 4 0 0 0 0
627 0 0 0 0 4 0
627 0 4 0 0 0 0
628 0 0 0 4 0 0
628 0 4 0 0 0 0
629 0 0 0 0 4 0
629 0 4 0 0 0 0
630 0 0 0 0 4 0
630 0 4 0 0 0 0
631 0 0 0 4 0 0
631 0 4 0 0 0 0
632 0 0 0 0 4 0
633 0 0 0 4 0 0
634 0 0 4 0 0 0
635 0 0 0 0 4 0
636 0 0 0 4 0 0
637 0 0 4 0 0 0
638 4 0 0 0 0 0
639 4 0 0 0 0 0
640 4 0 0 0 0 0
641 4 0 0 0 0 0
642 4 0 0 0 0 0
643 4 0 0 0 0 0
644 4 0 0 0 0 0
645 4 0 0 0 0 0
646 4 0 0 0 0 0
647 4 0 0 0 0 0
648 4 0 0 0 0 0
649 4 0 0 0 0 0
650 4 0 0 0 0 0
651 4 0 0 0 0 0
652 4 0 0 0 0 0
653 4 0 0 0 0 0
669 4 0 0 0 0 0
670 4 0 0 0 0 0
671 4 0 0 0 0 0
672 4 0 0 0 0 0
673 4 0 0 0 0 0
674 4 0 0 0 0 0
675 4 0 0 0 0 0
676 4 0 0 0 0 0
695 4 0 0 0 0 0
696 4 0 0 0 0 0
697 4 0 0 0 0 0
698 4 0 0 0 0 0
699 4 0 0 0 0 0
700 4 0 0 0 0 0
706 0 4 0 0 0 0
718 4 0 0 0 0 0
719 4 0 0 0 0 0
720 4 0 0 0 0 0
721 4 0 0 0 0 0
722 4 0 0 0 0 0
723 4 0 0 0 0 0
724 4 0 0 0 0 0
725 4 0 0 0 0 0
726 4 0 0 0 0 0
727 4 0 0 0 0 0
728 4 0 0 0 0 0
729 4 0 0 0 0 0
730 4 0 0 0 0 0
731 4 0 0 0 0 0
732 4 0 0 0 0 0
733 4 0 0 0 0 0
734 4 0 0 0 0 0
735 4 0 0 0 0 0
736 4 0 0 0 0 0
737 4 0 0 0 0 0
738 4 0 0 0 0 0
739 4 0 0 0 0 0
758 0 4 0 0 0 0
759 0 0 4 0 0 0
759 0 4 0 0 0 0
760 0 0 4 0 0 0
783 0 4 0 0 0 0
784 0 4 0 0 0 0
785 0 4 0 0 0 0
786 0 4 0 0 0 0
787 0 4 0 0 0 0
822 0 0 4 0 0 0
822 0 4 0 0 0 0
823 0 4 0 0 0 0
824 0 4 0 0 0 0
833 0 4 0 0 0 0
834 0 4 0 0 0 0
836 0 4 0 0 0 0
905 4 0 0 0 0 0
906 4 0 0 0 0 0
907 4 0 0 0 0 0
908 4 0 0 0 0 0
909 4 0 0 0 0 0
910 4 0 0 0 0 0
911 0 4 0 0 0 0
911 4 0 0 0 0 0
912 0 4 0 0 0 0
912 4 0 0 0 0 0
916 0 0 4 0 0 0
916 0 4 0 0 0 0
916 4 0 0 0 0 0
917 0 0 4 0 0 0
917 0 4 0 0 0 0
917 4 0 0 0 0 0
918 0 0 4 0 0 0
918 0 4 0 0 0 0
918 4 0 0 0 0 0
919 0 4 0 0 0 0
919 4 0 0 0 0 0
920 0 4 0 0 0 0
920 4 0 0 0 0 0
921 0 4 0 0 0 0
921 4 0 0 0 0 0
922 0 4 0 0 0 0
922 4 0 0 0 0 0
923 0 4 0 0 0 0
923 4 0 0 0 0 0
924 0 4 0 0 0 0
924 4 0 0 0 0 0
925 0 4 0 0 0 0
925 4 0 0 0 0 0
926 0 4 0 0 0 0
926 4 0 0 0 0 0
927 0 4 0 0 0 0
927 4 0 0 0 0 0
928 0 4 0 0 0 0
928 4 0 0 0 0 0
929 0 4 0 0 0 0
929 4 0 0 0 0 0
930 0 4 0 0 0 0
930 4 0 0 0 0 0
931 0 4 0 0 0 0
931 4 0 0 0 0 0
932 0 4 0 0 0 0
932 4 0 0 0 0 0
933 0 4 0 0 0 0
933 4 0 0 0 0 0
934 0 4 0 0 0 0
934 4 0 0 0 0 0
935 0 4 0 0 0 0
935 4 0 0 0 0 0
936 0 4 0 0 0 0
936 4 0 0 0 0 0
937 0 4 0 0 0 0
937 4 0 0 0 0 0
938 4 0 0 0 0 0
939 4 0 0 0 0 0
940 4 0 0 0 0 0
941 4 0 0 0 0 0
942 4 0 0 0 0 0
943 4 0 0 0 0 0
944 4 0 0 0 0 0
945 4 0 0 0 0 0
946 4 0 0 0 0 0
947 4 0 0 0 0 0
948 4 0 0 0 0 0
949 4 0 0 0 0 0
950 4 0 0 0 0 0
951 4 0 0 0 0 0
952 4 0 0 0 0 0
953 4 0 0 0 0 0
954 4 0 0 0 0 0
955 4 0 0 0 0 0
956 4 0 0 0 0 0
957 4 0 0 0 0 0
958 4 0 0 0 0 0
959 4 0 0 0 0 0
960 4 0 0 0 0 0
961 4 0 0 0 0 0
962 4 0 0 0 0 0
963 4 0 0 0 0 0
964 4 0 0 0 0 0
965 4 0 0 0 0 0
966 4 0 0 0 0 0
967 4 0 0 0 0 0
968 4 0 0 0 0 0
969 4 0 0 0 0 0
970 0 4 0 0 0 0
971 0 4 0 0 0 0
972 0 4 0 0 0 0
973 0 4 0 0 0 0
974 0 4 0 0 0 0
975 0 4 0 0 0 0
976 0 4 0 0 0 0
993 0 4 0 0 0 0
1020 0 4 0 0 0 0
1021 0 4 0 0 0 0
1022 0 4 0 0 0 0
1040 0 4 0 0 0 0
1048 0 0 4 0 0 0
1049 0 0 0 0 4 0
1049 0 0 4 0 0 0
1049 0 4 0 0 0 0
1049 4 0 0 0 0 0
1050 0 0 0 4 0 0
1050 0 0 4 0 0 0
1050 0 4 0 0 0 0
1050 4 0 0 0 0 0
1051 4 0 0 0 0 0
1052 0 4 0 0 0 0
1052 4 0 0 0 0 0
1053 0 4 0 0 0 0
1053 4 0 0 0 0 0
1065 0 0 4 0 0 0
1065 0 4 0 0 0 0
1066 0 4 0 0 0 0
1067 0 4 0 0 0 0
1068 0 4 0 0 0 0
1069 0 4 0 0 0 0
1070 0 0 4 0 0 0
1093 0 0 4 0 0 0
1097 0 0 4 0 0 0
1112 0 0 4 0 0 0
1116 0 0 4 0 0 0
1133 0 0 4 0 0 0
1146 0 0 4 0 0 0
1186 0 4 0 0 0 0
1186 4 0 0 0 0 0
1187 0 4 0 0 0 0
1187 4 0 0 0 0 0
1188 0 0 0 0 4 0
1188 0 0 0 1 3 0
1188 0 0 0 2 2 0
1188 0 0 0 3 1 0
1188 0 0 0 4 0 0
1188 0 0 1 0 3 0
1188 0 1 0 0 3 0
1188 0 2 0 0 2 0
1188 0 3 0 0 1 0
1188 0 4 0 0 0 0
1188 1 0 0 0 3 0
1188 4 0 0 0 0 0
1189 0 0 0 4 0 0
1189 0 4 0 0 0 0
1189 4 0 0 0 0 0
1190 0 4 0 0 0 0
1190 4 0 0 0 0 0
1191 0 0 0 0 4 0
1191 0 0 0 1 3 0
1191 0 0 0 2 2 0
1191 0 0 0 3 1 0
1191 0 0 0 4 0 0
1191 0 0 1 0 3 0
1191 0 1 0 0 3 0
1191 0 2 0 0 2 0
1191 0 3 0 0 1 0
1191 0 4 0 0 0 0
1191 1 0 0 0 3 0
1191 4 0 0 0 0 0
1192 0 0 0 4 0 0
1192 0 4 0 0 0 0
1192 4 0 0 0 0 0
1193 0 4 0 0 0 0
1193 4 0 0 0 0 0
1194 0 4 0 0 0 0
1194 4 0 0 0 0 0
1195 0 4 0 0 0 0
1195 4 0 0 0 0 0
1196 0 4 0 0 0 0
1196 4 0 0 0 0 0
1197 4 0 0 0 0 0
1198 4 0 0 0 0 0
1199 4 0 0 0 0 0
1200 4 0 0 0 0 0
1201 4 0 0 0 0 0
1202 4 0 0 0 0 0
1203 4 0 0 0 0 0
1204 4 0 0 0 0 0
1205 4 0 0 0 0 0
1261 0 0 0 4 0 0
1261 4 0 0 0 0 0
1284 0 4 0 0 0 0
1285 0 4 0 0 0 0
1286 0 4 0 0 0 0
1287 0 4 0 0 0 0
1288 0 4 0 0 0 0
1289 0 4 0 0 0 0
1290 0 4 0 0 0 0
1291 0 4 0 0 0 0
1384 0 0 4 0 0 0
1388 0 4 0 0 0 0
1389 0 4 0 0 0 0
1390 0 4 0 0 0 0
1397 0 0 4 0 0 0
1398 0 0 0 4 0 0
1398 0 0 4 0 0 0
1442 0 4 0 0 0 0
1443 0 4 0 0 0 0
1444 0 0 4 0 0 0
1444 0 4 0 0 0 0
1445 0 0 4 0 0 0
1451 1 0 0 0 3 0
1451 2 0 0 0 2 0
1453 1 0 0 3 0 0
1453 2 0 0 2 0 0
1455 1 0 0 3 0 0
1455 2 0 0 2 0 0
1463 0 0 0 0 4 0
1463 0 4 0 0 0 0
1464 0 0 0 0 4 0
1464 0 4 0 0 0 0
1465 0 0 0 0 4 0
1465 1 0 0 3 0 0
1466 0 0 0 4 0 0
1467 0 0 0 4 0 0
1467 1 0 3 0 0 0
1468 0 0 0 4 0 0
1469 0 0 0 4 0 0
1471 0 0 0 4 0 0
1472 0 0 0 4 0 0
1474 0 0 0 4 0 0
1476 4 0 0 0 0 0
1477 4 0 0 0 0 0
1478 4 0 0 0 0 0
1479 4 0 0 0 0 0
1481 0 0 0 0 0 4
1481 0 0 0 4 0 0
1481 0 4 0 0 0 0
1482 0 0 0 0 0 4
1482 0 4 0 0 0 0
1483 0 0 0 0 0 4
1483 0 4 0 0 0 0
1484 0 0 0 4 0 0
1484 2 0 0 0 0 2
1485 2 0 0 0 0 2
1486 2 0 0 0 0 2
1487 2 0 0 0 0 2
1488 0 0 0 0 0 4
1488 0 0 4 0 0 0
1488 1 0 0 0 3 0
1488 2 0 0 0 2 0
1489 0 0 4 0 0 0
1489 2 0 0 0 0 2
1490 0 0 0 0 4 0
1490 0 0 4 0 0 0
1490 1 0 0 3 0 0
1490 2 0 0 0 0 2
1490 2 0 0 2 0 0
1491 0 0 0 4 0 0
1491 0 0 4 0 0 0
1491 2 0 0 0 0 2
1492 0 0 0 0 0 4
1492 1 0 0 0 3 0
1492 2 0 0 0 2 0
1493 0 0 0 0 4 0
1493 1 0 0 3 0 0
1493 2 0 0 0 0 2
1493 2 0 0 2 0 0
1494 0 0 0 0 4 0
1494 2 0 0 0 0 2
1495 0 0 0 4 0 0
1495 2 0 0 0 0 2
1496 0 0 0 4 0 0
1496 2 0 0 0 0 2
1497 4 0 0 0 0 0
1498 4 0 0 0 0 0
1499 4 0 0 0 0 0
1500 4 0 0 0 0 0
1501 4 0 0 0 0 0
1502 4 0 0 0 0 0
1503 4 0 0 0 0 0
1504 4 0 0 0 0 0
1505 4 0 0 0 0 0
1506 4 0 0 0 0 0
1507 4 0 0 0 0 0
1508 2 0 0 2 0 0
1509 2 0 0 2 0 0
1510 3 0 1 0 0 0
1521 0 0 4 0 0 0
1522 0 0 4 0 0 0
1523 0 0 4 0 0 0
1524 0 0 0 4 0 0
1524 0 0 4 0 0 0
1528 0 0 4 0 0 0
1529 0 4 0 0 0 0
1534 0 4 0 0 0 0
1561 0 0 4 0 0 0
1565 0 0 4 0 0 0
1572 3 0 1 0 0 0
1572 4 0 0 0 0 0
1573 3 0 1 0 0 0
1573 4 0 0 0 0 0
1574 3 0 1 0 0 0
1574 4 0 0 0 0 0
1575 3 0 1 0 0 0
1575 4 0 0 0 0 0
1576 3 0 1 0 0 0
1576 4 0 0 0 0 0
1577 3 0 1 0 0 0
1577 4 0 0 0 0 0
1578 4 0 0 0 0 0
1579 4 0 0 0 0 0
1580 4 0 0 0 0 0
1607 4 0 0 0 0 0
1608 4 0 0 0 0 0
1609 4 0 0 0 0 0
1610 4 0 0 0 0 0
1611 4 0 0 0 0 0
1612 4 0 0 0 0 0
1627 4 0 0 0 0 0
1628 4 0 0 0 0 0
1629 4 0 0 0 0 0
1630 4 0 0 0 0 0
1631 4 0 0 0 0 0
1632 4 0 0 0 0 0
1677 0 0 0 0 0 4
1677 0 0 0 4 0 0
1677 0 0 1 3 0 0
1677 0 1 0 3 0 0
1677 0 1 1 2 0 0
1677 1 0 0 3 0 0
1677 1 0 1 2 0 0
1678 0 0 0 0 0 4
1678 0 0 0 4 0 0
1678 0 0 1 3 0 0
1678 0 1 0 3 0 0
1678 0 1 1 2 0 0
1678 1 0 0 3 0 0
1678 1 0 1 2 0 0
1705 0 0 4 0 0 0
1705 4 0 0 0 0 0
1706 0 0 0 4 0 0
1706 0 0 4 0 0 0
1706 4 0 0 0 0 0
1707 0 0 0 0 4 0
1707 0 0 0 1 3 0
1707 0 0 0 2 2 0
1707 0 0 0 3 1 0
1707 0 0 0 4 0 0
1707 0 0 4 0 0 0
1707 4 0 0 0 0 0
1708 0 0 0 4 0 0
1708 4 0 0 0 0 0
1709 0 0 0 0 4 0
1709 0 0 0 1 3 0
1709 0 0 0 2 2 0
1709 0 0 0 3 1 0
1709 0 0 0 4 0 0
1709 4 0 0 0 0 0
1710 0 0 0 0 4 0
1710 4 0 0 0 0 0
1711 0 0 4 0 0 0
1711 4 0 0 0 0 0
1712 0 0 0 4 0 0
1712 0 0 4 0 0 0
1712 4 0 0 0 0 0
1713 0 0 0 0 4 0
1713 0 0 0 1 3 0
1713 0 0 0 2 2 0
1713 0 0 0 3 1 0
1713 0 0 0 4 0 0
1713 0 0 4 0 0 0
1713 4 0 0 0 0 0
1714 0 0 0 4 0 0
1714 4 0 0 0 0 0
1715 0 0 0 0 4 0
1715 0 0 0 1 3 0
1715 0 0 0 2 2 0
1715 0 0 0 3 1 0
1715 0 0 0 4 0 0
1715 4 0 0 0 0 0
1716 0 0 0 0 4 0
1716 4 0 0 0 0 0
1717 0 0 0 0 0 4
1717 0 0 0 4 0 0
1717 4 0 0 0 0 0
1718 0 0 0 0 0 4
1718 0 0 0 4 0 0
1718 4 0 0 0 0 0
1719 0 0 0 0 0 4
1719 0 0 4 0 0 0
1719 4 0 0 0 0 0
1720 0 0 0 0 0 4
1720 0 0 0 4 0 0
1720 0 0 1 3 0 0
1720 0 0 2 2 0 0
1720 0 0 3 1 0 0
1720 0 0 4 0 0 0
1720 4 0 0 0 0 0
1721 0 0 0 0 0 4
1721 0 0 0 4 0 0
1721 4 0 0 0 0 0
1722 0 0 0 0 0 4
1722 0 0 4 0 0 0
1722 4 0 0 0 0 0
1723 0 0 0 0 0 4
1723 0 0 0 4 0 0
1723 0 0 1 3 0 0
1723 0 0 2 2 0 0
1723 0 0 3 1 0 0
1723 0 0 4 0 0 0
1723 4 0 0 0 0 0
1724 0 0 0 0 0 4
1724 0 0 0 4 0 0
1724 4 0 0 0 0 0
1725 0 0 0 0 0 4
1725 0 0 0 4 0 0
1725 4 0 0 0 0 0
1726 0 0 0 0 0 4
1726 0 0 0 4 0 0
1726 4 0 0 0 0 0
1742 0 0 3 0 1 0
1749 4 0 0 0 0 0
1750 4 0 0 0 0 0
1751 4 0 0 0 0 0
1753 4 0 0 0 0 0
1754 4 0 0 0 0 0
1755 4 0 0 0 0 0
1756 4 0 0 0 0 0
1757 4 0 0 0 0 0
1758 4 0 0 0 0 0
1759 4 0 0 0 0 0
1760 4 0 0 0 0 0
1761 4 0 0 0 0 0
1762 4 0 0 0 0 0
1763 4 0 0 0 0 0
1764 4 0 0 0 0 0
1765 4 0 0 0 0 0
1766 4 0 0 0 0 0
1767 4 0 0 0 0 0
1768 4 0 0 0 0 0
1777 0 2 2 0 0 0
1778 0 2 2 0 0 0
1783 4 0 0 0 0 0
1784 4 0 0 0 0 0
1808 0 0 0 4 0 0
1808 0 4 0 0 0 0
1809 0 0 0 4 0 0
1810 0 0 0 4 0 0
1813 0 4 0 0 0 0
1814 0 4 0 0 0 0
1815 0 4 0 0 0 0
1816 0 4 0 0 0 0
1824 3 1 0 0 0 0
1825 3 1 0 0 0 0
1835 0 4 0 0 0 0
1835 4 0 0 0 0 0
1836 0 4 0 0 0 0
1836 4 0 0 0 0 0
1837 4 0 0 0 0 0
1845 1 0 3 0 0 0
1859 0 1 3 0 0 0
1859 0 2 2 0 0 0
1859 1 2 0 0 1 0
1859 2 1 0 0 1 0
1860 1 2 0 0 1 0
1860 2 0 2 0 0 0
1860 2 1 0 0 1 0
1861 1 2 0 0 1 0
1861 2 0 0 2 0 0
1861 2 0 2 0 0 0
1861 2 1 0 0 1 0
1861 2 1 0 1 0 0
1862 2 0 0 0 2 0
1862 2 0 0 2 0 0
1862 2 0 2 0 0 0
1862 2 1 0 1 0 0
1863 1 1 2 0 0 0
1863 2 0 2 0 0 0
1864 1 1 2 0 0 0
1864 2 0 0 2 0 0
1864 2 0 2 0 0 0
1865 1 0 1 2 0 0
1865 2 0 0 2 0 0
1866 2 2 0 0 0 0
1867 2 0 2 0 0 0
1867 2 2 0 0 0 0
1868 2 0 0 2 0 0
1868 2 0 2 0 0 0
1868 2 2 0 0 0 0
1877 0 0 0 0 4 0
1878 0 0 0 0 4 0
1879 0 0 0 0 4 0
1890 0 0 4 0 0 0
1890 0 4 0 0 0 0
1891 0 4 0 0 0 0
1892 0 4 0 0 0 0
1893 0 4 0 0 0 0
1898 0 4 0 0 0 0
1903 4 0 0 0 0 0
1904 4 0 0 0 0 0
1905 4 0 0 0 0 0
1909 0 4 0 0 0 0
1909 4 0 0 0 0 0
1910 0 4 0 0 0 0
1910 4 0 0 0 0 0
1911 0 4 0 0 0 0
1911 4 0 0 0 0 0
1912 0 4 0 0 0 0
1912 4 0 0 0 0 0
1913 4 0 0 0 0 0
1914 4 0 0 0 0 0
1915 4 0 0 0 0 0
1916 4 0 0 0 0 0
1917 4 0 0 0 0 0
1918 4 0 0 0 0 0
1919 4 0 0 0 0 0
1920 4 0 0 0 0 0
1921 4 0 0 0 0 0
1922 4 0 0 0 0 0
1923 4 0 0 0 0 0
1924 4 0 0 0 0 0
1925 4 0 0 0 0 0
1926 4 0 0 0 0 0
1927 4 0 0 0 0 0
1928 4 0 0 0 0 0
1929 0 4 0 0 0 0
1934 0 3 0 0 0 1
1934 0 4 0 0 0 0
1935 0 3 0 0 1 0
1935 0 4 0 0 0 0
1944 4 0 0 0 0 0
1945 4 0 0 0 0 0
1946 4 0 0 0 0 0
1947 4 0 0 0 0 0
1948 4 0 0 0 0 0
1949 0 4 0 0 0 0
1949 1 3 0 0 0 0
1950 0 4 0 0 0 0
1950 1 3 0 0 0 0
1959 0 4 0 0 0 0
1969 0 0 0 0 0 4
1969 0 3 0 0 1 0
1969 0 3 1 0 0 0
1969 0 4 0 0 0 0
1969 1 3 0 0 0 0
1970 0 0 0 0 0 4
1970 0 3 0 0 1 0
1970 0 3 1 0 0 0
1970 0 4 0 0 0 0
1970 1 3 0 0 0 0
1971 0 0 0 0 0 4
1972 0 0 0 0 0 4
1973 0 0 0 0 0 4
1974 0 0 0 0 0 4
1975 0 0 0 0 0 4
1976 0 0 0 0 0 4
1977 0 0 0 0 0 4
1978 0 0 0 0 0 4
1984 4 0 0 0 0 0
1985 4 0 0 0 0 0
1986 4 0 0 0 0 0
1987 4 0 0 0 0 0
1988 4 0 0 0 0 0
1989 4 0 0 0 0 0
1990 4 0 0 0 0 0
1991 4 0 0 0 0 0
1992 4 0 0 0 0 0
1993 4 0 0 0 0 0
1994 0 0 0 0 4 0
1998 0 0 0 4 0 0
1999 0 0 0 4 0 0
2004 0 0 0 4 0 0
2005 0 0 0 4 0 0
2010 0 0 4 0 0 0
2010 0 4 0 0 0 0
2011 0 0 4 0 0 0
2011 0 4 0 0 0 0
2012 0 0 4 0 0 0
2012 0 4 0 0 0 0
2013 0 0 4 0 0 0
2013 0 4 0 0 0 0
2014 0 4 0 0 0 0
2015 0 4 0 0 0 0
2021 4 0 0 0 0 0
2022 4 0 0 0 0 0
2023 4 0 0 0 0 0
2024 0 2 2 0 0 0
2024 0 3 1 0 0 0
2024 4 0 0 0 0 0
2025 4 0 0 0 0 0
2026 4 0 0 0 0 0
2027 4 0 0 0 0 0
2028 4 0 0 0 0 0
2029 4 0 0 0 0 0
2030 4 0 0 0 0 0
2031 4 0 0 0 0 0
2032 4 0 0 0 0 0
2033 4 0 0 0 0 0
2053 0 4 0 0 0 0
2054 0 4 0 0 0 0
2055 0 4 0 0 0 0
2056 0 4 0 0 0 0
2058 4 0 0 0 0 0
2059 4 0 0 0 0 0
2060 4 0 0 0 0 0
2061 4 0 0 0 0 0
2062 4 0 0 0 0 0
2063 4 0 0 0 0 0
2064 4 0 0 0 0 0
2065 4 0 0 0 0 0
2067 4 0 0 0 0 0
2068 4 0 0 0 0 0
2069 4 0 0 0 0 0
2070 4 0 0 0 0 0
2071 4 0 0 0 0 0
2072 4 0 0 0 0 0
2073 4 0 0 0 0 0
2074 4 0 0 0 0 0
2075 4 0 0 0 0 0
2076 4 0 0 0 0 0
2077 4 0 0 0 0 0
2078 4 0 0 0 0 0
2079 4 0 0 0 0 0
2099 0 0 0 4 0 0
2100 0 0 0 4 0 0
2114 0 0 4 0 0 0
2115 0 0 4 0 0 0
2116 0 0 4 0 0 0
2117 0 0 4 0 0 0
2269 4 0 0 0 0 0
2270 4 0 0 0 0 0
2271 4 0 0 0 0 0
2272 0 1 1 2 0 0
2272 0 1 2 1 0 0
2272 0 2 1 1 0 0
2272 4 0 0 0 0 0
2273 4 0 0 0 0 0
2274 4 0 0 0 0 0
2275 4 0 0 0 0 0
2276 4 0 0 0 0 0
2277 4 0 0 0 0 0
2278 4 0 0 0 0 0
2279 4 0 0 0 0 0
2280 4 0 0 0 0 0
2281 4 0 0 0 0 0
2282 4 0 0 0 0 0
2283 4 0 0 0 0 0
2284 4 0 0 0 0 0
2285 4 0 0 0 0 0
2286 4 0 0 0 0 0
2287 4 0 0 0 0 0
2288 4 0 0 0 0 0
2289 4 0 0 0 0 0
2290 4 0 0 0 0 0
2291 4 0 0 0 0 0
2292 4 0 0 0 0 0
2293 4 0 0 0 0 0
2294 4 0 0 0 0 0
2295 4 0 0 0 0 0
2296 4 0 0 0 0 0
2297 4 0 0 0 0 0
2298 4 0 0 0 0 0
2299 4 0 0 0 0 0
2300 4 0 0 0 0 0
2301 4 0 0 0 0 0
2302 4 0 0 0 0 0
2303 4 0 0 0 0 0
2304 4 0 0 0 0 0
2305 4 0 0 0 0 0
2306 4 0 0 0 0 0
2307 4 0 0 0 0 0
2308 4 0 0 0 0 0
2309 4 0 0 0 0 0
2310 4 0 0 0 0 0
2311 4 0 0 0 0 0
2312 4 0 0 0 0 0
2313 4 0 0 0 0 0
2314 4 0 0 0 0 0
2315 4 0 0 0 0 0
2316 4 0 0 0 0 0
2317 4 0 0 0 0 0
2318 4 0 0 0 0 0
2319 4 0 0 0 0 0
2320 4 0 0 0 0 0
2321 4 0 0 0 0 0
2322 4 0 0 0 0 0
2323 4 0 0 0 0 0
2324 4 0 0 0 0 0
2325 4 0 0 0 0 0
2326 4 0 0 0 0 0
2327 4 0 0 0 0 0
2328 4 0 0 0 0 0
2329 4 0 0 0 0 0
2330 4 0 0 0 0 0
2331 4 0 0 0 0 0
2332 4 0 0 0 0 0
2333 4 0 0 0 0 0
2334 4 0 0 0 0 0
2335 0 0 0 0 4 0
2335 0 1 1 2 0 0
2335 0 1 2 1 0 0
2335 0 2 1 1 0 0
2335 4 0 0 0 0 0
2336 0 0 0 4 0 0
2336 4 0 0 0 0 0
2337 0 0 4 0 0 0
2337 4 0 0 0 0 0
2338 0 4 0 0 0 0
2338 4 0 0 0 0 0
2378 4 0 0 0 0 0
2379 4 0 0 0 0 0
2380 4 0 0 0 0 0
2381 4 0 0 0 0 0
2382 4 0 0 0 0 0
2383 4 0 0 0 0 0
2384 4 0 0 0 0 0
2385 4 0 0 0 0 0
2386 4 0 0 0 0 0
2387 4 0 0 0 0 0
2388 4 0 0 0 0 0
2389 4 0 0 0 0 0
2390 4 0 0 0 0 0
2391 4 0 0 0 0 0
2556 0 4 0 0 0 0
2556 4 0 0 0 0 0
2557 0 4 0 0 0 0
2557 4 0 0 0 0 0
2558 0 4 0 0 0 0
2558 4 0 0 0 0 0
2559 0 4 0 0 0 0
2559 4 0 0 0 0 0
2560 4 0 0 0 0 0
2561 4 0 0 0 0 0
2562 4 0 0 0 0 0
2563 4 0 0 0 0 0
2564 4 0 0 0 0 0
2565 4 0 0 0 0 0
2566 4 0 0 0 0 0
2567 4 0 0 0 0 0
2568 4 0 0 0 0 0
2684 0 4 0 0 0 0
2684 4 0 0 0 0 0
2685 0 4 0 0 0 0
2685 4 0 0 0 0 0
2686 0 4 0 0 0 0
2686 4 0 0 0 0 0
2687 0 4 0 0 0 0
2687 4 0 0 0 0 0
2688 4 0 0 0 0 0
2689 4 0 0 0 0 0
2690 4 0 0 0 0 0
2691 4 0 0 0 0 0
2692 4 0 0 0 0 0
2693 4 0 0 0 0 0
2694 4 0 0 0 0 0
2695 4 0 0 0 0 0
2696 4 0 0 0 0 0
2720 0 4 0 0 0 0
2721 0 4 0 0 0 0
2722 0 4 0 0 0 0
2723 0 4 0 0 0 0
2724 0 4 0 0 0 0
2743 0 1 3 0 0 0
2744 0 1 3 0 0 0
2745 0 1 3 0 0 0
2781 0 0 0 4 0 0
2782 0 0 4 0 0 0
2783 0 0 4 0 0 0
2784 0 0 4 0 0 0
2785 0 0 4 0 0 0
2794 0 0 4 0 0 0
2795 0 0 4 0 0 0
2796 0 0 4 0 0 0
2842 0 0 0 4 0 0
2843 0 0 4 0 0 0
2844 0 0 4 0 0 0
2845 0 4 0 0 0 0
2846 0 4 0 0 0 0
2884 0 4 0 0 0 0
2885 0 4 0 0 0 0
2886 0 4 0 0 0 0
2896 0 0 4 0 0 0
2897 0 0 4 0 0 0
2897 0 4 0 0 0 0
2898 0 0 4 0 0 0
2898 0 4 0 0 0 0
2899 0 4 0 0 0 0
2900 0 4 0 0 0 0
2901 0 4 0 0 0 0
2902 0 4 0 0 0 0
2903 0 4 0 0 0 0
2904 0 0 4 0 0 0
2905 0 0 4 0 0 0
2938 0 4 0 0 0 0
2971 0 0 4 0 0 0
2972 0 0 4 0 0 0
2973 0 4 0 0 0 0
2974 0 4 0 0 0 0
2975 0 4 0 0 0 0
2994 0 4 0 0 0 0
2995 0 4 0 0 0 0
2996 0 4 0 0 0 0
3004 0 4 0 0 0 0
3005 0 4 0 0 0 0
3006 0 4 0 0 0 0
3007 0 4 0 0 0 0
3008 0 4 0 0 0 0
3009 0 4 0 0 0 0
3010 0 4 0 0 0 0
3011 0 4 0 0 0 0
3012 0 4 0 0 0 0
3013 0 4 0 0 0 0
3047 0 4 0 0 0 0
3048 0 4 0 0 0 0
3049 0 4 0 0 0 0
3050 0 4 0 0 0 0
3051 0 4 0 0 0 0
3204 0 0 4 0 0 0
3205 0 0 4 0 0 0
3206 0 0 4 0 0 0
3218 0 0 4 0 0 0
3219 0 4 0 0 0 0
3247 0 4 0 0 0 0
3248 0 4 0 0 0 0
3249 0 4 0 0 0 0
3250 0 4 0 0 0 0
3251 0 4 0 0 0 0
3252 0 4 0 0 0 0
3286 0 0 0 4 0 0
3287 0 0 4 0 0 0
3288 0 0 0 4 0 0
3289 0 0 4 0 0 0
3290 0 0 4 0 0 0
3302 4 0 0 0 0 0
3303 4 0 0 0 0 0
3348 4 0 0 0 0 0
3349 4 0 0 0 0 0
3350 0 0 0 0 0 4
3351 0 0 0 0 0 4
3352 0 0 0 0 4 0
3353 0 0 0 0 4 0
3355 0 0 0 0 4 0
3356 0 0 0 0 4 0
3357 0 0 0 4 0 0
3358 0 0 0 4 0 0
3359 0 0 0 0 0 4
3360 0 0 0 0 0 4
3360 0 0 0 0 4 0
3361 0 0 0 0 0 4
3361 0 0 0 4 0 0
3363 0 0 0 0 4 0
3366 0 0 0 0 4 0
3367 0 0 0 0 0 4
3368 0 0 0 0 0 4
3369 0 0 0 0 0 4
3369 0 0 0 4 0 0
3371 0 0 0 0 4 0
3372 0 0 0 0 4 0
3373 0 0 0 4 0 0
3374 0 0 0 4 0 0
3378 0 0 0 0 4 0
3379 0 0 0 4 0 0
3380 0 0 0 0 4 0
3380 0 0 0 4 0 0
3381 0 0 0 4 0 0
3382 0 0 0 0 4 0
3382 0 0 0 4 0 0
3385 0 0 0 0 4 0
3386 0 0 0 0 4 0
3387 0 0 0 4 0 0
3389 0 0 0 4 0 0
3390 0 0 0 4 0 0
3391 0 0 4 0 0 0
3392 0 0 0 0 4 0
3392 0 0 4 0 0 0
3393 0 0 4 0 0 0
3394 0 0 4 0 0 0
3395 0 0 0 4 0 0
3395 0 0 4 0 0 0
3396 0 0 4 0 0 0
3398 0 0 0 0 4 0
3399 0 0 0 0 4 0
3400 0 0 0 4 0 0
3401 0 0 4 0 0 0
3402 0 0 0 0 4 0
3402 0 0 4 0 0 0
3403 0 0 4 0 0 0
3404 0 0 4 0 0 0
3405 0 0 0 4 0 0
3405 0 0 4 0 0 0
3406 0 0 4 0 0 0
3407 0 0 4 0 0 0
3408 0 0 4 0 0 0
3409 0 0 1 3 0 0
3413 0 1 0 3 0 0
3414 0 1 3 0 0 0
3418 0 4 0 0 0 0
3419 0 4 0 0 0 0
3420 0 4 0 0 0 0
3421 0 4 0 0 0 0
3422 0 4 0 0 0 0
3432 4 0 0 0 0 0
3433 4 0 0 0 0 0
3434 4 0 0 0 0 0
3435 4 0 0 0 0 0
3436 4 0 0 0 0 0
3437 4 0 0 0 0 0
3438 4 0 0 0 0 0
3439 4 0 0 0 0 0
3440 4 0 0 0 0 0
3441 4 0 0 0 0 0
3445 0 4 0 0 0 0
3446 0 4 0 0 0 0
3447 0 4 0 0 0 0
3448 0 4 0 0 0 0
3449 0 4 0 0 0 0
3450 0 4 0 0 0 0
3451 0 4 0 0 0 0
3452 0 4 0 0 0 0
3453 0 4 0 0 0 0
3454 0 4 0 0 0 0
3455 0 4 0 0 0 0
3456 0 4 0 0 0 0
3457 0 4 0 0 0 0
3516 0 3 1 0 0 0
3517 0 3 1 0 0 0
3546 4 0 0 0 0 0
3547 4 0 0 0 0 0
3548 4 0 0 0 0 0
3549 4 0 0 0 0 0
3550 4 0 0 0 0 0
3551 4 0 0 0 0 0
3552 4 0 0 0 0 0
3553 4 0 0 0 0 0
3554 4 0 0 0 0 0
3555 4 0 0 0 0 0
3556 4 0 0 0 0 0
3557 4 0 0 0 0 0
3558 4 0 0 0 0 0
3559 4 0 0 0 0 0
3560 4 0 0 0 0 0
3570 4 0 0 0 0 0
3571 4 0 0 0 0 0
3572 4 0 0 0 0 0
3573 4 0 0 0 0 0
3574 4 0 0 0 0 0
3575 4 0 0 0 0 0
3576 0 0 4 0 0 0
3576 0 1 3 0 0 0
3576 4 0 0 0 0 0
3577 0 0 4 0 0 0
3577 0 1 3 0 0 0
3577 4 0 0 0 0 0
3578 4 0 0 0 0 0
3579 4 0 0 0 0 0
3580 4 0 0 0 0 0
3581 0 4 0 0 0 0
3581 4 0 0 0 0 0
3582 0 4 0 0 0 0
3582 4 0 0 0 0 0
3583 0 4 0 0 0 0
3583 4 0 0 0 0 0
3584 0 4 0 0 0 0
3584 4 0 0 0 0 0
3585 4 0 0 0 0 0
3586 4 0 0 0 0 0
3587 4 0 0 0 0 0
3588 4 0 0 0 0 0
3589 4 0 0 0 0 0
3590 4 0 0 0 0 0
3591 4 0 0 0 0 0
3593 4 0 0 0 0 0
3594 4 0 0 0 0 0
3595 4 0 0 0 0 0
3602 4 0 0 0 0 0
3603 0 4 0 0 0 0
3604 0 4 0 0 0 0
3646 4 0 0 0 0 0
3647 4 0 0 0 0 0
3648 4 0 0 0 0 0
3649 4 0 0 0 0 0
3650 4 0 0 0 0 0
3651 0 3 1 0 0 0
3651 0 4 0 0 0 0
3652 0 3 1 0 0 0
3652 0 4 0 0 0 0
3653 0 4 0 0 0 0
3659 4 0 0 0 0 0
3660 1 3 0 0 0 0
3660 2 2 0 0 0 0
3684 0 0 0 0 4 0
3685 0 0 0 4 0 0
3686 0 0 0 0 4 0
3687 0 0 0 4 0 0
3688 0 0 0 0 4 0
3689 0 0 0 4 0 0
3690 0 0 0 4 0 0
3691 0 0 4 0 0 0
3692 0 0 4 0 0 0
3694 0 0 4 0 0 0
3695 0 4 0 0 0 0
3696 0 4 0 0 0 0
3697 0 4 0 0 0 0
3699 0 4 0 0 0 0
3700 0 4 0 0 0 0
3701 0 4 0 0 0 0
3714 0 0 4 0 0 0
3715 0 0 4 0 0 0
3716 0 4 0 0 0 0
3816 4 0 0 0 0 0
3817 4 0 0 0 0 0
3818 4 0 0 0 0 0
3859 0 4 0 0 0 0
3860 0 4 0 0 0 0
3861 0 4 0 0 0 0
3866 0 2 2 0 0 0
3867 0 2 2 0 0 0
3868 0 2 2 0 0 0
3869 0 2 2 0 0 0
3870 0 2 2 0 0 0
3871 0 2 2 0 0 0
3886 2 2 0 0 0 0
3886 3 1 0 0 0 0
3887 2 2 0 0 0 0
3887 3 1 0 0 0 0
3888 2 2 0 0 0 0
3888 3 1 0 0 0 0
3890 4 0 0 0 0 0
3891 0 4 0 0 0 0
3892 0 4 0 0 0 0
3893 0 4 0 0 0 0
3894 0 4 0 0 0 0
3898 1 3 0 0 0 0
3899 1 3 0 0 0 0
3900 0 3 1 0 0 0
3900 0 4 0 0 0 0
3900 1 3 0 0 0 0
3901 0 3 1 0 0 0
3901 0 4 0 0 0 0
3901 1 3 0 0 0 0
3902 0 4 0 0 0 0
3902 1 3 0 0 0 0
3904 0 4 0 0 0 0
3905 0 4 0 0 0 0
3906 0 4 0 0 0 0
3907 0 4 0 0 0 0
3910 0 3 0 1 0 0
3910 0 4 0 0 0 0
3922 0 0 4 0 0 0
3922 4 0 0 0 0 0
3923 0 0 4 0 0 0
3923 4 0 0 0 0 0
3924 4 0 0 0 0 0
3925 4 0 0 0 0 0
3926 4 0 0 0 0 0
3927 4 0 0 0 0 0
3928 2 2 0 0 0 0
3928 4 0 0 0 0 0
3929 4 0 0 0 0 0
3930 0 0 4 0 0 0
3931 0 0 4 0 0 0
3932 0 0 4 0 0 0
3933 0 0 4 0 0 0
3934 0 4 0 0 0 0
3935 0 4 0 0 0 0
3936 0 4 0 0 0 0
3937 0 4 0 0 0 0
3939 0 4 0 0 0 0
3939 1 3 0 0 0 0
3940 0 4 0 0 0 0
3940 1 3 0 0 0 0
3941 0 4 0 0 0 0
3944 4 0 0 0 0 0
3949 0 0 4 0 0 0
3950 0 0 4 0 0 0
3990 0 4 0 0 0 0
3990 1 3 0 0 0 0
3991 0 4 0 0 0 0
3991 1 3 0 0 0 0
3992 0 4 0 0 0 0
3992 1 3 0 0 0 0
3993 0 4 0 0 0 0
3993 1 3 0 0 0 0
3994 0 4 0 0 0 0
3994 1 3 0 0 0 0
3995 0 4 0 0 0 0
3995 1 3 0 0 0 0
4016 4 0 0 0 0 0
4017 4 0 0 0 0 0
4018 4 0 0 0 0 0
4019 4 0 0 0 0 0
4045 4 0 0 0 0 0
4046 4 0 0 0 0 0
4047 4 0 0 0 0 0
4048 4 0 0 0 0 0
4049 4 0 0 0 0 0
4050 4 0 0 0 0 0
4058 0 4 0 0 0 0
4059 0 4 0 0 0 0
4060 0 4 0 0 0 0
4066 0 4 0 0 0 0
4067 0 4 0 0 0 0
4068 0 4 0 0 0 0
4140 4 0 0 0 0 0
4141 4 0 0 0 0 0
4142 4 0 0 0 0 0
4143 4 0 0 0 0 0
4144 4 0 0 0 0 0
4145 4 0 0 0 0 0
4146 4 0 0 0 0 0
4147 4 0 0 0 0 0
4148 4 0 0 0 0 0
4149 4 0 0 0 0 0
4150 4 0 0 0 0 0
4151 4 0 0 0 0 0
4152 4 0 0 0 0 0
4153 4 0 0 0 0 0
4154 4 0 0 0 0 0
4155 4 0 0 0 0 0
4156 4 0 0 0 0 0
4157 4 0 0 0 0 0
4158 4 0 0 0 0 0
4159 4 0 0 0 0 0
4160 4 0 0 0 0 0
4161 4 0 0 0 0 0
4162 4 0 0 0 0 0
4163 4 0 0 0 0 0
4164 4 0 0 0 0 0
4165 4 0 0 0 0 0
4166 4 0 0 0 0 0
4167 4 0 0 0 0 0
4168 4 0 0 0 0 0
4169 4 0 0 0 0 0
4170 4 0 0 0 0 0
4171 4 0 0 0 0 0
4172 4 0 0 0 0 0
4173 4 0 0 0 0 0
4174 4 0 0 0 0 0
4175 4 0 0 0 0 0
4176 4 0 0 0 0 0
4177 4 0 0 0 0 0
4178 4 0 0 0 0 0
4179 4 0 0 0 0 0
4180 4 0 0 0 0 0
4181 4 0 0 0 0 0
4182 4 0 0 0 0 0
4183 4 0 0 0 0 0
4184 4 0 0 0 0 0
4185 4 0 0 0 0 0
4186 4 0 0 0 0 0
4187 4 0 0 0 0 0
4188 4 0 0 0 0 0
4189 4 0 0 0 0 0
4190 3 0 0 0 0 1
4190 4 0 0 0 0 0
4191 3 0 0 0 0 1
4191 4 0 0 0 0 0
4192 4 0 0 0 0 0
4193 3 0 0 0 0 1
4193 4 0 0 0 0 0
4194 3 0 0 0 0 1
4194 4 0 0 0 0 0
4195 3 0 0 0 0 1
4195 4 0 0 0 0 0
4196 3 0 0 0 1 0
4196 4 0 0 0 0 0
4199 3 0 0 1 0 0
4200 3 0 0 1 0 0
4201 3 0 1 0 0 0
4202 3 0 1 0 0 0
4203 3 0 0 1 0 0
4203 3 1 0 0 0 0
4204 3 0 0 1 0 0
4204 3 1 0 0 0 0
4220 0 2 2 0 0 0
4220 0 3 1 0 0 0
4246 2 2 0 0 0 0
4247 2 2 0 0 0 0
4248 2 2 0 0 0 0
4249 2 2 0 0 0 0
4250 2 2 0 0 0 0
4251 2 2 0 0 0 0
4276 0 0 0 4 0 0
4319 0 0 0 0 4 0
4319 0 0 0 4 0 0
4319 0 1 0 3 0 0
4319 1 0 0 3 0 0
4320 0 0 0 0 4 0
4320 0 0 4 0 0 0
4320 0 1 3 0 0 0
4320 1 0 3 0 0 0
4321 0 0 4 0 0 0
4321 0 1 3 0 0 0
4321 1 0 3 0 0 0
4322 0 0 0 0 4 0
4322 0 0 0 4 0 0
4322 0 1 0 3 0 0
4322 1 0 0 3 0 0
4323 0 0 0 0 4 0
4323 0 0 4 0 0 0
4323 0 1 3 0 0 0
4323 1 0 3 0 0 0
4324 0 0 4 0 0 0
4324 0 1 3 0 0 0
4324 1 0 3 0 0 0
4325 0 0 0 4 0 0
4325 0 4 0 0 0 0
4325 1 3 0 0 0 0
4326 0 0 0 4 0 0
4326 0 4 0 0 0 0
4326 1 3 0 0 0 0
4327 0 1 0 0 0 3
4328 0 1 0 0 0 3
4329 0 1 0 0 0 3
4330 0 1 0 0 0 3
4331 0 1 0 0 0 3
4332 0 1 0 0 0 3
4401 0 4 0 0 0 0
4401 4 0 0 0 0 0
4402 0 4 0 0 0 0
4402 4 0 0 0 0 0
4403 0 4 0 0 0 0
4403 4 0 0 0 0 0
4404 4 0 0 0 0 0
4405 4 0 0 0 0 0
4406 4 0 0 0 0 0
4407 4 0 0 0 0 0
4408 4 0 0 0 0 0
4409 4 0 0 0 0 0
4410 4 0 0 0 0 0
4411 4 0 0 0 0 0
4412 4 0 0 0 0 0
4413 4 0 0 0 0 0
4414 4 0 0 0 0 0
4415 4 0 0 0 0 0
4429 0 0 0 4 0 0
4429 4 0 0 0 0 0
4430 0 0 4 0 0 0
4430 4 0 0 0 0 0
4431 0 0 4 0 0 0
4431 4 0 0 0 0 0
4432 4 0 0 0 0 0
4485 0 0 4 0 0 0
4486 0 0 4 0 0 0
4487 0 0 4 0 0 0
4488 0 0 4 0 0 0
4496 0 4 0 0 0 0
4497 0 4 0 0 0 0
4498 0 4 0 0 0 0
4499 0 0 4 0 0 0
4499 0 4 0 0 0 0
4500 0 0 4 0 0 0
4500 0 4 0 0 0 0
4501 0 0 4 0 0 0
4501 0 4 0 0 0 0
4502 0 0 4 0 0 0
4503 0 0 4 0 0 0
4504 0 0 4 0 0 0
4511 0 3 0 1 0 0
4511 0 4 0 0 0 0
4615 0 0 0 4 0 0
4616 0 0 4 0 0 0
4617 0 0 4 0 0 0
4618 0 0 4 0 0 0
4619 0 0 0 0 4 0
4619 0 0 4 0 0 0
4622 0 0 0 0 4 0
4623 0 0 0 0 4 0
4623 0 0 0 4 0 0
4625 0 0 0 0 4 0
4626 0 0 0 0 4 0
4626 0 0 0 4 0 0
4627 0 0 4 0 0 0
4628 0 0 4 0 0 0
4629 0 0 4 0 0 0
4630 0 0 0 0 4 0
4630 0 0 4 0 0 0
4633 0 0 0 0 4 0
4637 0 0 0 0 4 0
4638 4 0 0 0 0 0
4639 4 0 0 0 0 0
4640 4 0 0 0 0 0
4641 4 0 0 0 0 0
4747 2 2 0 0 0 0
4748 2 2 0 0 0 0
4749 2 2 0 0 0 0
4758 2 2 0 0 0 0
4758 4 0 0 0 0 0
4759 2 2 0 0 0 0
4759 4 0 0 0 0 0
4760 2 2 0 0 0 0
4760 4 0 0 0 0 0
4761 4 0 0 0 0 0
4762 4 0 0 0 0 0
4763 0 2 1 1 0 0
4763 4 0 0 0 0 0
4764 0 2 1 1 0 0
4764 4 0 0 0 0 0
4765 4 0 0 0 0 0
4766 4 0 0 0 0 0
4767 4 0 0 0 0 0
4768 4 0 0 0 0 0
4769 4 0 0 0 0 0
4770 0 2 2 0 0 0
4770 4 0 0 0 0 0
4771 0 2 2 0 0 0
4771 4 0 0 0 0 0
4772 0 2 2 0 0 0
4772 4 0 0 0 0 0
4773 4 0 0 0 0 0
4774 4 0 0 0 0 0
4775 4 0 0 0 0 0
4776 4 0 0 0 0 0
4777 4 0 0 0 0 0
4778 4 0 0 0 0 0
4779 4 0 0 0 0 0
4780 4 0 0 0 0 0
4781 4 0 0 0 0 0
4782 4 0 0 0 0 0
4783 4 0 0 0 0 0
4784 4 0 0 0 0 0
4786 0 4 0 0 0 0
4787 0 4 0 0 0 0
4788 0 4 0 0 0 0
4789 0 4 0 0 0 0
4823 0 4 0 0 0 0
4824 0 4 0 0 0 0
4825 0 4 0 0 0 0
4828 4 0 0 0 0 0
4829 4 0 0 0 0 0
4830 4 0 0 0 0 0
4831 4 0 0 0 0 0
4832 4 0 0 0 0 0
4851 3 1 0 0 0 0
4851 4 0 0 0 0 0
4852 3 1 0 0 0 0
4852 4 0 0 0 0 0
4853 3 1 0 0 0 0
4853 4 0 0 0 0 0
4854 3 1 0 0 0 0
4854 4 0 0 0 0 0
4855 4 0 0 0 0 0
4856 0 4 0 0 0 0
4856 1 3 0 0 0 0
4856 2 2 0 0 0 0
4856 3 1 0 0 0 0
4856 4 0 0 0 0 0
4857 0 4 0 0 0 0
4857 1 3 0 0 0 0
4857 2 2 0 0 0 0
4857 3 1 0 0 0 0
4857 4 0 0 0 0 0
4858 0 4 0 0 0 0
4858 1 3 0 0 0 0
4858 2 2 0 0 0 0
4858 3 1 0 0 0 0
4858 4 0 0 0 0 0
4859 0 4 0 0 0 0
4859 1 3 0 0 0 0
4859 2 2 0 0 0 0
4859 3 1 0 0 0 0
4859 4 0 0 0 0 0
4860 0 4 0 0 0 0
4860 1 3 0 0 0 0
4860 2 2 0 0 0 0
4860 3 1 0 0 0 0
4860 4 0 0 0 0 0
4861 0 4 0 0 0 0
4861 1 3 0 0 0 0
4861 2 2 0 0 0 0
4861 3 1 0 0 0 0
4861 4 0 0 0 0 0
4862 0 4 0 0 0 0
4862 1 3 0 0 0 0
4862 2 2 0 0 0 0
4862 3 1 0 0 0 0
4862 4 0 0 0 0 0
4863 0 4 0 0 0 0
4863 1 3 0 0 0 0
4863 2 2 0 0 0 0
4863 3 1 0 0 0 0
4863 4 0 0 0 0 0
4864 4 0 0 0 0 0
4865 4 0 0 0 0 0
4929 0 4 0 0 0 0
4929 4 0 0 0 0 0
4930 0 4 0 0 0 0
4930 4 0 0 0 0 0
4931 0 4 0 0 0 0
4931 4 0 0 0 0 0
4932 0 4 0 0 0 0
4932 4 0 0 0 0 0
4933 0 4 0 0 0 0
4933 4 0 0 0 0 0
4934 0 4 0 0 0 0
4934 4 0 0 0 0 0
4935 0 4 0 0 0 0
4935 4 0 0 0 0 0
4936 0 4 0 0 0 0
4936 4 0 0 0 0 0
4937 4 0 0 0 0 0
4938 4 0 0 0 0 0
4939 4 0 0 0 0 0
4940 4 0 0 0 0 0
4941 4 0 0 0 0 0
4942 4 0 0 0 0 0
4943 4 0 0 0 0 0
4944 4 0 0 0 0 0
4945 4 0 0 0 0 0
4946 0 4 0 0 0 0
4946 4 0 0 0 0 0
4947 0 4 0 0 0 0
4947 4 0 0 0 0 0
4948 0 4 0 0 0 0
4948 4 0 0 0 0 0
4949 0 4 0 0 0 0
4949 4 0 0 0 0 0
4950 0 4 0 0 0 0
4950 4 0 0 0 0 0
4951 0 4 0 0 0 0
4951 4 0 0 0 0 0
4974 0 4 0 0 0 0
4975 0 4 0 0 0 0
4976 0 4 0 0 0 0
4977 0 4 0 0 0 0
5033 3 1 0 0 0 0
5034 3 1 0 0 0 0
5035 3 1 0 0 0 0
5036 3 1 0 0 0 0
5037 3 1 0 0 0 0
5038 3 1 0 0 0 0
5057 0 4 0 0 0 0
5058 0 4 0 0 0 0
5059 0 4 0 0 0 0
5060 0 4 0 0 0 0
5061 0 4 0 0 0 0
5062 0 4 0 0 0 0
5065 0 0 0 0 1 3
5065 0 0 0 4 0 0
5065 4 0 0 0 0 0
5066 0 0 0 3 1 0
5066 0 0 0 4 0 0
5066 1 0 0 2 1 0
5066 4 0 0 0 0 0
5067 4 0 0 0 0 0
5068 0 0 0 0 1 3
5068 0 0 0 4 0 0
5068 4 0 0 0 0 0
5069 0 0 0 3 1 0
5069 0 0 0 4 0 0
5069 1 0 0 2 1 0
5069 4 0 0 0 0 0
5070 4 0 0 0 0 0
5071 4 0 0 0 0 0
5072 4 0 0 0 0 0
5073 0 0 0 0 1 3
5073 0 0 0 4 0 0
5073 4 0 0 0 0 0
5074 0 0 0 3 1 0
5074 0 0 0 4 0 0
5074 1 0 0 2 1 0
5074 4 0 0 0 0 0
5075 4 0 0 0 0 0
5076 0 0 0 0 1 3
5076 0 0 0 4 0 0
5076 4 0 0 0 0 0
5077 0 0 0 3 1 0
5077 0 0 0 4 0 0
5077 1 0 0 2 1 0
5077 4 0 0 0 0 0
5078 4 0 0 0 0 0
5079 4 0 0 0 0 0
5080 4 0 0 0 0 0
5081 0 0 0 0 1 3
5081 0 0 0 4 0 0
5081 4 0 0 0 0 0
5082 0 0 0 3 1 0
5082 0 0 0 4 0 0
5082 1 0 0 2 1 0
5082 4 0 0 0 0 0
5083 4 0 0 0 0 0
5084 0 0 0 0 1 3
5084 0 0 0 4 0 0
5084 4 0 0 0 0 0
5085 0 0 0 3 1 0
5085 0 0 0 4 0 0
5085 1 0 0 2 1 0
5085 4 0 0 0 0 0
5086 4 0 0 0 0 0
5087 4 0 0 0 0 0
5088 4 0 0 0 0 0
5089 4 0 0 0 0 0
5090 4 0 0 0 0 0
5091 4 0 0 0 0 0
5092 4 0 0 0 0 0
5093 4 0 0 0 0 0
5094 4 0 0 0 0 0
5095 0 0 0 4 0 0
5095 4 0 0 0 0 0
5096 4 0 0 0 0 0
5097 4 0 0 0 0 0
5098 0 0 0 4 0 0
5098 4 0 0 0 0 0
5099 4 0 0 0 0 0
5100 4 0 0 0 0 0
5101 4 0 0 0 0 0
5102 4 0 0 0 0 0
5103 0 0 0 0 4 0
5104 0 0 0 0 4 0
5105 0 0 4 0 0 0
5105 1 0 3 0 0 0
5105 4 0 0 0 0 0
5106 0 0 4 0 0 0
5106 1 0 3 0 0 0
5106 4 0 0 0 0 0
5107 4 0 0 0 0 0
5108 4 0 0 0 0 0
5109 4 0 0 0 0 0
5110 4 0 0 0 0 0
5111 1 0 1 2 0 0
5111 1 0 2 1 0 0
5111 1 1 2 0 0 0
5112 0 0 0 0 4 0
5113 0 0 0 0 4 0
5114 0 4 0 0 0 0
5115 0 4 0 0 0 0
5116 0 4 0 0 0 0
5117 0 4 0 0 0 0
5118 0 4 0 0 0 0
5119 0 4 0 0 0 0
5126 1 3 0 0 0 0
5126 2 1 0 1 0 0
5126 2 2 0 0 0 0
5127 1 3 0 0 0 0
5127 2 1 0 1 0 0
5127 2 2 0 0 0 0
5128 1 0 0 0 3 0
5129 1 0 0 0 3 0
5130 0 0 0 0 4 0
5131 0 0 0 0 4 0
5132 0 0 0 0 4 0
5133 0 0 0 0 4 0
5134 0 0 0 0 4 0
5135 0 0 0 0 4 0
5136 2 0 2 0 0 0
5137 0 0 0 4 0 0
5137 2 0 2 0 0 0
5138 0 0 0 4 0 0
5138 2 0 2 0 0 0
5140 0 0 0 4 0 0
5141 0 0 0 4 0 0
5142 2 0 2 0 0 0
5143 0 0 0 4 0 0
5143 2 0 2 0 0 0
5144 0 0 0 4 0 0
5144 2 0 2 0 0 0
5146 0 0 0 4 0 0
5147 0 0 0 4 0 0
5151 0 0 0 4 0 0
5152 0 0 0 4 0 0
5154 0 0 0 4 0 0
5155 0 0 0 4 0 0
5166 0 4 0 0 0 0
5167 0 4 0 0 0 0
5168 0 4 0 0 0 0
5169 0 4 0 0 0 0
5170 0 4 0 0 0 0
5171 0 4 0 0 0 0
5182 0 0 0 0 4 0
5183 0 0 0 0 4 0
5184 4 0 0 0 0 0
5185 4 0 0 0 0 0
5186 4 0 0 0 0 0
5187 4 0 0 0 0 0
5188 4 0 0 0 0 0
5189 4 0 0 0 0 0
5190 4 0 0 0 0 0
5191 4 0 0 0 0 0
5192 4 0 0 0 0 0
5193 4 0 0 0 0 0
5194 4 0 0 0 0 0
5195 0 0 4 0 0 0
5195 1 0 3 0 0 0
5195 4 0 0 0 0 0
5196 0 0 4 0 0 0
5196 1 0 3 0 0 0
5196 4 0 0 0 0 0
5197 0 0 4 0 0 0
5197 1 0 3 0 0 0
5197 4 0 0 0 0 0
5198 4 0 0 0 0 0
5199 4 0 0 0 0 0
5200 4 0 0 0 0 0
5201 0 0 4 0 0 0
5201 1 0 3 0 0 0
5201 4 0 0 0 0 0
5202 0 0 4 0 0 0
5202 1 0 3 0 0 0
5202 4 0 0 0 0 0
5203 0 0 4 0 0 0
5203 1 0 3 0 0 0
5203 4 0 0 0 0 0
5204 4 0 0 0 0 0
5205 4 0 0 0 0 0
5206 4 0 0 0 0 0
5207 4 0 0 0 0 0
5208 4 0 0 0 0 0
5209 2 0 2 0 0 0
5209 4 0 0 0 0 0
5214 4 0 0 0 0 0
5215 4 0 0 0 0 0
5216 4 0 0 0 0 0
5217 4 0 0 0 0 0
5218 0 3 1 0 0 0
5218 4 0 0 0 0 0
5219 0 3 1 0 0 0
5219 4 0 0 0 0 0
5220 0 0 4 0 0 0
5221 0 0 4 0 0 0
5269 0 0 0 4 0 0
5270 0 0 0 4 0 0
5303 0 4 0 0 0 0
5303 1 3 0 0 0 0
5304 0 4 0 0 0 0
5304 1 3 0 0 0 0
5305 0 4 0 0 0 0
5305 1 3 0 0 0 0
5306 0 4 0 0 0 0
5306 1 3 0 0 0 0
5307 0 4 0 0 0 0
5307 1 3 0 0 0 0
5308 0 4 0 0 0 0
5308 1 3 0 0 0 0
5309 0 4 0 0 0 0
5309 1 3 0 0 0 0
5310 0 4 0 0 0 0
5310 1 3 0 0 0 0
5311 4 0 0 0 0 0
5312 4 0 0 0 0 0
5313 4 0 0 0 0 0
5314 4 0 0 0 0 0
5315 4 0 0 0 0 0
5316 4 0 0 0 0 0
5317 0 4 0 0 0 0
5317 4 0 0 0 0 0
5318 0 4 0 0 0 0
5318 4 0 0 0 0 0
5319 4 0 0 0 0 0
5320 4 0 0 0 0 0
5321 4 0 0 0 0 0
5322 4 0 0 0 0 0
5323 3 0 1 0 0 0
5323 4 0 0 0 0 0
5324 3 0 1 0 0 0
5324 4 0 0 0 0 0
5325 4 0 0 0 0 0
5326 4 0 0 0 0 0
5327 0 0 4 0 0 0
5327 4 0 0 0 0 0
5328 4 0 0 0 0 0
5329 4 0 0 0 0 0
5330 0 0 4 0 0 0
5330 4 0 0 0 0 0
5331 0 0 0 0 0 4
5331 0 4 0 0 0 0
5332 0 0 0 0 0 4
5332 0 4 0 0 0 0
5333 0 0 0 0 0 4
5333 0 4 0 0 0 0
5334 0 0 0 0 0 4
5334 0 4 0 0 0 0
5335 0 0 0 0 0 4
5335 0 4 0 0 0 0
5336 0 0 0 0 0 4
5336 0 4 0 0 0 0
5337 0 0 0 0 0 4
5338 0 0 0 0 0 4
5339 0 0 0 0 0 4
5340 0 0 0 0 0 4
5341 0 0 0 0 0 4
5342 0 0 0 0 0 4
5343 0 0 0 0 0 4
5344 0 0 0 0 0 4
5345 0 0 0 0 0 4
5346 0 0 0 0 0 4
5347 0 0 0 0 0 4
5348 0 0 0 0 0 4
5349 0 0 0 0 0 4
5350 0 0 0 0 0 4
5351 0 0 0 0 0 4
5352 0 0 0 0 0 4
5353 0 0 0 0 0 4
5354 0 0 0 0 0 4
5355 0 0 0 0 0 4
5356 0 0 0 0 0 4
5357 0 0 0 0 0 4
5358 0 0 0 0 0 4
5359 0 0 0 0 0 4
5360 0 0 0 0 0 4
5361 0 4 0 0 0 0
5362 0 4 0 0 0 0
5381 4 0 0 0 0 0
5382 4 0 0 0 0 0
5383 4 0 0 0 0 0
5384 4 0 0 0 0 0
5385 4 0 0 0 0 0
5386 4 0 0 0 0 0
5387 4 0 0 0 0 0
5388 4 0 0 0 0 0
5389 4 0 0 0 0 0
5390 4 0 0 0 0 0
5391 4 0 0 0 0 0
5392 4 0 0 0 0 0
5393 4 0 0 0 0 0
5394 4 0 0 0 0 0
5395 4 0 0 0 0 0
5396 4 0 0 0 0 0
5397 4 0 0 0 0 0
5398 4 0 0 0 0 0
5399 4 0 0 0 0 0
5400 4 0 0 0 0 0
5401 4 0 0 0 0 0
5402 4 0 0 0 0 0
5403 4 0 0 0 0 0
5404 4 0 0 0 0 0
5405 4 0 0 0 0 0
5406 4 0 0 0 0 0
5407 4 0 0 0 0 0
5408 4 0 0 0 0 0
5409 4 0 0 0 0 0
5410 4 0 0 0 0 0
5421 4 0 0 0 0 0
5422 4 0 0 0 0 0
5423 4 0 0 0 0 0
5424 0 0 0 0 4 0
5425 0 0 0 0 4 0
5427 0 0 0 4 0 0
5428 4 0 0 0 0 0
5429 4 0 0 0 0 0
5437 0 0 0 0 0 4
5438 0 0 0 0 0 4
5439 0 0 0 0 0 4
5440 0 0 0 0 0 4
5441 0 0 0 0 0 4
5442 0 0 0 0 0 4
5443 0 0 0 0 0 4
5471 0 0 0 4 0 0
5472 0 0 0 4 0 0
5474 0 0 4 0 0 0
5475 0 0 0 4 0 0
5476 0 0 4 0 0 0
5477 0 0 4 0 0 0
5611 0 0 0 4 0 0
5612 0 0 0 4 0 0
5613 0 0 4 0 0 0
5614 0 0 4 0 0 0
5615 0 0 4 0 0 0
5616 0 0 4 0 0 0
5617 0 0 4 0 0 0
5618 0 0 4 0 0 0
5772 0 0 4 0 0 0
5773 0 0 4 0 0 0
5774 0 0 4 0 0 0
5775 0 0 4 0 0 0
5776 0 0 4 0 0 0
5777 0 0 4 0 0 0
5851 0 4 0 0 0 0
5852 0 4 0 0 0 0
5853 0 4 0 0 0 0
5854 0 4 0 0 0 0
5855 0 4 0 0 0 0
5856 0 4 0 0 0 0
5857 0 4 0 0 0 0
5858 0 4 0 0 0 0
5859 0 4 0 0 0 0
5860 0 4 0 0 0 0
5861 0 4 0 0 0 0
5862 0 4 0 0 0 0
5863 0 4 0 0 0 0
5864 0 4 0 0 0 0
5865 0 4 0 0 0 0
5866 0 4 0 0 0 0
5867 0 4 0 0 0 0
5875 0 0 0 4 0 0
5876 0 0 0 4 0 0
5877 0 0 0 4 0 0
5878 0 0 4 0 0 0
5879 0 0 0 4 0 0
5880 0 0 0 4 0 0
5881 0 0 0 4 0 0
5882 0 0 4 0 0 0
5883 0 0 0 4 0 0
5884 0 0 0 4 0 0
5885 0 0 0 4 0 0
5886 0 0 4 0 0 0
5887 0 0 0 4 0 0
5888 0 0 0 4 0 0
5889 0 0 0 4 0 0
5890 0 0 4 0 0 0
5891 0 4 0 0 0 0
5933 4 0 0 0 0 0
5934 4 0 0 0 0 0
5935 4 0 0 0 0 0
5936 4 0 0 0 0 0
5937 4 0 0 0 0 0
5950 0 0 4 0 0 0
5951 0 0 4 0 0 0
5952 0 0 4 0 0 0
5962 0 0 4 0 0 0
5963 0 0 0 0 0 4
5964 0 0 0 0 0 4
5967 0 0 0 0 0 4
5968 0 0 0 0 0 4
5969 0 0 0 0 0 4
5970 0 0 0 0 0 4
5973 0 0 0 0 4 0
5974 0 0 0 0 0 4
5976 0 0 0 0 4 0
5977 0 0 0 0 0 4
5978 0 0 0 0 0 4
5981 0 0 0 0 0 4
5982 0 0 0 0 0 4
5985 0 0 0 0 4 0
5986 0 0 0 0 0 4
5988 0 0 0 0 4 0
5989 0 0 0 0 0 4
5991 0 0 0 0 4 0
6474 4 0 0 0 0 0
6475 4 0 0 0 0 0
6476 4 0 0 0 0 0
6477 4 0 0 0 0 0
6478 4 0 0 0 0 0
6479 4 0 0 0 0 0
6480 4 0 0 0 0 0
6481 4 0 0 0 0 0
6482 4 0 0 0 0 0
6483 4 0 0 0 0 0
6484 4 0 0 0 0 0
6485 4 0 0 0 0 0
6486 4 0 0 0 0 0
6487 4 0 0 0 0 0
6488 4 0 0 0 0 0
6489 4 0 0 0 0 0
6490 4 0 0 0 0 0
6491 4 0 0 0 0 0
6492 4 0 0 0 0 0
6624 0 0 0 0 0 4
6625 0 0 0 0 0 4
6626 0 0 0 0 0 4
6627 0 0 0 0 0 4
6628 0 0 0 0 0 4
6629 0 0 0 0 0 4
6630 0 0 0 0 0 4
7499 0 0 4 0 0 0
7500 0 0 4 0 0 0
7501 0 0 4 0 0 0
7502 0 0 4 0 0 0
7503 0 0 0 0 4 0
7503 0 0 4 0 0 0
7504 0 0 0 0 4 0
7504 0 0 4 0 0 0
7505 0 0 0 4 0 0
7508 0 0 0 4 0 0
7511 0 0 4 0 0 0
7512 0 0 4 0 0 0
7513 0 0 4 0 0 0
7514 0 0 4 0 0 0
7515 0 0 0 0 4 0
7515 0 0 4 0 0 0
7516 0 0 0 0 4 0
7516 0 0 4 0 0 0
7517 0 0 0 0 4 0
7518 0 0 0 0 4 0
7523 0 0 0 0 4 0
7524 0 0 0 0 4 0
7527 0 0 0 4 0 0
7528 0 0 0 4 0 0
7532 0 0 0 4 0 0
7551 0 0 4 0 0 0
7552 0 0 4 0 0 0
7553 0 0 4 0 0 0
7554 0 0 4 0 0 0
7555 0 0 4 0 0 0
7556 0 0 4 0 0 0
7557 0 0 4 0 0 0
7558 0 0 4 0 0 0
7559 0 4 0 0 0 0
7560 0 4 0 0 0 0
7561 0 4 0 0 0 0
7562 0 4 0 0 0 0
7563 0 4 0 0 0 0
7565 0 0 0 4 0 0
7566 0 0 0 4 0 0
7567 0 0 0 4 0 0
7568 0 0 0 0 4 0
7568 0 4 0 0 0 0
7569 0 0 0 0 4 0
7569 0 4 0 0 0 0
7571 0 0 0 0 4 0
7572 0 0 0 0 4 0
7574 0 0 0 0 4 0
7575 0 0 0 0 4 0
7576 0 0 0 0 4 0
7577 0 0 0 0 4 0
7650 0 0 0 4 0 0
7651 0 0 0 4 0 0
7652 0 0 4 0 0 0
8174 4 0 0 0 0 0
8175 4 0 0 0 0 0
8176 4 0 0 0 0 0
8177 4 0 0 0 0 0
8178 4 0 0 0 0 0
8179 4 0 0 0 0 0
8180 4 0 0 0 0 0
8181 4 0 0 0 0 0
8300 0 0 1 0 0 3
8301 0 0 1 0 0 3
8339 0 0 0 0 0 4
8339 0 0 0 1 0 3
8339 1 0 0 0 0 3
8340 0 0 0 0 0 4
8340 1 0 0 0 0 3
8341 0 0 0 0 0 4
8341 1 0 0 0 0 3
8342 0 0 0 0 0 4
8342 0 0 0 1 0 3
8342 1 0 0 0 0 3
8343 0 0 0 0 0 4
8343 1 0 0 0 0 3
8344 0 0 0 0 0 4
8344 1 0 0 0 0 3
8345 0 0 0 0 0 4
8345 0 0 0 1 0 3
8345 1 0 0 0 0 3
8346 0 0 0 0 0 4
8346 1 0 0 0 0 3
8347 0 0 0 0 0 4
8347 1 0 0 0 0 3
8348 0 0 0 0 0 4
8348 0 0 0 1 0 3
8348 1 0 0 0 0 3
8349 0 0 0 0 0 4
8349 1 0 0 0 0 3
8350 0 0 0 0 0 4
8350 1 0 0 0 0 3
8351 0 0 0 0 0 4
8351 1 0 0 0 0 3
8352 0 0 0 0 0 4
8352 1 0 0 0 0 3
8683 0 4 0 0 0 0
8684 0 4 0 0 0 0
8685 0 4 0 0 0 0
8686 0 4 0 0 0 0
8687 0 4 0 0 0 0
8688 0 4 0 0 0 0
8689 0 4 0 0 0 0
8690 0 4 0 0 0 0
8691 0 4 0 0 0 0
8692 0 4 0 0 0 0
8693 0 4 0 0 0 0
8694 0 4 0 0 0 0
8695 0 4 0 0 0 0
8696 0 4 0 0 0 0
8697 0 4 0 0 0 0
8698 0 4 0 0 0 0
8699 0 4 0 0 0 0
8700 0 4 0 0 0 0
8701 0 4 0 0 0 0
8702 0 4 0 0 0 0
8703 0 4 0 0 0 0
8704 0 4 0 0 0 0
8705 0 4 0 0 0 0
8706 0 4 0 0 0 0
8707 0 4 0 0 0 0
8708 0 4 0 0 0 0
8867 4 0 0 0 0 0
8868 4 0 0 0 0 0
8869 4 0 0 0 0 0
8870 4 0 0 0 0 0
8871 4 0 0 0 0 0
8872 4 0 0 0 0 0
8873 4 0 0 0 0 0
8874 4 0 0 0 0 0
8875 4 0 0 0 0 0
8876 4 0 0 0 0 0
8877 4 0 0 0 0 0
8878 4 0 0 0 0 0
8879 4 0 0 0 0 0
8880 4 0 0 0 0 0
8881 4 0 0 0 0 0
8882 4 0 0 0 0 0
8883 4 0 0 0 0 0
8884 4 0 0 0 0 0
8885 4 0 0 0 0 0
8886 4 0 0 0 0 0
8887 4 0 0 0 0 0
8888 4 0 0 0 0 0
8889 4 0 0 0 0 0
8890 4 0 0 0 0 0
8891 4 0 0 0 0 0
8892 4 0 0 0 0 0
8893 4 0 0 0 0 0
9453 4 0 0 0 0 0
9454 4 0 0 0 0 0
9455 4 0 0 0 0 0
9456 4 0 0 0 0 0
9457 4 0 0 0 0 0
9458 4 0 0 0 0 0
9459 4 0 0 0 0 0
9460 4 0 0 0 0 0
9461 4 0 0 0 0 0
9462 4 0 0 0 0 0
9463 4 0 0 0 0 0
9464 4 0 0 0 0 0
9465 4 0 0 0 0 0
9466 4 0 0 0 0 0
9467 4 0 0 0 0 0
9468 4 0 0 0 0 0
9469 4 0 0 0 0 0
9470 4 0 0 0 0 0
9752 4 0 0 0 0 0
9753 4 0 0 0 0 0
9754 4 0 0 0 0 0
9755 4 0 0 0 0 0
9756 4 0 0 0 0 0
9757 4 0 0 0 0 0
9765 4 0 0 0 0 0
9766 4 0 0 0 0 0
9774 3 0 0 1 0 0
9775 3 0 0 1 0 0
9786 4 0 0 0 0 0
9787 4 0 0 0 0 0
9788 4 0 0 0 0 0
9789 4 0 0 0 0 0
9790 4 0 0 0 0 0
9791 4 0 0 0 0 0
9792 4 0 0 0 0 0
9793 4 0 0 0 0 0
9794 4 0 0 0 0 0
9795 4 0 0 0 0 0
9796 4 0 0 0 0 0
9797 4 0 0 0 0 0
10135 0 0 0 0 0 4
10161 0 0 0 0 0 4
10165 0 0 0 0 0 4
10166 0 0 0 0 0 4
10167 0 0 0 0 0 4
10185 0 2 2 0 0 0
10193 4 0 0 0 0 0
10194 4 0 0 0 0 0
10195 4 0 0 0 0 0
10196 4 0 0 0 0 0
10197 4 0 0 0 0 0
10198 4 0 0 0 0 0
10199 4 0 0 0 0 0
10200 4 0 0 0 0 0
10201 4 0 0 0 0 0
10202 4 0 0 0 0 0
10203 4 0 0 0 0 0
10204 4 0 0 0 0 0
10205 4 0 0 0 0 0
10206 4 0 0 0 0 0
10207 4 0 0 0 0 0
10302 0 0 0 1 3 0
10302 0 0 0 2 2 0
10311 0 4 0 0 0 0
10312 0 4 0 0 0 0
10313 0 4 0 0 0 0
10314 0 4 0 0 0 0
10315 0 4 0 0 0 0
10316 0 4 0 0 0 0
10439 0 4 0 0 0 0
10440 0 4 0 0 0 0
10441 0 4 0 0 0 0
10442 0 4 0 0 0 0
10443 0 4 0 0 0 0
10444 0 4 0 0 0 0
10445 0 4 0 0 0 0
10446 0 4 0 0 0 0
10447 0 4 0 0 0 0
10448 0 4 0 0 0 0
10449 0 4 0 0 0 0
10449 1 1 1 1 0 0
10450 0 4 0 0 0 0
10450 1 1 1 1 0 0
10583 0 4 0 0 0 0
10584 0 4 0 0 0 0
10585 0 4 0 0 0 0
10586 0 0 4 0 0 0
10586 0 4 0 0 0 0
10587 0 0 4 0 0 0
10587 0 4 0 0 0 0
10588 0 0 4 0 0 0
10588 0 4 0 0 0 0
10589 0 0 4 0 0 0
10590 0 0 4 0 0 0
10591 0 0 4 0 0 0
10593 4 0 0 0 0 0
10594 4 0 0 0 0 0
10595 4 0 0 0 0 0
10596 4 0 0 0 0 0
10597 4 0 0 0 0 0
10598 4 0 0 0 0 0
10599 4 0 0 0 0 0
10600 4 0 0 0 0 0
10601 4 0 0 0 0 0
10602 4 0 0 0 0 0
10603 4 0 0 0 0 0
10604 4 0 0 0 0 0
10605 0 4 0 0 0 0
10605 1 3 0 0 0 0
10605 2 2 0 0 0 0
10605 3 1 0 0 0 0
10605 4 0 0 0 0 0
10606 0 4 0 0 0 0
10606 1 3 0 0 0 0
10606 2 2 0 0 0 0
10606 3 1 0 0 0 0
10606 4 0 0 0 0 0
10607 0 4 0 0 0 0
10607 1 3 0 0 0 0
10607 2 2 0 0 0 0
10607 3 1 0 0 0 0
10607 4 0 0 0 0 0
10608 0 4 0 0 0 0
10608 1 3 0 0 0 0
10608 2 2 0 0 0 0
10608 3 1 0 0 0 0
10608 4 0 0 0 0 0
10609 0 4 0 0 0 0
10609 1 3 0 0 0 0
10609 2 2 0 0 0 0
10609 3 1 0 0 0 0
10609 4 0 0 0 0 0
10610 0 4 0 0 0 0
10610 1 3 0 0 0 0
10610 2 2 0 0 0 0
10610 3 1 0 0 0 0
10610 4 0 0 0 0 0
10611 0 4 0 0 0 0
10611 1 3 0 0 0 0
10611 2 2 0 0 0 0
10611 3 1 0 0 0 0
10611 4 0 0 0 0 0
10612 0 4 0 0 0 0
10612 1 3 0 0 0 0
10612 2 2 0 0 0 0
10612 3 1 0 0 0 0
10612 4 0 0 0 0 0
10613 4 0 0 0 0 0
10614 4 0 0 0 0 0
10615 4 0 0 0 0 0
10616 4 0 0 0 0 0
10617 4 0 0 0 0 0
10618 4 0 0 0 0 0
10619 4 0 0 0 0 0
10620 4 0 0 0 0 0
10621 4 0 0 0 0 0
10622 4 0 0 0 0 0
10623 4 0 0 0 0 0
10624 4 0 0 0 0 0
10625 4 0 0 0 0 0
10626 4 0 0 0 0 0
10627 4 0 0 0 0 0
10628 4 0 0 0 0 0
10629 4 0 0 0 0 0
10630 4 0 0 0 0 0
10631 4 0 0 0 0 0
10632 4 0 0 0 0 0
10643 0 4 0 0 0 0
10643 4 0 0 0 0 0
10644 0 4 0 0 0 0
10644 4 0 0 0 0 0
10645 0 4 0 0 0 0
10645 4 0 0 0 0 0
10646 0 4 0 0 0 0
10646 4 0 0 0 0 0
10647 0 4 0 0 0 0
10647 4 0 0 0 0 0
10648 0 4 0 0 0 0
10648 4 0 0 0 0 0
10649 0 4 0 0 0 0
10649 4 0 0 0 0 0
10650 0 4 0 0 0 0
10650 4 0 0 0 0 0
10651 0 4 0 0 0 0
10651 4 0 0 0 0 0
10652 0 4 0 0 0 0
10652 4 0 0 0 0 0
10653 0 4 0 0 0 0
10653 4 0 0 0 0 0
10654 0 4 0 0 0 0
10654 4 0 0 0 0 0
10655 4 0 0 0 0 0
10656 4 0 0 0 0 0
10657 4 0 0 0 0 0
10658 4 0 0 0 0 0
10659 4 0 0 0 0 0
10660 4 0 0 0 0 0
10661 4 0 0 0 0 0
10662 4 0 0 0 0 0
10669 0 4 0 0 0 0
10670 0 4 0 0 0 0
10671 0 4 0 0 0 0
10672 0 4 0 0 0 0
10673 0 4 0 0 0 0
10674 0 4 0 0 0 0
10675 0 0 4 0 0 0
10675 0 1 3 0 0 0
10675 0 2 2 0 0 0
10675 0 3 1 0 0 0
10675 0 4 0 0 0 0
10676 0 0 4 0 0 0
10676 0 1 3 0 0 0
10676 0 2 2 0 0 0
10676 0 3 1 0 0 0
10676 0 4 0 0 0 0
10677 0 0 4 0 0 0
10677 0 1 3 0 0 0
10677 0 2 2 0 0 0
10677 0 3 1 0 0 0
10677 0 4 0 0 0 0
10678 0 0 4 0 0 0
10678 0 1 3 0 0 0
10678 0 2 2 0 0 0
10678 0 3 1 0 0 0
10678 0 4 0 0 0 0
10679 0 0 4 0 0 0
10679 0 1 3 0 0 0
10679 0 2 2 0 0 0
10679 0 3 1 0 0 0
10679 0 4 0 0 0 0
10680 0 0 4 0 0 0
10680 0 1 3 0 0 0
10680 0 2 2 0 0 0
10680 0 3 1 0 0 0
10680 0 4 0 0 0 0
10684 0 0 4 0 0 0
10685 0 0 4 0 0 0
10686 0 0 4 0 0 0
10687 0 0 4 0 0 0
10688 0 0 4 0 0 0
10689 0 0 4 0 0 0
10903 3 0 0 1 0 0
10904 3 0 0 1 0 0
10906 3 0 0 1 0 0
10907 3 0 0 1 0 0
10911 3 0 0 1 0 0
10912 3 0 0 1 0 0
10914 3 0 0 1 0 0
10915 3 0 0 1 0 0
10919 3 0 0 1 0 0
10920 3 0 0 1 0 0
10922 3 0 0 1 0 0
10923 3 0 0 1 0 0
10933 2 0 2 0 0 0
10933 3 0 1 0 0 0
10934 2 0 2 0 0 0
10934 3 0 1 0 0 0
10935 2 0 2 0 0 0
10935 3 0 1 0 0 0
10937 2 0 2 0 0 0
10937 3 0 1 0 0 0
10938 2 0 2 0 0 0
10938 3 0 1 0 0 0
10939 2 0 2 0 0 0
10939 3 0 1 0 0 0
10953 0 4 0 0 0 0
10954 0 4 0 0 0 0
10955 0 4 0 0 0 0
10956 0 4 0 0 0 0
10957 0 4 0 0 0 0
10958 0 4 0 0 0 0
10959 0 4 0 0 0 0
10960 0 4 0 0 0 0
10961 0 4 0 0 0 0
10962 0 4 0 0 0 0
10963 0 4 0 0 0 0
10964 0 4 0 0 0 0
10965 0 4 0 0 0 0
10966 0 4 0 0 0 0
10967 0 4 0 0 0 0
10968 0 4 0 0 0 0
10969 0 4 0 0 0 0
10970 0 4 0 0 0 0
10971 0 4 0 0 0 0
10972 0 4 0 0 0 0
10973 0 4 0 0 0 0
10974 0 4 0 0 0 0
10975 0 4 0 0 0 0
10976 0 4 0 0 0 0
11236 0 0 0 0 2 2
11238 0 0 0 0 2 2
11242 0 0 0 0 2 2
11244 0 0 0 0 2 2
11248 0 0 0 0 2 2
11250 0 0 0 0 2 2
11260 0 0 0 0 2 2
11262 0 0 0 0 2 2
11266 0 0 0 0 2 2
11268 0 0 0 0 2 2
11272 0 0 0 0 2 2
11274 0 0 0 0 2 2
11284 0 0 0 0 2 2
11286 0 0 0 0 2 2
11290 0 0 0 0 2 2
11292 0 0 0 0 2 2
11296 0 0 0 0 2 2
11298 0 0 0 0 2 2
11308 0 0 0 0 2 2
11310 0 0 0 0 2 2
11314 0 0 0 0 2 2
11316 0 0 0 0 2 2
11320 0 0 0 0 2 2
11322 0 0 0 0 2 2
11323 0 0 0 0 0 4
11323 0 0 0 0 1 3
11323 0 0 0 0 4 0
11324 0 0 0 0 0 4
11324 0 0 0 0 1 3
11324 0 0 0 0 4 0
11325 0 0 0 0 0 4
11325 0 0 0 0 1 3
11325 0 0 0 0 4 0
11326 0 0 0 0 0 4
11326 0 0 0 0 1 3
11326 0 0 0 0 4 0
11327 0 0 0 0 0 4
11327 0 0 0 0 1 3
11327 0 0 0 0 4 0
11328 0 0 0 0 0 4
11328 0 0 0 0 1 3
11328 0 0 0 0 4 0
11329 0 0 0 0 0 4
11329 0 0 0 0 1 3
11329 0 0 0 0 4 0
11330 0 0 0 0 0 4
11330 0 0 0 0 1 3
11330 0 0 0 0 4 0
11331 0 0 0 0 0 4
11331 0 0 0 0 1 3
11331 0 0 0 0 4 0
11332 0 0 0 0 0 4
11332 0 0 0 0 1 3
11332 0 0 0 0 4 0
11333 0 0 0 0 0 4
11333 0 0 0 0 1 3
11333 0 0 0 0 4 0
11334 0 0 0 0 0 4
11334 0 0 0 0 1 3
11334 0 0 0 0 4 0
11335 0 0 0 0 0 4
11335 0 0 0 0 1 3
11335 0 0 0 0 4 0
11336 0 0 0 0 0 4
11336 0 0 0 0 1 3
11336 0 0 0 0 4 0
11337 0 0 0 0 0 4
11337 0 0 0 0 1 3
11337 0 0 0 0 4 0
11338 0 0 0 0 0 4
11338 0 0 0 0 1 3
11338 0 0 0 0 4 0
11339 0 0 0 0 0 4
11339 0 0 0 0 1 3
11339 0 0 0 0 4 0
11340 0 0 0 0 0 4
11340 0 0 0 0 1 3
11340 0 0 0 0 4 0
11341 0 0 0 0 0 4
11341 0 0 0 0 1 3
11341 0 0 0 0 4 0
11342 0 0 0 0 0 4
11342 0 0 0 0 1 3
11342 0 0 0 0 4 0
11343 0 0 0 0 0 4
11343 0 0 0 0 1 3
11343 0 0 0 0 4 0
11344 0 0 0 0 0 4
11344 0 0 0 0 1 3
11344 0 0 0 0 4 0
11345 0 0 0 0 0 4
11345 0 0 0 0 1 3
11345 0 0 0 0 4 0
11346 0 0 0 0 0 4
11346 0 0 0 0 1 3
11346 0 0 0 0 4 0
11347 0 0 0 1 0 3
11348 0 0 0 1 0 3
11349 0 0 0 1 0 3
11350 0 0 0 1 0 3
11351 0 0 0 1 0 3
11352 0 0 0 1 0 3
11357 4 0 0 0 0 0
11358 4 0 0 0 0 0
11359 4 0 0 0 0 0
11360 4 0 0 0 0 0
11361 4 0 0 0 0 0
11362 4 0 0 0 0 0
11363 0 1 0 0 0 3
11363 0 2 0 0 0 2
11363 0 4 0 0 0 0
11364 0 1 0 0 0 3
11364 0 2 0 0 0 2
11364 0 4 0 0 0 0
11365 0 1 0 0 0 3
11365 0 2 0 0 0 2
11365 0 4 0 0 0 0
11366 0 1 0 0 0 3
11366 0 2 0 0 0 2
11366 0 4 0 0 0 0
11367 0 1 0 0 0 3
11367 0 2 0 0 0 2
11367 0 4 0 0 0 0
11368 0 1 0 0 0 3
11368 0 2 0 0 0 2
11368 0 4 0 0 0 0
11369 0 1 0 0 0 3
11369 0 2 0 0 0 2
11369 0 4 0 0 0 0
11370 0 1 0 0 0 3
11370 0 2 0 0 0 2
11370 0 4 0 0 0 0
11371 0 1 0 0 0 3
11371 0 2 0 0 0 2
11371 0 4 0 0 0 0
11372 0 1 0 0 0 3
11372 0 2 0 0 0 2
11372 0 4 0 0 0 0
11373 0 1 0 0 0 3
11373 0 2 0 0 0 2
11373 0 4 0 0 0 0
11374 0 1 0 0 0 3
11374 0 2 0 0 0 2
11374 0 4 0 0 0 0
11375 0 1 0 0 0 3
11375 0 2 0 0 0 2
11375 0 4 0 0 0 0
11376 0 1 0 0 0 3
11376 0 2 0 0 0 2
11376 0 4 0 0 0 0
11377 0 1 0 0 0 3
11377 0 2 0 0 0 2
11377 0 4 0 0 0 0
11378 0 1 0 0 0 3
11378 0 2 0 0 0 2
11378 0 4 0 0 0 0
11379 0 1 0 0 0 3
11379 0 2 0 0 0 2
11379 0 4 0 0 0 0
11380 0 1 0 0 0 3
11380 0 2 0 0 0 2
11380 0 4 0 0 0 0
11381 0 1 0 0 0 3
11381 0 2 0 0 0 2
11381 0 4 0 0 0 0
11382 0 1 0 0 0 3
11382 0 2 0 0 0 2
11382 0 4 0 0 0 0
11383 0 1 0 0 0 3
11383 0 2 0 0 0 2
11383 0 4 0 0 0 0
11384 0 1 0 0 0 3
11384 0 2 0 0 0 2
11384 0 4 0 0 0 0
11385 0 1 0 0 0 3
11385 0 2 0 0 0 2
11385 0 4 0 0 0 0
11386 0 1 0 0 0 3
11386 0 2 0 0 0 2
11386 0 4 0 0 0 0
11396 0 0 0 4 0 0
11397 0 0 0 4 0 0
11399 0 0 0 4 0 0
11400 0 0 0 4 0 0
11404 0 0 0 4 0 0
11405 0 0 0 4 0 0
11407 0 0 0 4 0 0
11408 0 0 0 4 0 0
11412 0 0 0 4 0 0
11413 0 0 0 4 0 0
11415 0 0 0 4 0 0
11416 0 0 0 4 0 0
11420 0 0 4 0 0 0
11421 0 0 0 0 4 0
11421 0 0 1 0 3 0
11421 0 0 2 0 2 0
11421 0 0 3 0 1 0
11421 0 0 4 0 0 0
11422 0 0 4 0 0 0
11424 0 0 4 0 0 0
11425 0 0 0 0 4 0
11425 0 0 1 0 3 0
11425 0 0 2 0 2 0
11425 0 0 3 0 1 0
11425 0 0 4 0 0 0
11426 0 0 4 0 0 0
11432 0 0 0 0 4 0
11434 0 0 0 0 4 0
11446 0 0 0 0 4 0
11446 0 1 0 0 3 0
11448 0 0 0 0 4 0
11448 0 1 0 0 3 0
11452 0 0 0 0 4 0
11452 0 1 0 0 3 0
11454 0 0 0 0 4 0
11454 0 1 0 0 3 0
11458 0 0 0 0 4 0
11458 0 1 0 0 3 0
11460 0 0 0 0 4 0
11460 0 1 0 0 3 0
11489 0 0 4 0 0 0
11490 0 0 4 0 0 0
11491 0 0 4 0 0 0
11492 0 0 4 0 0 0
11493 0 0 4 0 0 0
11494 0 0 4 0 0 0
11501 0 0 4 0 0 0
11502 0 0 4 0 0 0
11503 0 0 4 0 0 0
11504 0 0 4 0 0 0
11505 0 0 4 0 0 0
11506 0 0 4 0 0 0
11515 0 4 0 0 0 0
11516 0 4 0 0 0 0
11517 0 4 0 0 0 0
11518 0 4 0 0 0 0
11519 0 0 0 3 0 1
11519 0 4 0 0 0 0
11520 0 0 0 3 0 1
11520 0 4 0 0 0 0
11521 0 4 0 0 0 0
11522 0 4 0 0 0 0
11523 0 4 0 0 0 0
11524 0 4 0 0 0 0
11525 0 4 0 0 0 0
11526 0 4 0 0 0 0
11543 1 0 0 3 0 0
11544 1 0 0 3 0 0
11549 1 0 0 3 0 0
11550 1 0 0 3 0 0
11603 0 4 0 0 0 0
11604 0 4 0 0 0 0
11605 0 4 0 0 0 0
11606 0 4 0 0 0 0
11607 0 4 0 0 0 0
11608 0 4 0 0 0 0
11609 0 4 0 0 0 0
11610 0 4 0 0 0 0
11611 0 4 0 0 0 0
11612 0 4 0 0 0 0
11613 0 4 0 0 0 0
11614 0 4 0 0 0 0
11615 0 4 0 0 0 0
11616 0 4 0 0 0 0
11617 0 4 0 0 0 0
11618 0 4 0 0 0 0
11619 0 4 0 0 0 0
11620 0 4 0 0 0 0
11621 0 4 0 0 0 0
11622 0 4 0 0 0 0
11623 0 4 0 0 0 0
11624 0 4 0 0 0 0
11625 0 4 0 0 0 0
11626 0 4 0 0 0 0
11645 0 0 2 0 0 2
11645 0 0 2 0 1 1
11645 0 0 2 1 0 1
11645 0 0 3 0 0 1
11646 0 0 2 0 0 2
11646 0 0 2 0 1 1
11646 0 0 2 1 0 1
11646 0 0 3 0 0 1
11647 0 0 2 0 0 2
11647 0 0 2 0 1 1
11647 0 0 2 1 0 1
11647 0 0 3 0 0 1
11648 0 0 2 0 0 2
11648 0 0 2 0 1 1
11648 0 0 2 1 0 1
11648 0 0 3 0 0 1
11649 0 0 2 0 0 2
11649 0 0 2 0 1 1
11649 0 0 2 1 0 1
11649 0 0 3 0 0 1
11650 0 0 2 0 0 2
11650 0 0 2 0 1 1
11650 0 0 2 1 0 1
11650 0 0 3 0 0 1
11687 0 0 0 0 4 0
11687 0 0 0 4 0 0
11687 4 0 0 0 0 0
11688 0 0 0 0 4 0
11688 0 0 0 4 0 0
11688 4 0 0 0 0 0
11689 0 0 0 0 4 0
11689 0 0 0 4 0 0
11689 4 0 0 0 0 0
11690 0 0 0 0 4 0
11690 0 0 0 4 0 0
11690 4 0 0 0 0 0
11691 0 0 0 0 4 0
11691 0 0 0 4 0 0
11691 4 0 0 0 0 0
11692 0 0 0 0 4 0
11692 0 0 0 4 0 0
11692 4 0 0 0 0 0
11693 0 0 0 0 4 0
11693 0 0 0 4 0 0
11693 4 0 0 0 0 0
11694 0 0 0 0 4 0
11694 0 0 0 4 0 0
11694 4 0 0 0 0 0
11695 0 0 0 0 4 0
11695 0 0 0 4 0 0
11695 4 0 0 0 0 0
11696 0 0 0 0 4 0
11696 0 0 0 4 0 0
11696 4 0 0 0 0 0
11697 0 0 0 0 4 0
11697 0 0 0 4 0 0
11697 4 0 0 0 0 0
11698 0 0 0 0 4 0
11698 0 0 0 4 0 0
11698 4 0 0 0 0 0
11699 0 0 0 0 4 0
11699 0 0 0 4 0 0
11699 4 0 0 0 0 0
11700 0 0 0 0 4 0
11700 0 0 0 4 0 0
11700 4 0 0 0 0 0
11701 0 0 0 0 4 0
11701 0 0 0 4 0 0
11701 4 0 0 0 0 0
11702 0 0 0 0 4 0
11702 0 0 0 4 0 0
11702 4 0 0 0 0 0
11703 0 0 0 0 4 0
11703 0 0 0 4 0 0
11703 4 0 0 0 0 0
11704 0 0 0 0 4 0
11704 0 0 0 4 0 0
11704 4 0 0 0 0 0
11705 0 0 0 0 4 0
11705 0 0 0 4 0 0
11705 4 0 0 0 0 0
11706 0 0 0 0 4 0
11706 0 0 0 4 0 0
11706 4 0 0 0 0 0
11707 0 0 0 0 4 0
11707 0 0 0 4 0 0
11707 4 0 0 0 0 0
11708 0 0 0 0 4 0
11708 0 0 0 4 0 0
11708 4 0 0 0 0 0
11709 0 0 0 0 4 0
11709 0 0 0 4 0 0
11709 4 0 0 0 0 0
11710 0 0 0 0 4 0
11710 0 0 0 4 0 0
11710 4 0 0 0 0 0
11711 0 0 0 0 4 0
11711 0 0 0 4 0 0
11711 4 0 0 0 0 0
11712 0 0 0 0 4 0
11712 0 0 0 4 0 0
11712 4 0 0 0 0 0
11713 0 0 0 0 4 0
11713 0 0 0 4 0 0
11713 4 0 0 0 0 0
11714 0 0 0 0 4 0
11714 0 0 0 4 0 0
11714 4 0 0 0 0 0
11715 0 0 0 0 4 0
11715 0 0 0 4 0 0
11715 4 0 0 0 0 0
11716 0 0 0 0 4 0
11716 0 0 0 4 0 0
11716 4 0 0 0 0 0
11717 0 0 0 0 4 0
11717 0 0 0 4 0 0
11717 4 0 0 0 0 0
11718 0 0 0 0 4 0
11718 0 0 0 4 0 0
11718 4 0 0 0 0 0
11719 0 0 0 0 4 0
11719 4 0 0 0 0 0
11720 4 0 0 0 0 0
11721 0 0 0 0 4 0
11721 4 0 0 0 0 0
11722 4 0 0 0 0 0
11723 0 0 0 0 4 0
11723 0 0 0 4 0 0
11723 4 0 0 0 0 0
11724 0 0 0 0 4 0
11724 0 0 0 4 0 0
11724 4 0 0 0 0 0
11725 0 0 0 0 4 0
11725 4 0 0 0 0 0
11726 4 0 0 0 0 0
11727 0 0 0 0 4 0
11727 4 0 0 0 0 0
11728 4 0 0 0 0 0
11729 0 0 0 0 4 0
11729 0 0 0 4 0 0
11729 4 0 0 0 0 0
11730 0 0 0 0 4 0
11730 0 0 0 4 0 0
11730 4 0 0 0 0 0
11731 0 0 0 0 4 0
11731 4 0 0 0 0 0
11732 4 0 0 0 0 0
11733 0 0 0 0 4 0
11733 4 0 0 0 0 0
11734 4 0 0 0 0 0
11735 0 0 0 0 4 0
11735 0 0 0 4 0 0
11735 4 0 0 0 0 0
11736 0 0 0 0 4 0
11736 0 0 0 4 0 0
11736 4 0 0 0 0 0
11737 0 0 0 0 4 0
11737 0 0 0 4 0 0
11737 4 0 0 0 0 0
11738 0 0 0 0 4 0
11738 0 0 0 4 0 0
11738 4 0 0 0 0 0
11739 0 0 0 0 4 0
11739 0 0 0 4 0 0
11739 4 0 0 0 0 0
11740 0 0 0 0 4 0
11740 0 0 0 4 0 0
11740 4 0 0 0 0 0
11741 0 0 0 0 4 0
11741 0 0 0 4 0 0
11741 4 0 0 0 0 0
11742 0 0 0 0 4 0
11742 0 0 0 4 0 0
11742 4 0 0 0 0 0
11743 0 0 0 0 4 0
11743 4 0 0 0 0 0
11744 4 0 0 0 0 0
11745 0 0 0 0 4 0
11745 4 0 0 0 0 0
11746 4 0 0 0 0 0
11747 0 0 0 0 4 0
11747 0 0 0 4 0 0
11747 4 0 0 0 0 0
11748 0 0 0 0 4 0
11748 0 0 0 4 0 0
11748 4 0 0 0 0 0
11749 0 0 0 0 4 0
11749 4 0 0 0 0 0
11750 4 0 0 0 0 0
11751 0 0 0 0 4 0
11751 4 0 0 0 0 0
11752 4 0 0 0 0 0
11753 0 0 0 0 4 0
11753 0 0 0 4 0 0
11753 4 0 0 0 0 0
11754 0 0 0 0 4 0
11754 0 0 0 4 0 0
11754 4 0 0 0 0 0
11755 0 0 0 0 4 0
11755 4 0 0 0 0 0
11756 4 0 0 0 0 0
11757 0 0 0 0 4 0
11757 4 0 0 0 0 0
11758 4 0 0 0 0 0
11759 0 0 0 0 4 0
11759 0 0 0 4 0 0
11759 4 0 0 0 0 0
11760 0 0 0 0 4 0
11760 0 0 0 4 0 0
11760 4 0 0 0 0 0
11761 0 0 0 0 4 0
11761 0 0 0 4 0 0
11761 4 0 0 0 0 0
11762 0 0 0 0 4 0
11762 0 0 0 4 0 0
11762 4 0 0 0 0 0
11763 0 0 0 0 4 0
11763 0 0 0 4 0 0
11763 4 0 0 0 0 0
11764 0 0 0 0 4 0
11764 0 0 0 4 0 0
11764 4 0 0 0 0 0
11765 0 0 0 0 4 0
11765 0 0 0 4 0 0
11765 4 0 0 0 0 0
11766 0 0 0 0 4 0
11766 0 0 0 4 0 0
11766 4 0 0 0 0 0
11767 0 0 0 0 4 0
11767 4 0 0 0 0 0
11768 4 0 0 0 0 0
11769 0 0 0 0 4 0
11769 4 0 0 0 0 0
11770 4 0 0 0 0 0
11771 0 0 0 0 4 0
11771 0 0 0 4 0 0
11771 4 0 0 0 0 0
11772 0 0 0 0 4 0
11772 0 0 0 4 0 0
11772 4 0 0 0 0 0
11773 0 0 0 0 4 0
11773 4 0 0 0 0 0
11774 4 0 0 0 0 0
11775 0 0 0 0 4 0
11775 4 0 0 0 0 0
11776 4 0 0 0 0 0
11777 0 0 0 0 4 0
11777 0 0 0 4 0 0
11777 4 0 0 0 0 0
11778 0 0 0 0 4 0
11778 0 0 0 4 0 0
11778 4 0 0 0 0 0
11779 0 0 0 0 4 0
11779 4 0 0 0 0 0
11780 4 0 0 0 0 0
11781 0 0 0 0 4 0
11781 4 0 0 0 0 0
11782 4 0 0 0 0 0
11783 0 0 0 0 4 0
11783 0 0 0 4 0 0
11783 4 0 0 0 0 0
11784 0 0 0 0 4 0
11784 0 0 0 4 0 0
11784 4 0 0 0 0 0
11785 0 0 0 0 4 0
11785 0 0 0 4 0 0
11785 4 0 0 0 0 0
11786 0 0 0 0 4 0
11786 0 0 0 4 0 0
11786 4 0 0 0 0 0
11787 0 0 0 0 4 0
11787 0 0 0 4 0 0
11787 4 0 0 0 0 0
11788 0 0 0 0 4 0
11788 0 0 0 4 0 0
11788 4 0 0 0 0 0
11789 0 0 0 0 4 0
11789 0 0 0 4 0 0
11789 4 0 0 0 0 0
11790 0 0 0 0 4 0
11790 0 0 0 4 0 0
11790 4 0 0 0 0 0
11791 0 0 0 0 4 0
11791 4 0 0 0 0 0
11792 4 0 0 0 0 0
11793 0 0 0 0 4 0
11793 4 0 0 0 0 0
11794 4 0 0 0 0 0
11795 0 0 0 0 4 0
11795 0 0 0 4 0 0
11795 4 0 0 0 0 0
11796 0 0 0 0 4 0
11796 0 0 0 4 0 0
11796 4 0 0 0 0 0
11797 0 0 0 0 4 0
11797 4 0 0 0 0 0
11798 4 0 0 0 0 0
11799 0 0 0 0 4 0
11799 4 0 0 0 0 0
11800 4 0 0 0 0 0
11801 0 0 0 0 4 0
11801 0 0 0 4 0 0
11801 4 0 0 0 0 0
11802 0 0 0 0 4 0
11802 0 0 0 4 0 0
11802 4 0 0 0 0 0
11803 0 0 0 0 4 0
11803 4 0 0 0 0 0
11804 4 0 0 0 0 0
11805 0 0 0 0 4 0
11805 4 0 0 0 0 0
11806 4 0 0 0 0 0
11811 0 0 4 0 0 0
11841 3 1 0 0 0 0
11841 4 0 0 0 0 0
11842 3 1 0 0 0 0
11842 4 0 0 0 0 0
11843 3 1 0 0 0 0
11843 4 0 0 0 0 0
11844 3 1 0 0 0 0
11844 4 0 0 0 0 0
11845 3 1 0 0 0 0
11845 4 0 0 0 0 0
11846 3 1 0 0 0 0
11846 4 0 0 0 0 0
11847 3 1 0 0 0 0
11847 4 0 0 0 0 0
11848 3 1 0 0 0 0
11848 4 0 0 0 0 0
11849 4 0 0 0 0 0
11850 4 0 0 0 0 0
11851 4 0 0 0 0 0
11852 4 0 0 0 0 0
11853 4 0 0 0 0 0
11854 4 0 0 0 0 0
11855 4 0 0 0 0 0
11856 4 0 0 0 0 0
11857 4 0 0 0 0 0
11858 4 0 0 0 0 0
11859 4 0 0 0 0 0
11860 4 0 0 0 0 0
11861 4 0 0 0 0 0
11862 4 0 0 0 0 0
11863 4 0 0 0 0 0
11864 4 0 0 0 0 0
11865 4 0 0 0 0 0
11866 4 0 0 0 0 0
11867 4 0 0 0 0 0
11868 4 0 0 0 0 0
11869 4 0 0 0 0 0
11870 4 0 0 0 0 0
11871 4 0 0 0 0 0
11872 4 0 0 0 0 0
11873 4 0 0 0 0 0
11874 4 0 0 0 0 0
11875 4 0 0 0 0 0
11876 4 0 0 0 0 0
11877 4 0 0 0 0 0
11878 4 0 0 0 0 0
11879 4 0 0 0 0 0
11880 4 0 0 0 0 0
11881 4 0 0 0 0 0
11882 4 0 0 0 0 0
11883 4 0 0 0 0 0
11884 4 0 0 0 0 0
11885 4 0 0 0 0 0
11886 4 0 0 0 0 0
11887 4 0 0 0 0 0
11888 4 0 0 0 0 0
11889 4 0 0 0 0 0
11890 4 0 0 0 0 0
11891 4 0 0 0 0 0
11921 0 3 1 0 0 0
11921 2 2 0 0 0 0
11922 2 2 0 0 0 0
11923 2 2 0 0 0 0
11924 4 0 0 0 0 0
11925 4 0 0 0 0 0
11926 4 0 0 0 0 0
11927 4 0 0 0 0 0
11928 4 0 0 0 0 0
11929 4 0 0 0 0 0
11930 4 0 0 0 0 0
11931 4 0 0 0 0 0
11932 4 0 0 0 0 0
11933 4 0 0 0 0 0
11934 4 0 0 0 0 0
11935 4 0 0 0 0 0
11936 4 0 0 0 0 0
11937 4 0 0 0 0 0
11938 4 0 0 0 0 0
11939 4 0 0 0 0 0
11940 4 0 0 0 0 0
11941 4 0 0 0 0 0
11942 4 0 0 0 0 0
11943 4 0 0 0 0 0
11944 4 0 0 0 0 0
11945 4 0 0 0 0 0
11946 4 0 0 0 0 0
11947 4 0 0 0 0 0
11948 4 0 0 0 0 0
11949 4 0 0 0 0 0
11950 4 0 0 0 0 0
11951 4 0 0 0 0 0
11952 4 0 0 0 0 0
11953 4 0 0 0 0 0
11954 4 0 0 0 0 0
11955 4 0 0 0 0 0
11956 4 0 0 0 0 0
11957 4 0 0 0 0 0
11958 4 0 0 0 0 0
11959 4 0 0 0 0 0
11960 4 0 0 0 0 0
11977 0 0 0 0 4 0
11978 0 0 0 0 4 0
11979 0 0 0 0 4 0
11980 0 0 0 4 0 0
11984 0 1 1 2 0 0
11984 0 1 2 1 0 0
11984 0 2 1 1 0 0
11988 0 0 0 0 4 0
11989 0 0 0 0 4 0
11990 0 0 0 0 4 0
12000 0 4 0 0 0 0
12001 0 4 0 0 0 0
12002 0 4 0 0 0 0
12003 0 4 0 0 0 0
12004 0 4 0 0 0 0
12005 0 4 0 0 0 0
12006 0 4 0 0 0 0
12007 0 4 0 0 0 0
12008 0 4 0 0 0 0
12009 0 4 0 0 0 0
12010 0 4 0 0 0 0
12011 0 4 0 0 0 0
12012 0 4 0 0 0 0
12013 0 4 0 0 0 0
12014 0 4 0 0 0 0
12015 0 4 0 0 0 0
12092 4 0 0 0 0 0
12093 4 0 0 0 0 0
12094 4 0 0 0 0 0
12095 4 0 0 0 0 0
12096 4 0 0 0 0 0
12097 4 0 0 0 0 0
12098 4 0 0 0 0 0
12099 4 0 0 0 0 0
12100 0 0 4 0 0 0
12100 4 0 0 0 0 0
12101 0 4 0 0 0 0
12101 4 0 0 0 0 0
12106 0 4 0 0 0 0
12124 0 4 0 0 0 0
12125 0 4 0 0 0 0
12126 0 4 0 0 0 0
12127 0 4 0 0 0 0
12138 2 0 2 0 0 0
12139 2 0 2 0 0 0
12140 2 0 2 0 0 0
12143 2 2 0 0 0 0
12144 2 2 0 0 0 0
12145 0 1 3 0 0 0
12145 1 0 3 0 0 0
12145 1 1 2 0 0 0
12145 2 2 0 0 0 0
12146 0 1 3 0 0 0
12146 1 0 3 0 0 0
12146 1 1 2 0 0 0
12146 2 2 0 0 0 0
12154 0 1 1 0 2 0
12154 0 1 2 0 1 0
12154 0 2 1 0 1 0
12157 0 1 1 2 0 0
12157 0 1 2 1 0 0
12157 0 2 1 1 0 0
12162 0 0 1 1 0 2
12162 0 0 1 2 0 1
12162 0 0 2 1 0 1
12183 0 0 1 1 2 0
12183 0 0 1 2 1 0
12183 0 0 2 1 1 0
12190 0 1 1 0 2 0
12190 0 1 2 0 1 0
12190 0 2 1 0 1 0
12195 0 4 0 0 0 0
12196 0 4 0 0 0 0
12197 0 4 0 0 0 0
12198 0 4 0 0 0 0
12199 0 4 0 0 0 0
12200 0 4 0 0 0 0
12201 0 4 0 0 0 0
12202 0 4 0 0 0 0
12242 0 0 4 0 0 0
12242 0 4 0 0 0 0
12243 0 0 4 0 0 0
12243 0 4 0 0 0 0
12244 0 4 0 0 0 0
12245 0 4 0 0 0 0
12246 0 4 0 0 0 0
12247 0 4 0 0 0 0
12248 0 4 0 0 0 0
12249 0 0 4 0 0 0
12249 0 4 0 0 0 0
12250 0 0 4 0 0 0
12255 0 0 4 0 0 0
12266 0 0 4 0 0 0
12273 0 4 0 0 0 0
12274 0 4 0 0 0 0
12275 0 4 0 0 0 0
12276 0 4 0 0 0 0
12288 0 0 0 0 0 4
12288 0 0 0 4 0 0
12289 0 0 0 0 0 4
12289 0 0 0 4 0 0
12290 0 0 0 0 4 0
12290 0 0 4 0 0 0
12291 0 0 0 0 0 4
12291 0 0 0 4 0 0
12292 0 0 0 0 4 0
12292 0 0 0 4 0 0
12293 0 0 0 0 4 0
12294 0 0 0 0 4 0
12294 0 0 4 0 0 0
12295 0 4 0 0 0 0
12301 0 2 0 2 0 0
12301 0 3 0 1 0 0
12311 0 1 0 3 0 0
12321 0 4 0 0 0 0
12321 4 0 0 0 0 0
12322 4 0 0 0 0 0
12323 4 0 0 0 0 0
12324 4 0 0 0 0 0
12325 4 0 0 0 0 0
12338 0 0 4 0 0 0
12339 0 0 4 0 0 0
12343 0 0 2 0 2 0
12417 4 0 0 0 0 0
12418 4 0 0 0 0 0
12419 4 0 0 0 0 0
12420 4 0 0 0 0 0
12421 4 0 0 0 0 0
12422 4 0 0 0 0 0
12423 4 0 0 0 0 0
12424 4 0 0 0 0 0
12425 4 0 0 0 0 0
12426 4 0 0 0 0 0
12427 4 0 0 0 0 0
12428 4 0 0 0 0 0
12429 4 0 0 0 0 0
12430 4 0 0 0 0 0
12431 4 0 0 0 0 0
12432 4 0 0 0 0 0
12433 4 0 0 0 0 0
12434 4 0 0 0 0 0
12435 4 0 0 0 0 0
12436 4 0 0 0 0 0
12437 4 0 0 0 0 0
12438 4 0 0 0 0 0
12439 4 0 0 0 0 0
12440 4 0 0 0 0 0
12441 4 0 0 0 0 0
12442 4 0 0 0 0 0
12443 4 0 0 0 0 0
12444 4 0 0 0 0 0
12445 4 0 0 0 0 0
12446 4 0 0 0 0 0
12447 4 0 0 0 0 0
12448 4 0 0 0 0 0
12449 4 0 0 0 0 0
12450 4 0 0 0 0 0
12451 4 0 0 0 0 0
12452 4 0 0 0 0 0
12453 4 0 0 0 0 0
12454 4 0 0 0 0 0
12455 4 0 0 0 0 0
12456 4 0 0 0 0 0
12457 4 0 0 0 0 0
12458 4 0 0 0 0 0
12459 4 0 0 0 0 0
12460 4 0 0 0 0 0
12461 4 0 0 0 0 0
12462 4 0 0 0 0 0
12463 4 0 0 0 0 0
12464 4 0 0 0 0 0
12465 4 0 0 0 0 0
12466 0 0 4 0 0 0
12466 0 1 3 0 0 0
12466 0 2 2 0 0 0
12466 0 3 1 0 0 0
12466 0 4 0 0 0 0
12466 4 0 0 0 0 0
12467 0 4 0 0 0 0
12467 4 0 0 0 0 0
12468 0 4 0 0 0 0
12468 4 0 0 0 0 0
12469 0 4 0 0 0 0
12469 4 0 0 0 0 0
12470 0 4 0 0 0 0
12470 4 0 0 0 0 0
12471 0 4 0 0 0 0
12471 4 0 0 0 0 0
12472 0 4 0 0 0 0
12472 4 0 0 0 0 0
12473 4 0 0 0 0 0
12474 4 0 0 0 0 0
12475 4 0 0 0 0 0
12476 4 0 0 0 0 0
12477 4 0 0 0 0 0
12478 4 0 0 0 0 0
12479 4 0 0 0 0 0
12480 4 0 0 0 0 0
12481 0 0 4 0 0 0
12481 0 4 0 0 0 0
12481 4 0 0 0 0 0
12482 0 4 0 0 0 0
12482 4 0 0 0 0 0
12483 4 0 0 0 0 0
12484 0 0 4 0 0 0
12484 0 4 0 0 0 0
12484 4 0 0 0 0 0
12496 4 0 0 0 0 0
12497 4 0 0 0 0 0
12498 4 0 0 0 0 0
12512 4 0 0 0 0 0
12517 1 0 0 3 0 0
12519 1 0 0 3 0 0
12520 1 0 0 3 0 0
12522 1 0 0 3 0 0
12523 1 0 0 3 0 0
12525 1 0 3 0 0 0
12526 1 0 3 0 0 0
12527 1 0 3 0 0 0
12530 1 0 3 0 0 0
12532 1 0 3 0 0 0
12533 1 0 3 0 0 0
12539 0 4 0 0 0 0
12540 0 4 0 0 0 0
12553 0 4 0 0 0 0
12559 4 0 0 0 0 0
12560 4 0 0 0 0 0
12561 4 0 0 0 0 0
12573 0 0 0 0 4 0
12574 0 0 0 0 4 0
12575 0 0 0 4 0 0
12576 0 0 0 4 0 0
12577 0 0 4 0 0 0
12578 0 0 0 4 0 0
12579 0 0 0 4 0 0
12580 0 0 0 4 0 0
12581 0 0 0 4 0 0
12582 0 0 4 0 0 0
12583 0 0 4 0 0 0
12584 0 0 4 0 0 0
12613 0 0 0 4 0 0
12613 0 1 0 3 0 0
12617 0 0 4 0 0 0
12617 0 1 3 0 0 0
12621 0 0 0 4 0 0
12621 0 4 0 0 0 0
12622 0 4 0 0 0 0
12623 0 4 0 0 0 0
12624 0 4 0 0 0 0
12625 0 0 4 0 0 0
12625 0 4 0 0 0 0
12625 2 1 0 0 1 0
12626 0 4 0 0 0 0
12626 2 1 0 0 1 0
12627 0 4 0 0 0 0
12627 2 1 0 1 0 0
12635 0 4 0 0 0 0
12636 0 4 0 0 0 0
12639 0 1 2 0 1 0
12639 0 2 1 0 1 0
12646 0 0 2 0 2 0
12646 0 0 3 0 1 0
12646 1 0 1 0 2 0
12648 0 3 1 0 0 0
12648 2 0 1 0 1 0
12648 2 0 2 0 0 0
12649 0 3 1 0 0 0
12649 2 0 2 0 0 0
12650 0 0 1 0 3 0
12650 0 2 0 1 1 0
12650 0 2 0 2 0 0
12650 0 3 0 1 0 0
12650 1 1 0 2 0 0
12651 0 0 1 0 3 0
12652 0 0 1 0 3 0
12652 2 1 0 1 0 0
12652 2 2 0 0 0 0
12653 0 0 1 0 3 0
12653 2 2 0 0 0 0
12685 0 4 0 0 0 0
12686 0 4 0 0 0 0
12687 0 4 0 0 0 0
12688 0 0 4 0 0 0
12688 0 1 3 0 0 0
12688 0 2 2 0 0 0
12688 0 3 1 0 0 0
12688 0 4 0 0 0 0
12689 0 4 0 0 0 0
12690 0 4 0 0 0 0
12825 4 0 0 0 0 0
12826 4 0 0 0 0 0
12827 4 0 0 0 0 0
12828 4 0 0 0 0 0
12829 4 0 0 0 0 0
12839 0 0 0 4 0 0
12841 0 0 0 4 0 0
12842 0 0 4 0 0 0
12843 0 0 4 0 0 0
12888 0 4 0 0 0 0
12888 1 3 0 0 0 0
12889 0 4 0 0 0 0
12889 1 3 0 0 0 0
12890 0 4 0 0 0 0
12890 1 3 0 0 0 0
12903 0 4 0 0 0 0
12928 4 0 0 0 0 0
12929 0 0 0 4 0 0
12929 4 0 0 0 0 0
12930 0 0 4 0 0 0
12930 4 0 0 0 0 0
12942 4 0 0 0 0 0
12943 4 0 0 0 0 0
12944 4 0 0 0 0 0
12945 4 0 0 0 0 0
12946 4 0 0 0 0 0
12947 4 0 0 0 0 0
12948 4 0 0 0 0 0
12949 4 0 0 0 0 0
12950 4 0 0 0 0 0
12951 4 0 0 0 0 0
12952 4 0 0 0 0 0
12953 4 0 0 0 0 0
12954 4 0 0 0 0 0
12955 4 0 0 0 0 0
12956 4 0 0 0 0 0
12968 0 4 0 0 0 0
12969 0 0 4 0 0 0
12969 0 4 0 0 0 0
12970 0 0 0 4 0 0
12970 0 0 4 0 0 0
12970 0 4 0 0 0 0
12977 4 0 0 0 0 0
12978 4 0 0 0 0 0
12979 4 0 0 0 0 0
12980 4 0 0 0 0 0
12981 4 0 0 0 0 0
12982 4 0 0 0 0 0
12983 4 0 0 0 0 0
12984 4 0 0 0 0 0
12985 4 0 0 0 0 0
13013 0 0 0 0 4 0
13014 0 0 0 4 0 0
13015 0 0 0 0 4 0
13015 0 0 0 4 0 0
13016 0 0 0 0 4 0
13017 0 0 0 4 0 0
13017 0 0 4 0 0 0
13035 0 0 0 0 4 0
13036 0 0 0 0 4 0
13037 0 0 0 4 0 0
13038 0 4 0 0 0 0
13039 0 4 0 0 0 0
13040 0 0 0 4 0 0
13040 0 4 0 0 0 0
13041 0 4 0 0 0 0
13042 0 0 0 4 0 0
13042 0 4 0 0 0 0
13043 0 0 0 4 0 0
13043 0 4 0 0 0 0
13044 0 0 4 0 0 0
13044 0 4 0 0 0 0
13045 0 0 4 0 0 0
13045 0 4 0 0 0 0
13047 4 0 0 0 0 0
13048 4 0 0 0 0 0
13049 4 0 0 0 0 0
13050 4 0 0 0 0 0
13051 4 0 0 0 0 0
13052 4 0 0 0 0 0
13053 4 0 0 0 0 0
13054 4 0 0 0 0 0
13055 4 0 0 0 0 0
13062 4 0 0 0 0 0
13063 4 0 0 0 0 0
13064 4 0 0 0 0 0
13065 4 0 0 0 0 0
13066 4 0 0 0 0 0
13067 4 0 0 0 0 0
13068 4 0 0 0 0 0
13069 4 0 0 0 0 0
13070 4 0 0 0 0 0
13071 4 0 0 0 0 0
13072 4 0 0 0 0 0
13073 4 0 0 0 0 0
13074 4 0 0 0 0 0
13081 0 0 4 0 0 0
13082 0 0 4 0 0 0
13083 0 0 4 0 0 0
13084 0 0 4 0 0 0
13085 0 0 4 0 0 0
13086 0 0 4 0 0 0
13099 0 0 4 0 0 0
13100 0 0 4 0 0 0
13101 0 0 4 0 0 0
13107 0 0 4 0 0 0
13108 0 0 4 0 0 0
13109 0 0 4 0 0 0
13115 0 0 4 0 0 0
13115 0 4 0 0 0 0
13116 0 0 4 0 0 0
13116 0 4 0 0 0 0
13117 0 4 0 0 0 0
13118 0 4 0 0 0 0
13119 0 4 0 0 0 0
13120 0 4 0 0 0 0
13127 0 0 4 0 0 0
13130 0 4 0 0 0 0
13131 0 0 0 0 0 4
13131 0 0 0 0 4 0
13131 0 4 0 0 0 0
13132 4 0 0 0 0 0
13133 4 0 0 0 0 0
13134 3 0 1 0 0 0
13134 4 0 0 0 0 0
13135 3 0 1 0 0 0
13135 4 0 0 0 0 0
13136 4 0 0 0 0 0
13137 4 0 0 0 0 0
13138 4 0 0 0 0 0
13139 4 0 0 0 0 0
13140 4 0 0 0 0 0
13141 4 0 0 0 0 0
13142 4 0 0 0 0 0
13143 4 0 0 0 0 0
13144 3 0 1 0 0 0
13144 4 0 0 0 0 0
13145 4 0 0 0 0 0
13146 4 0 0 0 0 0
13147 0 4 0 0 0 0
13148 0 4 0 0 0 0
13150 3 0 0 1 0 0
13151 3 0 0 1 0 0
13161 0 1 3 0 0 0
13161 1 1 2 0 0 0
13161 1 2 1 0 0 0
13161 2 1 1 0 0 0
13161 3 1 0 0 0 0
13162 0 1 3 0 0 0
13162 1 1 2 0 0 0
13162 1 2 1 0 0 0
13162 2 1 1 0 0 0
13162 3 1 0 0 0 0
13163 3 1 0 0 0 0
13164 3 1 0 0 0 0
13165 3 1 0 0 0 0
13166 3 1 0 0 0 0
13173 0 4 0 0 0 0
13174 0 4 0 0 0 0
13175 0 4 0 0 0 0
13176 0 4 0 0 0 0
13177 0 4 0 0 0 0
13178 0 4 0 0 0 0
13188 0 4 0 0 0 0
13189 0 4 0 0 0 0
13190 0 0 0 0 0 4
13190 0 0 0 4 0 0
13190 0 4 0 0 0 0
13191 3 0 0 0 1 0
13192 3 0 0 0 1 0
13194 3 0 0 1 0 0
13195 3 0 0 1 0 0
13197 3 0 0 0 1 0
13198 3 0 0 0 1 0
13199 3 0 0 0 1 0
13200 3 0 0 0 1 0
13203 3 0 0 0 1 0
13204 3 0 0 0 1 0
13206 3 0 0 1 0 0
13207 3 0 0 1 0 0
13209 3 1 0 0 0 0
13209 4 0 0 0 0 0
13210 4 0 0 0 0 0
13211 4 0 0 0 0 0
13212 4 0 0 0 0 0
13213 4 0 0 0 0 0
13214 2 0 0 2 0 0
13214 4 0 0 0 0 0
13215 4 0 0 0 0 0
13216 4 0 0 0 0 0
13217 2 0 2 0 0 0
13217 4 0 0 0 0 0
13218 4 0 0 0 0 0
13221 4 0 0 0 0 0
13222 4 0 0 0 0 0
13223 4 0 0 0 0 0
13224 4 0 0 0 0 0
13225 4 0 0 0 0 0
13226 4 0 0 0 0 0
13227 0 0 0 0 0 4
13228 0 0 0 0 0 4
13229 0 0 0 0 0 4
13230 0 0 0 0 0 4
13231 0 0 0 0 0 4
13232 0 0 0 0 0 4
13233 0 0 0 0 0 4
13237 0 0 0 4 0 0
13237 0 1 0 3 0 0
13238 0 0 4 0 0 0
13238 0 1 3 0 0 0
13239 0 4 0 0 0 0
13240 0 0 0 4 0 0
13241 0 0 4 0 0 0
13242 0 4 0 0 0 0
13248 0 4 0 0 0 0
13250 0 0 4 0 0 0
13250 1 0 3 0 0 0
13251 0 0 4 0 0 0
13251 1 0 3 0 0 0
13252 0 4 0 0 0 0
13252 1 3 0 0 0 0
13253 0 4 0 0 0 0
13253 1 3 0 0 0 0
13254 3 0 0 1 0 0
13256 3 0 1 0 0 0
13257 3 1 0 0 0 0
13261 1 0 0 3 0 0
13262 1 0 0 3 0 0
13264 1 0 3 0 0 0
13265 1 0 3 0 0 0
13271 0 0 0 0 4 0
13272 0 0 0 0 4 0
13273 0 0 0 0 0 4
13274 0 0 0 0 0 4
13276 0 0 0 0 0 4
13276 0 0 4 0 0 0
13277 0 0 0 0 4 0
13277 0 0 4 0 0 0
13279 0 4 0 0 0 0
13279 4 0 0 0 0 0
13280 0 4 0 0 0 0
13280 4 0 0 0 0 0
13282 0 0 0 4 0 0
13284 0 0 0 4 0 0
13362 0 4 0 0 0 0
13363 0 4 0 0 0 0
13364 0 4 0 0 0 0
13365 0 4 0 0 0 0
13366 0 4 0 0 0 0
13367 0 4 0 0 0 0
13368 0 4 0 0 0 0
13369 0 4 0 0 0 0
13370 0 4 0 0 0 0
13371 0 4 0 0 0 0
13372 0 4 0 0 0 0
13373 0 4 0 0 0 0
13374 0 4 0 0 0 0
13375 0 4 0 0 0 0
13376 0 4 0 0 0 0
13377 0 4 0 0 0 0
13396 0 4 0 0 0 0
13397 0 4 0 0 0 0
13398 0 4 0 0 0 0
13399 0 4 0 0 0 0
13429 4 0 0 0 0 0
13430 4 0 0 0 0 0
13431 0 4 0 0 0 0
13431 4 0 0 0 0 0
13432 0 4 0 0 0 0
13432 4 0 0 0 0 0
13433 0 4 0 0 0 0
13433 4 0 0 0 0 0
13434 0 4 0 0 0 0
13434 4 0 0 0 0 0
13435 4 0 0 0 0 0
13438 0 0 0 4 0 0
13439 0 0 0 0 4 0
13439 0 0 0 4 0 0
13441 0 1 3 0 0 0
13441 0 2 2 0 0 0
13441 1 1 2 0 0 0
13441 1 2 1 0 0 0
13441 2 1 1 0 0 0
13441 2 2 0 0 0 0
13441 3 1 0 0 0 0
13442 0 1 3 0 0 0
13442 0 2 2 0 0 0
13442 1 1 2 0 0 0
13442 1 2 1 0 0 0
13442 2 1 1 0 0 0
13442 2 2 0 0 0 0
13442 3 1 0 0 0 0
13443 2 2 0 0 0 0
13443 3 1 0 0 0 0
13444 2 2 0 0 0 0
13444 3 1 0 0 0 0
13445 2 2 0 0 0 0
13445 3 1 0 0 0 0
13446 2 2 0 0 0 0
13446 3 1 0 0 0 0
13447 2 2 0 0 0 0
13447 3 1 0 0 0 0
13448 2 2 0 0 0 0
13448 3 1 0 0 0 0
13461 4 0 0 0 0 0
13462 4 0 0 0 0 0
13463 4 0 0 0 0 0
13464 4 0 0 0 0 0
13465 4 0 0 0 0 0
13466 4 0 0 0 0 0
13467 4 0 0 0 0 0
13468 4 0 0 0 0 0
13469 4 0 0 0 0 0
13470 4 0 0 0 0 0
13471 4 0 0 0 0 0
13472 4 0 0 0 0 0
13473 4 0 0 0 0 0
13474 4 0 0 0 0 0
13477 0 4 0 0 0 0
13477 1 3 0 0 0 0
13477 4 0 0 0 0 0
13478 0 4 0 0 0 0
13478 1 3 0 0 0 0
13478 4 0 0 0 0 0
13479 4 0 0 0 0 0
13501 2 2 0 0 0 0
13502 2 2 0 0 0 0
13503 2 2 0 0 0 0
13504 2 2 0 0 0 0
13511 3 1 0 0 0 0
13511 4 0 0 0 0 0
13512 3 1 0 0 0 0
13512 4 0 0 0 0 0
13513 4 0 0 0 0 0
13514 4 0 0 0 0 0
13515 4 0 0 0 0 0
13516 4 0 0 0 0 0
13517 4 0 0 0 0 0
13518 4 0 0 0 0 0
13525 0 0 0 0 0 4
13525 0 0 0 4 0 0
13525 4 0 0 0 0 0
13526 4 0 0 0 0 0
13527 4 0 0 0 0 0
13528 4 0 0 0 0 0
13529 4 0 0 0 0 0
13530 4 0 0 0 0 0
13531 4 0 0 0 0 0
13532 4 0 0 0 0 0
13533 4 0 0 0 0 0
13534 4 0 0 0 0 0
13535 4 0 0 0 0 0
13551 1 3 0 0 0 0
13552 1 3 0 0 0 0
13553 0 1 3 0 0 0
13554 0 1 3 0 0 0
13657 0 1 3 0 0 0
13657 0 2 2 0 0 0
13661 0 0 0 4 0 0
13661 0 4 0 0 0 0
13661 1 3 0 0 0 0
13662 0 0 0 4 0 0
13663 0 0 0 4 0 0
13663 0 0 1 3 0 0
13671 0 4 0 0 0 0
13672 0 4 0 0 0 0
13673 0 4 0 0 0 0
13674 0 4 0 0 0 0
13751 4 0 0 0 0 0
13752 4 0 0 0 0 0
13753 4 0 0 0 0 0
13754 4 0 0 0 0 0
13755 4 0 0 0 0 0
13756 4 0 0 0 0 0
13757 3 0 1 0 0 0
13757 4 0 0 0 0 0
13758 3 0 1 0 0 0
13758 4 0 0 0 0 0
13759 3 0 1 0 0 0
13759 4 0 0 0 0 0
13760 3 0 1 0 0 0
13760 4 0 0 0 0 0
13761 3 0 1 0 0 0
13761 4 0 0 0 0 0
13762 3 0 1 0 0 0
13762 4 0 0 0 0 0
13763 4 0 0 0 0 0
13764 4 0 0 0 0 0
13765 3 0 1 0 0 0
13765 4 0 0 0 0 0
13766 3 0 1 0 0 0
13766 4 0 0 0 0 0
13767 3 0 1 0 0 0
13767 4 0 0 0 0 0
13768 3 0 1 0 0 0
13768 4 0 0 0 0 0
13769 3 0 1 0 0 0
13769 4 0 0 0 0 0
13770 3 0 1 0 0 0
13770 4 0 0 0 0 0
13776 2 2 0 0 0 0
13777 2 2 0 0 0 0
13793 0 4 0 0 0 0
13794 0 4 0 0 0 0
13795 0 4 0 0 0 0
13796 0 4 0 0 0 0
13797 0 4 0 0 0 0
13798 0 4 0 0 0 0
13799 0 4 0 0 0 0
13800 0 4 0 0 0 0
13826 0 4 0 0 0 0
13827 0 4 0 0 0 0
13836 4 0 0 0 0 0
13837 4 0 0 0 0 0
13838 4 0 0 0 0 0
13839 4 0 0 0 0 0
13840 4 0 0 0 0 0
13841 4 0 0 0 0 0
13842 4 0 0 0 0 0
13843 4 0 0 0 0 0
13844 3 0 0 0 0 1
13844 4 0 0 0 0 0
13845 3 0 0 0 0 1
13845 4 0 0 0 0 0
13846 3 0 0 0 0 1
13846 4 0 0 0 0 0
13847 3 0 0 0 0 1
13847 4 0 0 0 0 0
13848 3 0 0 0 0 1
13848 4 0 0 0 0 0
13849 3 0 0 0 1 0
13849 4 0 0 0 0 0
13850 2 0 2 0 0 0
13850 3 0 1 0 0 0
13851 2 0 2 0 0 0
13851 3 0 1 0 0 0
13852 2 0 2 0 0 0
13852 3 0 1 0 0 0
13853 2 0 2 0 0 0
13853 3 0 1 0 0 0
13858 2 2 0 0 0 0
13859 2 2 0 0 0 0
13860 2 2 0 0 0 0
13861 2 2 0 0 0 0
13863 1 3 0 0 0 0
13863 4 0 0 0 0 0
13864 1 3 0 0 0 0
13864 4 0 0 0 0 0
13865 1 3 0 0 0 0
13865 4 0 0 0 0 0
13866 1 3 0 0 0 0
13866 4 0 0 0 0 0
13867 1 3 0 0 0 0
13867 4 0 0 0 0 0
13868 1 3 0 0 0 0
13868 4 0 0 0 0 0
13869 1 3 0 0 0 0
13869 4 0 0 0 0 0
13870 1 3 0 0 0 0
13870 4 0 0 0 0 0
13871 1 3 0 0 0 0
13871 4 0 0 0 0 0
13872 0 1 3 0 0 0
13872 0 4 0 0 0 0
13872 4 0 0 0 0 0
13873 0 1 3 0 0 0
13873 0 4 0 0 0 0
13873 4 0 0 0 0 0
13874 0 1 3 0 0 0
13874 0 4 0 0 0 0
13874 4 0 0 0 0 0
13875 0 0 1 3 0 0
13875 0 0 4 0 0 0
13875 0 4 0 0 0 0
13875 4 0 0 0 0 0
13876 0 0 1 3 0 0
13876 0 0 4 0 0 0
13876 0 4 0 0 0 0
13876 4 0 0 0 0 0
13877 0 0 4 0 0 0
13877 0 4 0 0 0 0
13877 4 0 0 0 0 0
13878 4 0 0 0 0 0
13879 4 0 0 0 0 0
13880 4 0 0 0 0 0
13881 4 0 0 0 0 0
13882 4 0 0 0 0 0
13907 0 0 0 4 0 0
13922 0 0 2 2 0 0
13924 0 0 2 2 0 0
13928 2 2 0 0 0 0
13929 0 1 2 1 0 0
13929 0 2 1 1 0 0
13960 0 0 0 1 3 0
13960 0 0 0 2 2 0
14001 4 0 0 0 0 0
14002 4 0 0 0 0 0
14003 4 0 0 0 0 0
14004 4 0 0 0 0 0
14139 0 0 0 0 4 0
14139 0 1 0 0 3 0
14139 4 0 0 0 0 0
14140 0 0 0 0 4 0
14140 0 1 0 0 3 0
14140 4 0 0 0 0 0
14141 0 0 0 0 4 0
14141 4 0 0 0 0 0
14142 0 0 0 4 0 0
14142 4 0 0 0 0 0
14143 0 0 0 0 4 0
14143 4 0 0 0 0 0
14144 0 0 0 0 4 0
14144 4 0 0 0 0 0
14145 0 0 0 0 4 0
14145 4 0 0 0 0 0
14146 0 0 0 4 0 0
14146 4 0 0 0 0 0
14191 0 0 4 0 0 0
14192 0 0 4 0 0 0
14193 0 0 4 0 0 0
14214 4 0 0 0 0 0
14215 4 0 0 0 0 0
14252 4 0 0 0 0 0
14253 4 0 0 0 0 0
14254 4 0 0 0 0 0
14255 4 0 0 0 0 0
14256 4 0 0 0 0 0
14257 4 0 0 0 0 0
14258 4 0 0 0 0 0
14259 4 0 0 0 0 0
14260 4 0 0 0 0 0
14261 4 0 0 0 0 0
14262 4 0 0 0 0 0
14263 4 0 0 0 0 0
14264 4 0 0 0 0 0
14265 4 0 0 0 0 0
14266 4 0 0 0 0 0
14267 4 0 0 0 0 0
14268 4 0 0 0 0 0
14269 4 0 0 0 0 0
14270 4 0 0 0 0 0
14271 4 0 0 0 0 0
14272 4 0 0 0 0 0
14273 4 0 0 0 0 0
14274 4 0 0 0 0 0
14275 4 0 0 0 0 0
14276 4 0 0 0 0 0
14277 4 0 0 0 0 0
14278 4 0 0 0 0 0
14279 4 0 0 0 0 0
14280 4 0 0 0 0 0
14281 4 0 0 0 0 0
14282 4 0 0 0 0 0
14283 4 0 0 0 0 0
14284 4 0 0 0 0 0
14285 4 0 0 0 0 0
14286 4 0 0 0 0 0
14287 4 0 0 0 0 0
14288 4 0 0 0 0 0
14289 4 0 0 0 0 0
14290 4 0 0 0 0 0
14291 4 0 0 0 0 0
14292 4 0 0 0 0 0
14293 4 0 0 0 0 0
14294 4 0 0 0 0 0
14295 4 0 0 0 0 0
14296 4 0 0 0 0 0
14297 4 0 0 0 0 0
14298 4 0 0 0 0 0
14299 4 0 0 0 0 0
14300 4 0 0 0 0 0
14301 4 0 0 0 0 0
14302 4 0 0 0 0 0
14303 4 0 0 0 0 0
14304 4 0 0 0 0 0
14305 4 0 0 0 0 0
14306 4 0 0 0 0 0
14307 4 0 0 0 0 0
14308 4 0 0 0 0 0
14309 4 0 0 0 0 0
14310 4 0 0 0 0 0
14311 4 0 0 0 0 0
14312 4 0 0 0 0 0
14313 4 0 0 0 0 0
14314 4 0 0 0 0 0
14315 4 0 0 0 0 0
14316 4 0 0 0 0 0
14317 4 0 0 0 0 0
14318 4 0 0 0 0 0
14319 4 0 0 0 0 0
14320 4 0 0 0 0 0
14321 4 0 0 0 0 0
14322 4 0 0 0 0 0
14323 4 0 0 0 0 0
14324 4 0 0 0 0 0
14325 4 0 0 0 0 0
14326 4 0 0 0 0 0
14327 4 0 0 0 0 0
14328 4 0 0 0 0 0
14329 4 0 0 0 0 0
14330 4 0 0 0 0 0
14331 4 0 0 0 0 0
14332 4 0 0 0 0 0
14333 4 0 0 0 0 0
14334 4 0 0 0 0 0
14335 4 0 0 0 0 0
14336 4 0 0 0 0 0
14337 4 0 0 0 0 0
14338 4 0 0 0 0 0
14339 4 0 0 0 0 0
14340 4 0 0 0 0 0
14341 4 0 0 0 0 0
14342 4 0 0 0 0 0
14343 4 0 0 0 0 0
14344 4 0 0 0 0 0
14345 4 0 0 0 0 0
14346 4 0 0 0 0 0
14347 4 0 0 0 0 0
14348 4 0 0 0 0 0
14349 4 0 0 0 0 0
14350 4 0 0 0 0 0
14351 4 0 0 0 0 0
14352 4 0 0 0 0 0
14353 4 0 0 0 0 0
14354 4 0 0 0 0 0
14355 4 0 0 0 0 0
14356 4 0 0 0 0 0
14357 4 0 0 0 0 0
14358 4 0 0 0 0 0
14359 4 0 0 0 0 0
14360 4 0 0 0 0 0
14361 4 0 0 0 0 0
14362 4 0 0 0 0 0
14363 4 0 0 0 0 0
14364 4 0 0 0 0 0
14365 4 0 0 0 0 0
14366 4 0 0 0 0 0
14367 4 0 0 0 0 0
14368 4 0 0 0 0 0
14369 4 0 0 0 0 0
14370 4 0 0 0 0 0
14371 0 4 0 0 0 0
14371 4 0 0 0 0 0
14372 0 4 0 0 0 0
14372 4 0 0 0 0 0
14373 0 4 0 0 0 0
14373 4 0 0 0 0 0
14374 4 0 0 0 0 0
14375 4 0 0 0 0 0
14376 4 0 0 0 0 0
14377 4 0 0 0 0 0
14378 4 0 0 0 0 0
14379 4 0 0 0 0 0
14380 4 0 0 0 0 0
14381 4 0 0 0 0 0
14382 4 0 0 0 0 0
14383 4 0 0 0 0 0
14384 4 0 0 0 0 0
14385 4 0 0 0 0 0
14386 4 0 0 0 0 0
14387 4 0 0 0 0 0
14388 4 0 0 0 0 0
14389 4 0 0 0 0 0
14390 4 0 0 0 0 0
14391 4 0 0 0 0 0
14392 4 0 0 0 0 0
14393 4 0 0 0 0 0
14394 4 0 0 0 0 0
14395 4 0 0 0 0 0
14396 4 0 0 0 0 0
14397 4 0 0 0 0 0
14398 4 0 0 0 0 0
14399 4 0 0 0 0 0
14400 4 0 0 0 0 0
14401 4 0 0 0 0 0
14402 4 0 0 0 0 0
14403 4 0 0 0 0 0
14404 4 0 0 0 0 0
14405 4 0 0 0 0 0
14408 0 0 2 2 0 0
14409 0 0 2 2 0 0
14415 0 2 2 0 0 0
14416 0 2 2 0 0 0
14417 0 2 2 0 0 0
14418 0 2 2 0 0 0
14419 0 2 2 0 0 0
14420 0 2 2 0 0 0
14439 4 0 0 0 0 0
14440 4 0 0 0 0 0
14441 4 0 0 0 0 0
14442 4 0 0 0 0 0
14443 4 0 0 0 0 0
14444 4 0 0 0 0 0
14445 4 0 0 0 0 0
14446 4 0 0 0 0 0
14447 4 0 0 0 0 0
14448 0 4 0 0 0 0
14448 4 0 0 0 0 0
14449 0 4 0 0 0 0
14449 4 0 0 0 0 0
14450 4 0 0 0 0 0
14451 4 0 0 0 0 0
14452 4 0 0 0 0 0
14453 4 0 0 0 0 0
14454 4 0 0 0 0 0
14455 4 0 0 0 0 0
14461 4 0 0 0 0 0
14462 4 0 0 0 0 0
14477 0 0 0 4 0 0
14477 0 0 4 0 0 0
14477 4 0 0 0 0 0
14478 0 0 4 0 0 0
14478 4 0 0 0 0 0
14479 0 0 4 0 0 0
14479 4 0 0 0 0 0
14480 0 0 0 4 0 0
14480 4 0 0 0 0 0
14481 0 0 4 0 0 0
14481 4 0 0 0 0 0
14482 0 0 4 0 0 0
14482 4 0 0 0 0 0
14483 4 0 0 0 0 0
14484 0 4 0 0 0 0
14484 4 0 0 0 0 0
14485 0 4 0 0 0 0
14485 4 0 0 0 0 0
14486 0 4 0 0 0 0
14486 4 0 0 0 0 0
14487 0 4 0 0 0 0
14487 4 0 0 0 0 0
14488 4 0 0 0 0 0
14506 0 0 2 2 0 0
14511 0 0 0 0 4 0
14511 4 0 0 0 0 0
14512 0 0 0 4 0 0
14512 4 0 0 0 0 0
14513 0 0 4 0 0 0
14513 4 0 0 0 0 0
14514 0 4 0 0 0 0
14514 4 0 0 0 0 0
14515 0 4 0 0 0 0
14515 4 0 0 0 0 0
14516 0 4 0 0 0 0
14516 4 0 0 0 0 0
14517 0 4 0 0 0 0
14517 4 0 0 0 0 0
14518 0 4 0 0 0 0
14518 4 0 0 0 0 0
14519 0 4 0 0 0 0
14519 4 0 0 0 0 0
14520 0 4 0 0 0 0
14520 4 0 0 0 0 0
14521 4 0 0 0 0 0
14522 4 0 0 0 0 0
14523 4 0 0 0 0 0
14524 4 0 0 0 0 0
14525 4 0 0 0 0 0
14526 4 0 0 0 0 0
14527 4 0 0 0 0 0
14528 4 0 0 0 0 0
14529 4 0 0 0 0 0
14530 0 2 2 0 0 0
14531 0 2 2 0 0 0
14539 4 0 0 0 0 0
14540 4 0 0 0 0 0
14541 4 0 0 0 0 0
14568 3 1 0 0 0 0
14568 4 0 0 0 0 0
14569 3 1 0 0 0 0
14569 4 0 0 0 0 0
14570 4 0 0 0 0 0
14571 4 0 0 0 0 0
14572 4 0 0 0 0 0
14573 4 0 0 0 0 0
14577 4 0 0 0 0 0
14578 4 0 0 0 0 0
14579 4 0 0 0 0 0
14580 4 0 0 0 0 0
14581 4 0 0 0 0 0
14582 4 0 0 0 0 0
14583 4 0 0 0 0 0
14584 4 0 0 0 0 0
14585 4 0 0 0 0 0
14586 4 0 0 0 0 0
14587 4 0 0 0 0 0
14588 4 0 0 0 0 0
14589 4 0 0 0 0 0
14590 4 0 0 0 0 0
14591 4 0 0 0 0 0
14592 4 0 0 0 0 0
14593 4 0 0 0 0 0
14594 4 0 0 0 0 0
14595 4 0 0 0 0 0
14596 4 0 0 0 0 0
14597 4 0 0 0 0 0
14598 4 0 0 0 0 0
14599 4 0 0 0 0 0
14600 4 0 0 0 0 0
14601 4 0 0 0 0 0
14602 4 0 0 0 0 0
14603 4 0 0 0 0 0
14604 4 0 0 0 0 0
14610 2 0 0 0 2 0
14610 3 0 0 0 1 0
14626 4 0 0 0 0 0
14627 4 0 0 0 0 0
14628 4 0 0 0 0 0
14629 4 0 0 0 0 0
14639 4 0 0 0 0 0
14640 4 0 0 0 0 0
14743 4 0 0 0 0 0
14744 4 0 0 0 0 0
14745 4 0 0 0 0 0
14746 4 0 0 0 0 0
14747 4 0 0 0 0 0
14748 4 0 0 0 0 0
14749 4 0 0 0 0 0
14750 4 0 0 0 0 0
14751 4 0 0 0 0 0
14753 4 0 0 0 0 0
14754 4 0 0 0 0 0
14810 4 0 0 0 0 0
14811 4 0 0 0 0 0
14812 4 0 0 0 0 0
14813 4 0 0 0 0 0
14814 4 0 0 0 0 0
14815 4 0 0 0 0 0
14816 4 0 0 0 0 0
14817 4 0 0 0 0 0
14818 4 0 0 0 0 0
14819 4 0 0 0 0 0
14820 4 0 0 0 0 0
14821 4 0 0 0 0 0
14822 4 0 0 0 0 0
14823 4 0 0 0 0 0
14824 4 0 0 0 0 0
14825 4 0 0 0 0 0
14826 4 0 0 0 0 0
14831 0 0 4 0 0 0
14831 2 2 0 0 0 0
14831 3 1 0 0 0 0
14832 0 0 4 0 0 0
14832 2 2 0 0 0 0
14832 3 1 0 0 0 0
14833 0 0 4 0 0 0
14833 2 2 0 0 0 0
14833 3 1 0 0 0 0
14834 0 0 4 0 0 0
14834 2 2 0 0 0 0
14834 3 1 0 0 0 0
14835 2 2 0 0 0 0
14835 3 1 0 0 0 0
14836 2 2 0 0 0 0
14836 3 1 0 0 0 0
14837 0 3 1 0 0 0
14838 0 3 1 0 0 0
14839 4 0 0 0 0 0
14840 4 0 0 0 0 0
14841 4 0 0 0 0 0
14842 1 0 3 0 0 0
14844 1 3 0 0 0 0
14845 0 4 0 0 0 0
14846 0 4 0 0 0 0
14847 0 0 0 4 0 0
14848 0 0 0 4 0 0
14848 0 1 0 3 0 0
14849 0 0 4 0 0 0
14849 0 1 3 0 0 0
14851 0 0 4 0 0 0
14852 0 0 4 0 0 0
14853 0 0 4 0 0 0
14854 0 4 0 0 0 0
14855 0 3 1 0 0 0
14856 4 0 0 0 0 0
14857 4 0 0 0 0 0
14858 4 0 0 0 0 0
14859 4 0 0 0 0 0
14860 4 0 0 0 0 0
14861 4 0 0 0 0 0
14862 4 0 0 0 0 0
14863 4 0 0 0 0 0
14867 3 1 0 0 0 0
14867 4 0 0 0 0 0
14868 3 1 0 0 0 0
14868 4 0 0 0 0 0
14869 3 1 0 0 0 0
14869 4 0 0 0 0 0
14870 3 1 0 0 0 0
14870 4 0 0 0 0 0
14871 4 0 0 0 0 0
14891 4 0 0 0 0 0
14892 4 0 0 0 0 0
14893 4 0 0 0 0 0
14894 4 0 0 0 0 0
14895 4 0 0 0 0 0
14896 0 0 0 4 0 0
14897 0 0 0 4 0 0
14995 0 0 0 0 4 0
14996 0 0 0 0 4 0
14998 0 0 0 4 0 0
14999 0 0 0 0 4 0
15000 0 0 0 4 0 0
15001 0 0 0 0 4 0
15002 0 0 0 4 0 0
15003 0 0 0 4 0 0
15009 0 0 0 0 4 0
15010 0 0 0 0 4 0
15011 0 0 0 0 4 0
15012 0 0 0 0 4 0
15013 0 0 0 0 4 0
15014 0 0 0 0 4 0
15015 0 0 0 0 4 0
15016 0 0 0 0 4 0
15017 0 0 4 0 0 0
15017 0 3 0 0 1 0
15017 0 4 0 0 0 0
15017 4 0 0 0 0 0
15018 0 4 0 0 0 0
15018 4 0 0 0 0 0
15019 0 4 0 0 0 0
15019 4 0 0 0 0 0
15020 0 3 0 0 1 0
15020 0 4 0 0 0 0
15020 4 0 0 0 0 0
15021 0 3 0 1 0 0
15021 0 4 0 0 0 0
15021 4 0 0 0 0 0
15022 0 3 1 0 0 0
15022 0 4 0 0 0 0
15022 4 0 0 0 0 0
15023 4 0 0 0 0 0
15024 4 0 0 0 0 0
15025 4 0 0 0 0 0
15026 4 0 0 0 0 0
15027 4 0 0 0 0 0
15028 4 0 0 0 0 0
15088 0 0 4 0 0 0
15089 0 0 4 0 0 0
15090 0 0 4 0 0 0
15093 0 0 4 0 0 0
15094 0 0 4 0 0 0
15095 0 0 4 0 0 0
15098 0 0 4 0 0 0
15099 0 0 4 0 0 0
15100 0 0 4 0 0 0
15101 0 4 0 0 0 0
15102 0 4 0 0 0 0
15103 0 4 0 0 0 0
15104 0 4 0 0 0 0
15105 0 4 0 0 0 0
15106 0 4 0 0 0 0
15107 0 4 0 0 0 0
15108 0 4 0 0 0 0
15109 0 4 0 0 0 0
15110 0 4 0 0 0 0
15111 0 4 0 0 0 0
15112 0 4 0 0 0 0
15116 0 0 0 4 0 0
15118 0 0 0 4 0 0
15125 0 0 0 0 4 0
15130 4 0 0 0 0 0
15131 4 0 0 0 0 0
15132 4 0 0 0 0 0
15133 4 0 0 0 0 0
15134 4 0 0 0 0 0
15135 4 0 0 0 0 0
15136 4 0 0 0 0 0
15137 4 0 0 0 0 0
15138 4 0 0 0 0 0
15167 0 4 0 0 0 0
15167 4 0 0 0 0 0
15168 0 4 0 0 0 0
15168 4 0 0 0 0 0
15169 0 4 0 0 0 0
15169 4 0 0 0 0 0
15170 0 4 0 0 0 0
15170 4 0 0 0 0 0
15171 0 4 0 0 0 0
15171 4 0 0 0 0 0
15172 0 4 0 0 0 0
15172 4 0 0 0 0 0
15173 0 4 0 0 0 0
15173 4 0 0 0 0 0
15174 0 4 0 0 0 0
15174 4 0 0 0 0 0
15175 4 0 0 0 0 0
15176 4 0 0 0 0 0
15177 4 0 0 0 0 0
15178 4 0 0 0 0 0
15179 4 0 0 0 0 0
15180 4 0 0 0 0 0
15181 4 0 0 0 0 0
15182 4 0 0 0 0 0
15183 4 0 0 0 0 0
15184 4 0 0 0 0 0
15185 4 0 0 0 0 0
15186 4 0 0 0 0 0
15187 4 0 0 0 0 0
15188 4 0 0 0 0 0
15189 4 0 0 0 0 0
15190 4 0 0 0 0 0
15191 4 0 0 0 0 0
15192 4 0 0 0 0 0
15193 4 0 0 0 0 0
15194 4 0 0 0 0 0
15212 4 0 0 0 0 0
15213 4 0 0 0 0 0
15214 4 0 0 0 0 0
15215 4 0 0 0 0 0
15216 4 0 0 0 0 0
15217 4 0 0 0 0 0
15218 4 0 0 0 0 0
15219 4 0 0 0 0 0
15220 4 0 0 0 0 0
15221 4 0 0 0 0 0
15222 4 0 0 0 0 0
15223 4 0 0 0 0 0
15224 4 0 0 0 0 0
15232 4 0 0 0 0 0
15233 0 4 0 0 0 0
15233 4 0 0 0 0 0
15234 0 4 0 0 0 0
15234 4 0 0 0 0 0
15325 4 0 0 0 0 0
15326 4 0 0 0 0 0
15327 4 0 0 0 0 0
15328 0 0 4 0 0 0
15469 0 1 3 0 0 0
15609 0 0 0 4 0 0
15610 0 0 4 0 0 0
15611 0 0 4 0 0 0
15612 0 0 0 4 0 0
15613 0 0 4 0 0 0
15614 0 0 4 0 0 0
15615 0 4 0 0 0 0
15616 0 4 0 0 0 0
15617 0 4 0 0 0 0
15618 0 4 0 0 0 0
15619 0 4 0 0 0 0
15620 0 4 0 0 0 0
15623 0 4 0 0 0 0
15624 0 4 0 0 0 0
15625 0 4 0 0 0 0
15626 0 4 0 0 0 0
15627 0 4 0 0 0 0
15628 0 4 0 0 0 0
15629 0 4 0 0 0 0
15630 0 4 0 0 0 0
15631 0 4 0 0 0 0
15632 0 4 0 0 0 0
15633 0 4 0 0 0 0
15634 0 4 0 0 0 0
15641 3 1 0 0 0 0
15642 3 1 0 0 0 0
15643 2 2 0 0 0 0
15643 3 1 0 0 0 0
15661 0 4 0 0 0 0
15662 0 4 0 0 0 0
15663 0 0 0 0 0 4
15663 4 0 0 0 0 0
15664 0 0 0 0 0 4
15664 4 0 0 0 0 0
15665 0 4 0 0 0 0
15665 4 0 0 0 0 0
15666 0 4 0 0 0 0
15666 4 0 0 0 0 0
15667 0 0 4 0 0 0
15667 0 4 0 0 0 0
15667 4 0 0 0 0 0
15668 0 0 4 0 0 0
15668 0 4 0 0 0 0
15668 4 0 0 0 0 0
15669 0 0 4 0 0 0
15669 0 4 0 0 0 0
15669 4 0 0 0 0 0
15670 0 0 4 0 0 0
15670 0 4 0 0 0 0
15670 4 0 0 0 0 0
15671 0 0 0 0 4 0
15671 4 0 0 0 0 0
15672 0 0 0 0 4 0
15672 4 0 0 0 0 0
15673 0 0 0 0 4 0
15673 0 4 0 0 0 0
15673 4 0 0 0 0 0
15674 0 0 0 0 4 0
15674 0 4 0 0 0 0
15674 4 0 0 0 0 0
15675 0 0 0 0 4 0
15675 0 4 0 0 0 0
15675 4 0 0 0 0 0
15676 0 0 0 0 4 0
15676 0 0 0 4 0 0
15676 0 4 0 0 0 0
15676 4 0 0 0 0 0
15677 0 0 0 0 4 0
15677 0 4 0 0 0 0
15677 4 0 0 0 0 0
15678 0 0 0 0 4 0
15678 0 0 0 4 0 0
15678 0 4 0 0 0 0
15678 4 0 0 0 0 0
15694 0 0 4 0 0 0
15695 0 0 4 0 0 0
15696 0 0 4 0 0 0
15697 0 4 0 0 0 0
15698 0 4 0 0 0 0
15699 0 4 0 0 0 0
15700 0 4 0 0 0 0
15701 0 4 0 0 0 0
15702 0 4 0 0 0 0
15703 0 4 0 0 0 0
15704 0 4 0 0 0 0
15719 4 0 0 0 0 0
15720 4 0 0 0 0 0
15721 4 0 0 0 0 0
15722 4 0 0 0 0 0
15748 0 4 0 0 0 0
15749 0 4 0 0 0 0
15767 0 4 0 0 0 0
15767 4 0 0 0 0 0
15768 0 4 0 0 0 0
15768 4 0 0 0 0 0
15769 4 0 0 0 0 0
15770 4 0 0 0 0 0
15771 4 0 0 0 0 0
15772 4 0 0 0 0 0
15773 4 0 0 0 0 0
15774 4 0 0 0 0 0
15775 0 4 0 0 0 0
15775 4 0 0 0 0 0
15776 0 4 0 0 0 0
15776 4 0 0 0 0 0
15777 0 4 0 0 0 0
15777 4 0 0 0 0 0
15778 4 0 0 0 0 0
15799 0 4 0 0 0 0
15800 0 4 0 0 0 0
15801 0 4 0 0 0 0
15802 0 4 0 0 0 0
15803 0 4 0 0 0 0
15804 0 4 0 0 0 0
15805 0 4 0 0 0 0
15806 0 4 0 0 0 0
15807 0 4 0 0 0 0
15808 0 4 0 0 0 0
15809 0 4 0 0 0 0
15810 0 4 0 0 0 0
15811 1 2 0 1 0 0
15811 1 3 0 0 0 0
15811 2 0 0 2 0 0
15812 1 2 0 1 0 0
15812 1 3 0 0 0 0
15812 2 0 0 2 0 0
15815 2 0 2 0 0 0
15816 2 0 2 0 0 0
15817 2 0 2 0 0 0
15818 2 0 2 0 0 0
15819 2 0 2 0 0 0
15820 2 0 2 0 0 0
15821 2 0 2 0 0 0
15822 2 0 2 0 0 0
15823 2 0 2 0 0 0
15824 2 0 2 0 0 0
15825 2 0 2 0 0 0
15826 2 0 2 0 0 0
15834 0 0 0 4 0 0
15835 0 0 0 4 0 0
15849 4 0 0 0 0 0
15850 4 0 0 0 0 0
15851 2 2 0 0 0 0
15852 2 2 0 0 0 0
15853 2 2 0 0 0 0
15854 2 2 0 0 0 0
15855 2 2 0 0 0 0
15856 2 2 0 0 0 0
15883 0 1 3 0 0 0
15883 0 2 2 0 0 0
15884 0 1 3 0 0 0
15884 0 2 2 0 0 0
15885 0 1 3 0 0 0
15885 0 2 2 0 0 0
15931 4 0 0 0 0 0
15932 4 0 0 0 0 0
15938 4 0 0 0 0 0
15952 0 0 4 0 0 0
15953 0 4 0 0 0 0
15954 4 0 0 0 0 0
15955 4 0 0 0 0 0
15956 4 0 0 0 0 0
15957 4 0 0 0 0 0
15958 4 0 0 0 0 0
15959 4 0 0 0 0 0
15960 4 0 0 0 0 0
15961 4 0 0 0 0 0
15962 4 0 0 0 0 0
15963 4 0 0 0 0 0
15964 4 0 0 0 0 0
15965 4 0 0 0 0 0
15985 0 0 0 4 0 0
15985 0 0 4 0 0 0
15993 0 4 0 0 0 0
15994 0 4 0 0 0 0
15995 0 4 0 0 0 0
15998 4 0 0 0 0 0
15999 4 0 0 0 0 0
16000 4 0 0 0 0 0
16001 4 0 0 0 0 0
16014 4 0 0 0 0 0
16015 4 0 0 0 0 0
16016 4 0 0 0 0 0
16027 0 0 4 0 0 0
16027 4 0 0 0 0 0
16028 0 0 4 0 0 0
16028 4 0 0 0 0 0
16047 4 0 0 0 0 0
16048 4 0 0 0 0 0
16061 0 4 0 0 0 0
16062 0 4 0 0 0 0
16064 2 0 0 0 2 0
16064 3 0 0 0 1 0
16065 2 0 0 0 2 0
16065 3 0 0 0 1 0
16066 2 0 0 0 2 0
16066 3 0 0 0 1 0
16067 2 0 0 0 2 0
16067 3 0 0 0 1 0
16068 0 0 4 0 0 0
16069 0 0 4 0 0 0
16070 0 0 4 0 0 0
16071 0 0 4 0 0 0
16072 0 0 4 0 0 0
16073 0 0 4 0 0 0
16074 0 0 4 0 0 0
16075 0 0 4 0 0 0
16076 0 0 4 0 0 0
16077 0 0 4 0 0 0
16077 0 4 0 0 0 0
16078 0 0 4 0 0 0
16078 0 4 0 0 0 0
16079 0 0 4 0 0 0
16079 0 4 0 0 0 0
16080 0 4 0 0 0 0
16081 0 4 0 0 0 0
16082 0 4 0 0 0 0
16083 0 4 0 0 0 0
16084 0 4 0 0 0 0
16085 0 4 0 0 0 0
16086 0 4 0 0 0 0
16087 0 4 0 0 0 0
16088 0 4 0 0 0 0
16089 0 4 0 0 0 0
16090 0 4 0 0 0 0
16091 0 4 0 0 0 0
16096 0 0 0 0 0 4
16097 0 0 0 0 0 4
16098 0 0 0 0 0 4
16099 0 0 0 0 0 4
16100 0 0 0 0 0 4
16101 0 0 0 0 0 4
16110 0 4 0 0 0 0
16110 1 3 0 0 0 0
16111 0 4 0 0 0 0
16111 1 3 0 0 0 0
16122 0 0 2 0 0 2
16122 0 0 3 0 0 1
16123 0 0 2 0 0 2
16123 0 0 3 0 0 1
16142 1 0 0 1 0 2
16143 1 0 0 1 0 2
16162 4 0 0 0 0 0
16163 4 0 0 0 0 0
16164 0 4 0 0 0 0
16164 4 0 0 0 0 0
16165 0 4 0 0 0 0
16165 4 0 0 0 0 0
16166 0 4 0 0 0 0
16166 4 0 0 0 0 0
16167 0 4 0 0 0 0
16167 4 0 0 0 0 0
16168 0 4 0 0 0 0
16168 4 0 0 0 0 0
16169 0 4 0 0 0 0
16169 4 0 0 0 0 0
16170 4 0 0 0 0 0
16171 4 0 0 0 0 0
16172 4 0 0 0 0 0
16173 4 0 0 0 0 0
16174 4 0 0 0 0 0
16175 4 0 0 0 0 0
16252 0 4 0 0 0 0
16253 0 4 0 0 0 0
16254 0 4 0 0 0 0
16255 0 4 0 0 0 0
16261 4 0 0 0 0 0
16262 4 0 0 0 0 0
16263 4 0 0 0 0 0
16264 4 0 0 0 0 0
16265 4 0 0 0 0 0
16266 0 0 4 0 0 0
16266 4 0 0 0 0 0
16267 0 0 4 0 0 0
16267 4 0 0 0 0 0
16268 0 0 4 0 0 0
16268 4 0 0 0 0 0
16269 4 0 0 0 0 0
16270 4 0 0 0 0 0
16271 4 0 0 0 0 0
16272 4 0 0 0 0 0
16273 4 0 0 0 0 0
16274 4 0 0 0 0 0
16275 4 0 0 0 0 0
16279 2 2 0 0 0 0
16280 2 2 0 0 0 0
16281 2 2 0 0 0 0
16282 2 2 0 0 0 0
16283 2 2 0 0 0 0
16284 2 2 0 0 0 0
16285 2 2 0 0 0 0
16286 2 2 0 0 0 0
16292 0 3 1 0 0 0
16293 0 3 1 0 0 0
16294 0 3 1 0 0 0
16328 0 4 0 0 0 0
16329 0 4 0 0 0 0
16330 0 4 0 0 0 0
16331 0 4 0 0 0 0
16332 0 4 0 0 0 0
16333 0 4 0 0 0 0
16334 0 4 0 0 0 0
16335 0 4 0 0 0 0
16336 0 0 0 4 0 0
16336 0 4 0 0 0 0
16337 0 0 0 4 0 0
16338 0 0 0 4 0 0
16346 4 0 0 0 0 0
16347 4 0 0 0 0 0
16348 4 0 0 0 0 0
16349 4 0 0 0 0 0
16350 4 0 0 0 0 0
16351 4 0 0 0 0 0
16352 4 0 0 0 0 0
16353 0 0 4 0 0 0
16353 4 0 0 0 0 0
16354 0 0 4 0 0 0
16354 4 0 0 0 0 0
16355 0 0 4 0 0 0
16355 4 0 0 0 0 0
16368 0 0 4 0 0 0
16369 0 0 4 0 0 0
16370 0 0 4 0 0 0
16371 0 0 0 4 0 0
16372 0 0 0 0 4 0
16373 0 0 0 4 0 0
16376 0 0 0 0 4 0
16377 0 0 0 0 4 0
16379 0 0 0 4 0 0
16379 0 1 0 3 0 0
16379 0 2 0 2 0 0
16379 0 3 0 1 0 0
16379 0 4 0 0 0 0
16380 0 0 0 0 4 0
16380 0 1 0 0 3 0
16380 0 2 0 0 2 0
16380 0 3 0 0 1 0
16380 0 4 0 0 0 0
16381 0 0 0 0 4 0
16381 0 0 4 0 0 0
16381 0 1 0 0 3 0
16381 0 1 3 0 0 0
16381 0 2 0 0 2 0
16381 0 2 2 0 0 0
16381 0 3 0 0 1 0
16381 0 3 1 0 0 0
16381 0 4 0 0 0 0
16382 0 0 0 0 4 0
16382 0 0 4 0 0 0
16383 0 0 0 0 4 0
16384 0 0 0 0 4 0
16429 4 0 0 0 0 0
16430 4 0 0 0 0 0
16431 4 0 0 0 0 0
16432 4 0 0 0 0 0
16433 4 0 0 0 0 0
16434 4 0 0 0 0 0
16435 4 0 0 0 0 0
16436 4 0 0 0 0 0
16437 4 0 0 0 0 0
16438 4 0 0 0 0 0
16439 4 0 0 0 0 0
16440 0 0 4 0 0 0
16440 4 0 0 0 0 0
16441 0 0 4 0 0 0
16441 4 0 0 0 0 0
16442 0 0 4 0 0 0
16442 4 0 0 0 0 0
16443 0 4 0 0 0 0
16443 4 0 0 0 0 0
16444 0 4 0 0 0 0
16444 4 0 0 0 0 0
16445 0 4 0 0 0 0
16445 4 0 0 0 0 0
16446 0 4 0 0 0 0
16446 4 0 0 0 0 0
16447 0 4 0 0 0 0
16447 4 0 0 0 0 0
16448 0 4 0 0 0 0
16448 4 0 0 0 0 0
16449 4 0 0 0 0 0
16450 4 0 0 0 0 0
16451 4 0 0 0 0 0
16452 0 4 0 0 0 0
16452 4 0 0 0 0 0
16453 0 4 0 0 0 0
16453 4 0 0 0 0 0
16454 0 4 0 0 0 0
16454 4 0 0 0 0 0
16456 0 3 1 0 0 0
16456 0 4 0 0 0 0
16456 1 3 0 0 0 0
16457 0 3 1 0 0 0
16457 0 4 0 0 0 0
16457 1 3 0 0 0 0
16458 0 4 0 0 0 0
16458 1 3 0 0 0 0
16459 4 0 0 0 0 0
16460 4 0 0 0 0 0
16461 4 0 0 0 0 0
16462 4 0 0 0 0 0
16463 4 0 0 0 0 0
16464 4 0 0 0 0 0
16466 1 3 0 0 0 0
16467 1 3 0 0 0 0
16468 1 3 0 0 0 0
16469 4 0 0 0 0 0
16470 4 0 0 0 0 0
16471 0 0 4 0 0 0
16471 4 0 0 0 0 0
16472 0 0 4 0 0 0
16472 4 0 0 0 0 0
16473 0 0 4 0 0 0
16473 4 0 0 0 0 0
16527 4 0 0 0 0 0
16528 4 0 0 0 0 0
16529 4 0 0 0 0 0
16530 4 0 0 0 0 0
16531 4 0 0 0 0 0
16532 0 0 4 0 0 0
16532 4 0 0 0 0 0
16536 0 4 0 0 0 0
16537 0 4 0 0 0 0
16538 0 4 0 0 0 0
16543 4 0 0 0 0 0
16544 4 0 0 0 0 0
16545 4 0 0 0 0 0
16546 4 0 0 0 0 0
16547 4 0 0 0 0 0
16548 4 0 0 0 0 0
16549 4 0 0 0 0 0
16550 4 0 0 0 0 0
16551 4 0 0 0 0 0
16558 4 0 0 0 0 0
16559 4 0 0 0 0 0
16560 0 0 4 0 0 0
16560 4 0 0 0 0 0
16561 0 0 4 0 0 0
16561 4 0 0 0 0 0
16577 0 0 0 4 0 0
16578 0 0 0 4 0 0
16579 0 0 0 4 0 0
16590 4 0 0 0 0 0
16591 4 0 0 0 0 0
16592 4 0 0 0 0 0
16593 4 0 0 0 0 0
16594 4 0 0 0 0 0
16595 4 0 0 0 0 0
16598 3 0 1 0 0 0
16599 3 0 1 0 0 0
16602 0 0 3 1 0 0
16602 0 0 4 0 0 0
16603 0 0 0 4 0 0
16603 0 0 4 0 0 0
16604 0 0 4 0 0 0
16605 0 0 0 3 1 0
16605 0 0 0 4 0 0
16605 0 0 4 0 0 0
16609 0 3 1 0 0 0
16609 0 4 0 0 0 0
16610 0 0 4 0 0 0
16610 0 4 0 0 0 0
16611 0 0 0 3 1 0
16611 0 0 0 4 0 0
16611 0 0 4 0 0 0
16611 0 4 0 0 0 0
16612 4 0 0 0 0 0
16613 4 0 0 0 0 0
16614 4 0 0 0 0 0
16615 4 0 0 0 0 0
16616 4 0 0 0 0 0
16617 4 0 0 0 0 0
16618 4 0 0 0 0 0
16619 4 0 0 0 0 0
16620 4 0 0 0 0 0
16621 4 0 0 0 0 0
16622 4 0 0 0 0 0
16623 4 0 0 0 0 0
16624 4 0 0 0 0 0
16625 4 0 0 0 0 0
16626 4 0 0 0 0 0
16627 4 0 0 0 0 0
16628 4 0 0 0 0 0
16629 4 0 0 0 0 0
16630 4 0 0 0 0 0
16631 4 0 0 0 0 0
16632 4 0 0 0 0 0
16633 4 0 0 0 0 0
16634 4 0 0 0 0 0
16635 4 0 0 0 0 0
16636 4 0 0 0 0 0
16637 4 0 0 0 0 0
16638 4 0 0 0 0 0
16639 4 0 0 0 0 0
16640 4 0 0 0 0 0
16641 4 0 0 0 0 0
16642 4 0 0 0 0 0
16643 4 0 0 0 0 0
16644 4 0 0 0 0 0
16645 4 0 0 0 0 0
16646 4 0 0 0 0 0
16647 4 0 0 0 0 0
16648 4 0 0 0 0 0
16649 4 0 0 0 0 0
16650 4 0 0 0 0 0
16651 4 0 0 0 0 0
16652 4 0 0 0 0 0
16653 4 0 0 0 0 0
16654 4 0 0 0 0 0
16655 4 0 0 0 0 0
16656 4 0 0 0 0 0
16657 4 0 0 0 0 0
16658 4 0 0 0 0 0
16659 4 0 0 0 0 0
16660 4 0 0 0 0 0
16661 4 0 0 0 0 0
16662 4 0 0 0 0 0
16663 4 0 0 0 0 0
16664 4 0 0 0 0 0
16665 4 0 0 0 0 0
16666 4 0 0 0 0 0
16667 4 0 0 0 0 0
16668 4 0 0 0 0 0
16669 4 0 0 0 0 0
16670 4 0 0 0 0 0
16671 4 0 0 0 0 0
16672 4 0 0 0 0 0
16673 4 0 0 0 0 0
16674 4 0 0 0 0 0
16675 4 0 0 0 0 0
16676 4 0 0 0 0 0
16677 4 0 0 0 0 0
16678 4 0 0 0 0 0
16679 4 0 0 0 0 0
16680 4 0 0 0 0 0
16681 4 0 0 0 0 0
16682 4 0 0 0 0 0
16683 4 0 0 0 0 0
16684 4 0 0 0 0 0
16685 4 0 0 0 0 0
16686 4 0 0 0 0 0
16687 4 0 0 0 0 0
16688 4 0 0 0 0 0
16689 4 0 0 0 0 0
16690 4 0 0 0 0 0
16691 4 0 0 0 0 0
16692 4 0 0 0 0 0
16693 4 0 0 0 0 0
16694 4 0 0 0 0 0
16695 4 0 0 0 0 0
16696 4 0 0 0 0 0
16697 4 0 0 0 0 0
16698 4 0 0 0 0 0
16699 4 0 0 0 0 0
16700 4 0 0 0 0 0
16701 4 0 0 0 0 0
16702 4 0 0 0 0 0
16703 4 0 0 0 0 0
16704 4 0 0 0 0 0
16705 4 0 0 0 0 0
16706 4 0 0 0 0 0
16707 4 0 0 0 0 0
16708 4 0 0 0 0 0
16709 4 0 0 0 0 0
16710 4 0 0 0 0 0
16711 4 0 0 0 0 0
16732 4 0 0 0 0 0
16733 4 0 0 0 0 0
16734 4 0 0 0 0 0
16735 4 0 0 0 0 0
16736 4 0 0 0 0 0
16737 4 0 0 0 0 0
16738 4 0 0 0 0 0
16739 4 0 0 0 0 0
16740 4 0 0 0 0 0
16741 4 0 0 0 0 0
16742 4 0 0 0 0 0
16743 4 0 0 0 0 0
16744 4 0 0 0 0 0
16745 4 0 0 0 0 0
16746 4 0 0 0 0 0
16747 4 0 0 0 0 0
16748 4 0 0 0 0 0
16749 4 0 0 0 0 0
16750 4 0 0 0 0 0
16751 4 0 0 0 0 0
16752 4 0 0 0 0 0
16753 4 0 0 0 0 0
16754 4 0 0 0 0 0
16755 4 0 0 0 0 0
16756 4 0 0 0 0 0
16757 4 0 0 0 0 0
16758 4 0 0 0 0 0
16759 4 0 0 0 0 0
16760 4 0 0 0 0 0
16761 4 0 0 0 0 0
16833 0 4 0 0 0 0
16834 0 4 0 0 0 0
16835 0 4 0 0 0 0
16836 0 4 0 0 0 0
16892 4 0 0 0 0 0
16893 4 0 0 0 0 0
16894 4 0 0 0 0 0
16895 4 0 0 0 0 0
16896 4 0 0 0 0 0
16897 4 0 0 0 0 0
16898 0 4 0 0 0 0
16898 4 0 0 0 0 0
16899 0 4 0 0 0 0
16899 4 0 0 0 0 0
16900 0 4 0 0 0 0
16900 4 0 0 0 0 0
16901 0 4 0 0 0 0
16901 4 0 0 0 0 0
16924 0 4 0 0 0 0
16925 0 4 0 0 0 0
16926 0 4 0 0 0 0
16927 0 4 0 0 0 0
16928 0 4 0 0 0 0
16929 0 4 0 0 0 0
16930 0 4 0 0 0 0
16931 0 4 0 0 0 0
16938 0 4 0 0 0 0
16939 0 4 0 0 0 0
16952 0 4 0 0 0 0
16953 0 4 0 0 0 0
16954 0 4 0 0 0 0
16955 0 4 0 0 0 0
16956 0 4 0 0 0 0
16957 0 4 0 0 0 0
16958 0 4 0 0 0 0
16959 0 4 0 0 0 0
16960 0 4 0 0 0 0
16961 0 4 0 0 0 0
16962 0 4 0 0 0 0
16963 0 4 0 0 0 0
16964 0 4 0 0 0 0
16965 0 4 0 0 0 0
16966 0 4 0 0 0 0
16967 0 4 0 0 0 0
16968 0 4 0 0 0 0
16969 0 4 0 0 0 0
16970 0 4 0 0 0 0
16971 0 4 0 0 0 0
16972 0 4 0 0 0 0
16973 0 4 0 0 0 0
16974 0 4 0 0 0 0
16975 0 4 0 0 0 0
17072 0 4 0 0 0 0
17073 0 4 0 0 0 0
17074 0 4 0 0 0 0
17075 0 4 0 0 0 0
17076 0 4 0 0 0 0
17077 0 4 0 0 0 0
17078 0 4 0 0 0 0
17079 0 4 0 0 0 0
17080 0 4 0 0 0 0
17081 0 4 0 0 0 0
17082 0 4 0 0 0 0
17083 0 4 0 0 0 0
17144 0 4 0 0 0 0
17145 0 4 0 0 0 0
17146 0 4 0 0 0 0
17147 0 4 0 0 0 0
17148 0 4 0 0 0 0
17149 0 4 0 0 0 0
17150 0 4 0 0 0 0
17151 0 4 0 0 0 0
17152 0 4 0 0 0 0
17153 0 4 0 0 0 0
17154 0 4 0 0 0 0
17155 0 4 0 0 0 0
17156 0 4 0 0 0 0
17157 0 4 0 0 0 0
17158 0 4 0 0 0 0
17159 0 4 0 0 0 0
17160 0 4 0 0 0 0
17161 0 4 0 0 0 0
17162 0 4 0 0 0 0
17163 0 4 0 0 0 0
17164 0 4 0 0 0 0
17165 0 4 0 0 0 0
17166 0 4 0 0 0 0
17167 0 4 0 0 0 0
17322 4 0 0 0 0 0
17323 4 0 0 0 0 0
17324 4 0 0 0 0 0
17325 4 0 0 0 0 0
17326 4 0 0 0 0 0
17327 4 0 0 0 0 0
17328 4 0 0 0 0 0
17329 4 0 0 0 0 0
17330 4 0 0 0 0 0
17331 4 0 0 0 0 0
17351 0 0 0 4 0 0
17352 0 0 0 4 0 0
17354 0 0 0 4 0 0
17355 0 0 0 4 0 0
17359 0 0 0 4 0 0
17360 0 0 0 4 0 0
17362 0 0 0 4 0 0
17363 0 0 0 4 0 0
17367 0 0 0 4 0 0
17368 0 0 0 4 0 0
17370 0 0 0 4 0 0
17371 0 0 0 4 0 0
17396 0 0 4 0 0 0
17441 0 0 0 0 4 0
17452 0 0 0 4 0 0
17453 0 0 0 4 0 0
17454 0 0 0 4 0 0
17475 0 0 4 0 0 0
17476 0 0 4 0 0 0
17477 0 0 4 0 0 0
17478 0 0 4 0 0 0
17479 0 0 4 0 0 0
17480 0 0 4 0 0 0
17481 0 0 4 0 0 0
17482 0 0 4 0 0 0
17483 0 0 4 0 0 0
17484 0 0 4 0 0 0
17485 0 0 4 0 0 0
17486 0 0 4 0 0 0
17560 0 0 4 0 0 0
17561 0 0 4 0 0 0
17562 0 0 4 0 0 0
17563 0 0 4 0 0 0
17564 0 0 4 0 0 0
17565 0 0 4 0 0 0
17566 0 0 4 0 0 0
17567 0 0 4 0 0 0
17568 0 0 4 0 0 0
17569 0 0 4 0 0 0
17570 0 0 4 0 0 0
17571 0 0 4 0 0 0
17652 0 0 0 4 0 0
17655 0 0 0 4 0 0
17691 0 0 4 0 0 0
17692 0 0 4 0 0 0
17693 0 0 4 0 0 0
17700 0 0 0 4 0 0
17701 0 0 0 4 0 0
17702 0 0 4 0 0 0
17703 0 0 4 0 0 0
17704 0 0 0 4 0 0
17705 0 0 4 0 0 0
17706 0 0 4 0 0 0
17707 0 0 4 0 0 0
17708 0 0 4 0 0 0
17709 0 4 0 0 0 0
17710 0 4 0 0 0 0
17711 0 4 0 0 0 0
17956 0 0 4 0 0 0
17957 0 0 4 0 0 0
17958 0 0 4 0 0 0
17959 0 0 4 0 0 0
17960 0 0 4 0 0 0
17961 0 0 4 0 0 0
17962 0 0 4 0 0 0
17963 0 0 4 0 0 0
17964 0 4 0 0 0 0
17965 0 4 0 0 0 0
17966 0 4 0 0 0 0
17967 0 4 0 0 0 0
17968 0 4 0 0 0 0
18044 4 0 0 0 0 0
18045 4 0 0 0 0 0
18046 4 0 0 0 0 0
18047 4 0 0 0 0 0
18048 4 0 0 0 0 0
18049 4 0 0 0 0 0
18050 4 0 0 0 0 0
18051 4 0 0 0 0 0
18052 4 0 0 0 0 0
18053 4 0 0 0 0 0
18054 4 0 0 0 0 0
18055 4 0 0 0 0 0
18056 4 0 0 0 0 0
18057 4 0 0 0 0 0
18058 4 0 0 0 0 0
18059 4 0 0 0 0 0
18060 4 0 0 0 0 0
18061 4 0 0 0 0 0
18062 4 0 0 0 0 0
18063 4 0 0 0 0 0
18064 4 0 0 0 0 0
18075 0 0 0 0 4 0
18078 0 0 0 0 4 0
18083 0 0 0 0 4 0
18086 0 0 0 0 4 0
18091 0 0 0 0 4 0
18093 0 0 0 4 0 0
18094 0 0 0 4 0 0
18350 0 4 0 0 0 0
18351 0 4 0 0 0 0
18352 0 4 0 0 0 0
18353 0 4 0 0 0 0
18354 0 4 0 0 0 0
18355 0 4 0 0 0 0
18356 0 4 0 0 0 0
18357 0 4 0 0 0 0
18358 0 4 0 0 0 0
18359 0 4 0 0 0 0
18360 0 4 0 0 0 0
18361 0 4 0 0 0 0
18362 0 4 0 0 0 0
18363 0 4 0 0 0 0
18364 0 4 0 0 0 0
18365 0 4 0 0 0 0
18366 0 4 0 0 0 0
18367 0 4 0 0 0 0
18368 0 4 0 0 0 0
18369 0 4 0 0 0 0
18370 0 4 0 0 0 0
18371 0 4 0 0 0 0
18372 0 4 0 0 0 0
18373 0 4 0 0 0 0
18374 0 4 0 0 0 0
18375 0 4 0 0 0 0
18376 0 4 0 0 0 0
18377 0 4 0 0 0 0
18378 0 4 0 0 0 0
18379 0 4 0 0 0 0
18380 0 0 4 0 0 0
18380 0 4 0 0 0 0
18381 0 0 4 0 0 0
18381 0 4 0 0 0 0
18382 0 0 4 0 0 0
18382 0 4 0 0 0 0
18383 0 0 4 0 0 0
18383 0 4 0 0 0 0
18384 0 0 4 0 0 0
18384 0 4 0 0 0 0
18385 0 0 4 0 0 0
18385 0 4 0 0 0 0
18386 0 4 0 0 0 0
18387 0 4 0 0 0 0
18388 0 4 0 0 0 0
18389 0 4 0 0 0 0
18390 0 4 0 0 0 0
18391 0 4 0 0 0 0
18392 0 4 0 0 0 0
18393 0 4 0 0 0 0
18394 0 4 0 0 0 0
18449 0 0 4 0 0 0
18450 0 0 4 0 0 0
18451 0 0 4 0 0 0
18452 0 0 4 0 0 0
18453 0 0 0 4 0 0
18453 0 0 4 0 0 0
18454 0 0 0 4 0 0
18454 0 0 4 0 0 0
18484 2 2 0 0 0 0
18485 2 2 0 0 0 0
18614 4 0 0 0 0 0
18615 4 0 0 0 0 0
18616 4 0 0 0 0 0
18617 4 0 0 0 0 0
18618 4 0 0 0 0 0
18619 4 0 0 0 0 0
18620 4 0 0 0 0 0
18621 4 0 0 0 0 0
18633 4 0 0 0 0 0
18637 4 0 0 0 0 0
18638 4 0 0 0 0 0
18639 4 0 0 0 0 0
18640 4 0 0 0 0 0
18641 4 0 0 0 0 0
18642 4 0 0 0 0 0
18643 4 0 0 0 0 0
18644 4 0 0 0 0 0
18645 4 0 0 0 0 0
18646 4 0 0 0 0 0
18647 4 0 0 0 0 0
18648 4 0 0 0 0 0
18649 4 0 0 0 0 0
18650 4 0 0 0 0 0
18651 4 0 0 0 0 0
18652 4 0 0 0 0 0
18653 4 0 0 0 0 0
18654 4 0 0 0 0 0
18655 4 0 0 0 0 0
18656 4 0 0 0 0 0
18657 4 0 0 0 0 0
18658 4 0 0 0 0 0
18659 4 0 0 0 0 0
18660 4 0 0 0 0 0
18661 4 0 0 0 0 0
18662 4 0 0 0 0 0
18663 4 0 0 0 0 0
18664 0 0 0 0 4 0
18668 0 0 0 0 4 0
18669 0 0 0 0 0 4
18669 0 0 0 1 0 3
18670 0 0 0 0 4 0
18673 0 0 0 0 0 4
18673 0 0 0 1 0 3
18674 0 0 0 0 0 4
18675 0 0 0 0 0 4
18676 0 0 0 0 4 0
18678 0 0 0 0 4 0
18680 0 0 0 4 0 0
18681 0 0 0 4 0 0
18683 0 0 0 4 0 0
18684 0 0 0 4 0 0
18686 0 0 0 4 0 0
18687 0 0 0 4 0 0
18689 0 0 0 4 0 0
18690 0 0 0 4 0 0
19199 0 0 0 0 4 0
19199 0 0 1 0 3 0
19200 0 0 0 0 4 0
19200 0 0 1 0 3 0
19201 0 0 0 4 0 0
19202 0 0 0 4 0 0
19203 0 0 4 0 0 0
19204 0 0 4 0 0 0
19205 0 0 4 0 0 0
19206 0 0 4 0 0 0
19207 0 0 4 0 0 0
19208 0 0 4 0 0 0
19211 0 0 4 0 0 0
19212 0 0 4 0 0 0
19213 0 0 4 0 0 0
19214 0 0 4 0 0 0
19215 0 0 4 0 0 0
19216 0 0 4 0 0 0
19217 4 0 0 0 0 0
19218 4 0 0 0 0 0
19245 0 0 4 0 0 0
19246 0 0 4 0 0 0
19247 0 4 0 0 0 0
19248 0 4 0 0 0 0
19249 0 4 0 0 0 0
19250 0 4 0 0 0 0
19251 0 4 0 0 0 0
19252 0 4 0 0 0 0
19253 0 4 0 0 0 0
19254 0 4 0 0 0 0
19265 1 0 0 3 0 0
19266 1 0 0 3 0 0
19267 1 0 0 3 0 0
19268 1 0 0 0 3 0
19269 1 0 0 3 0 0
19270 1 0 0 3 0 0
19271 1 0 3 0 0 0
19272 1 0 0 0 3 0
19273 1 0 0 3 0 0
19274 1 0 0 3 0 0
19275 1 0 0 3 0 0
19276 1 0 0 0 3 0
19277 1 0 0 3 0 0
19278 1 0 0 3 0 0
19279 1 0 3 0 0 0
19280 1 0 0 0 3 0
19281 1 0 0 0 3 0
19281 1 3 0 0 0 0
19282 1 0 0 0 3 0
19282 1 3 0 0 0 0
19283 2 2 0 0 0 0
19284 2 2 0 0 0 0
19285 2 2 0 0 0 0
19286 2 2 0 0 0 0
19287 2 2 0 0 0 0
19288 2 2 0 0 0 0
19289 2 2 0 0 0 0
19290 2 2 0 0 0 0
19291 2 2 0 0 0 0
19292 2 2 0 0 0 0
19355 0 0 4 0 0 0
19356 0 0 4 0 0 0
19357 0 0 4 0 0 0
19358 0 4 0 0 0 0
19359 0 4 0 0 0 0
19360 0 4 0 0 0 0
19361 0 4 0 0 0 0
19362 0 4 0 0 0 0
19363 0 4 0 0 0 0
19364 0 4 0 0 0 0
19365 0 4 0 0 0 0
19366 0 4 0 0 0 0
19367 0 4 0 0 0 0
19368 0 4 0 0 0 0
19369 0 4 0 0 0 0
19388 0 0 4 0 0 0
19389 0 0 4 0 0 0
19390 0 0 4 0 0 0
19391 0 0 4 0 0 0
19392 0 0 4 0 0 0
19393 0 0 4 0 0 0
19394 0 0 4 0 0 0
19395 0 0 4 0 0 0
19396 0 0 4 0 0 0
19398 0 0 0 4 0 0
19399 0 0 0 4 0 0
19400 0 0 4 0 0 0
19401 0 0 4 0 0 0
19402 0 0 4 0 0 0
19403 0 0 4 0 0 0
19404 0 0 4 0 0 0
19405 0 0 4 0 0 0
19406 0 4 0 0 0 0
19407 0 4 0 0 0 0
19408 0 0 0 4 0 0
19408 0 4 0 0 0 0
19409 0 0 0 4 0 0
19409 0 4 0 0 0 0
19435 4 0 0 0 0 0
19436 4 0 0 0 0 0
19437 4 0 0 0 0 0
19438 4 0 0 0 0 0
19439 4 0 0 0 0 0
19440 4 0 0 0 0 0
19441 4 0 0 0 0 0
19442 4 0 0 0 0 0
19443 4 0 0 0 0 0
19444 4 0 0 0 0 0
19445 4 0 0 0 0 0
19446 4 0 0 0 0 0
19447 4 0 0 0 0 0
19448 4 0 0 0 0 0
19449 4 0 0 0 0 0
19450 4 0 0 0 0 0
19451 4 0 0 0 0 0
19452 4 0 0 0 0 0
19453 4 0 0 0 0 0
19454 4 0 0 0 0 0
19455 4 0 0 0 0 0
19456 4 0 0 0 0 0
19457 4 0 0 0 0 0
19458 4 0 0 0 0 0
19459 4 0 0 0 0 0
19460 4 0 0 0 0 0
19461 4 0 0 0 0 0
19462 4 0 0 0 0 0
19463 4 0 0 0 0 0
19464 4 0 0 0 0 0
19465 4 0 0 0 0 0
19466 4 0 0 0 0 0
19467 4 0 0 0 0 0
19468 4 0 0 0 0 0
19469 4 0 0 0 0 0
19470 4 0 0 0 0 0
19471 4 0 0 0 0 0
19472 4 0 0 0 0 0
19473 4 0 0 0 0 0
19474 4 0 0 0 0 0
19475 2 2 0 0 0 0
19475 4 0 0 0 0 0
19476 2 2 0 0 0 0
19476 4 0 0 0 0 0
19477 2 2 0 0 0 0
19477 4 0 0 0 0 0
19478 2 2 0 0 0 0
19478 4 0 0 0 0 0
19479 2 2 0 0 0 0
19479 4 0 0 0 0 0
19480 2 2 0 0 0 0
19480 4 0 0 0 0 0
19481 2 2 0 0 0 0
19481 4 0 0 0 0 0
19482 2 2 0 0 0 0
19482 4 0 0 0 0 0
19483 2 2 0 0 0 0
19483 4 0 0 0 0 0
19484 2 2 0 0 0 0
19484 4 0 0 0 0 0
19485 2 2 0 0 0 0
19485 4 0 0 0 0 0
19486 2 2 0 0 0 0
19486 4 0 0 0 0 0
19487 2 2 0 0 0 0
19487 4 0 0 0 0 0
19488 2 2 0 0 0 0
19488 4 0 0 0 0 0
19489 2 2 0 0 0 0
19489 4 0 0 0 0 0
19490 2 2 0 0 0 0
19490 4 0 0 0 0 0
19491 2 2 0 0 0 0
19491 4 0 0 0 0 0
19492 2 2 0 0 0 0
19492 4 0 0 0 0 0
19493 2 2 0 0 0 0
19493 4 0 0 0 0 0
19494 2 2 0 0 0 0
19494 4 0 0 0 0 0
19495 2 2 0 0 0 0
19495 4 0 0 0 0 0
19496 2 2 0 0 0 0
19496 4 0 0 0 0 0
19497 2 2 0 0 0 0
19497 4 0 0 0 0 0
19498 2 2 0 0 0 0
19498 4 0 0 0 0 0
19499 2 0 2 0 0 0
19499 2 2 0 0 0 0
19499 4 0 0 0 0 0
19500 2 0 2 0 0 0
19500 2 2 0 0 0 0
19500 4 0 0 0 0 0
19501 2 0 2 0 0 0
19501 2 2 0 0 0 0
19501 4 0 0 0 0 0
19502 2 0 2 0 0 0
19502 2 2 0 0 0 0
19502 4 0 0 0 0 0
19503 2 0 2 0 0 0
19503 2 2 0 0 0 0
19503 4 0 0 0 0 0
19504 2 0 2 0 0 0
19504 2 2 0 0 0 0
19504 4 0 0 0 0 0
19505 2 2 0 0 0 0
19505 4 0 0 0 0 0
19506 2 2 0 0 0 0
19506 4 0 0 0 0 0
19507 2 2 0 0 0 0
19507 4 0 0 0 0 0
19508 2 2 0 0 0 0
19508 4 0 0 0 0 0
19509 2 2 0 0 0 0
19509 4 0 0 0 0 0
19510 2 2 0 0 0 0
19510 4 0 0 0 0 0
19511 2 2 0 0 0 0
19511 4 0 0 0 0 0
19512 2 2 0 0 0 0
19512 4 0 0 0 0 0
19513 2 2 0 0 0 0
19513 4 0 0 0 0 0
19514 2 2 0 0 0 0
19514 4 0 0 0 0 0
19515 2 2 0 0 0 0
19515 4 0 0 0 0 0
19516 2 2 0 0 0 0
19516 4 0 0 0 0 0
19517 2 2 0 0 0 0
19517 4 0 0 0 0 0
19518 2 2 0 0 0 0
19518 4 0 0 0 0 0
19519 2 2 0 0 0 0
19519 4 0 0 0 0 0
19520 2 2 0 0 0 0
19520 4 0 0 0 0 0
19521 2 2 0 0 0 0
19521 4 0 0 0 0 0
19522 2 2 0 0 0 0
19522 4 0 0 0 0 0
19523 2 2 0 0 0 0
19523 4 0 0 0 0 0
19524 2 2 0 0 0 0
19524 4 0 0 0 0 0
19525 2 2 0 0 0 0
19525 4 0 0 0 0 0
19526 2 2 0 0 0 0
19526 4 0 0 0 0 0
19527 2 2 0 0 0 0
19527 4 0 0 0 0 0
19528 2 2 0 0 0 0
19528 4 0 0 0 0 0
19529 2 2 0 0 0 0
19529 4 0 0 0 0 0
19530 2 2 0 0 0 0
19530 4 0 0 0 0 0
19531 2 2 0 0 0 0
19531 4 0 0 0 0 0
19532 2 2 0 0 0 0
19532 4 0 0 0 0 0
19533 2 2 0 0 0 0
19533 4 0 0 0 0 0
19534 2 2 0 0 0 0
19534 4 0 0 0 0 0
19685 4 0 0 0 0 0
19686 4 0 0 0 0 0
19687 4 0 0 0 0 0
19688 4 0 0 0 0 0
19689 4 0 0 0 0 0
19690 4 0 0 0 0 0
19691 4 0 0 0 0 0
19692 4 0 0 0 0 0
19693 4 0 0 0 0 0
19694 4 0 0 0 0 0
19695 4 0 0 0 0 0
19696 4 0 0 0 0 0
19697 3 1 0 0 0 0
19697 4 0 0 0 0 0
19698 3 1 0 0 0 0
19698 4 0 0 0 0 0
19699 3 1 0 0 0 0
19699 4 0 0 0 0 0
19700 4 0 0 0 0 0
19701 4 0 0 0 0 0
19702 4 0 0 0 0 0
19703 4 0 0 0 0 0
19704 4 0 0 0 0 0
19795 0 4 0 0 0 0
19796 0 4 0 0 0 0
19797 0 4 0 0 0 0
19798 0 4 0 0 0 0
19799 0 4 0 0 0 0
19800 0 4 0 0 0 0
19839 0 4 0 0 0 0
19840 0 4 0 0 0 0
19841 0 4 0 0 0 0
19842 0 4 0 0 0 0
19843 0 4 0 0 0 0
19844 0 4 0 0 0 0
20155 4 0 0 0 0 0
20156 4 0 0 0 0 0
20157 4 0 0 0 0 0
20158 4 0 0 0 0 0
20159 4 0 0 0 0 0
20160 4 0 0 0 0 0
20161 4 0 0 0 0 0
20162 4 0 0 0 0 0
20163 4 0 0 0 0 0
20164 4 0 0 0 0 0
20165 4 0 0 0 0 0
20166 4 0 0 0 0 0
20167 4 0 0 0 0 0
20168 4 0 0 0 0 0
20169 4 0 0 0 0 0
20170 4 0 0 0 0 0
20171 4 0 0 0 0 0
20172 4 0 0 0 0 0
20173 4 0 0 0 0 0
20174 4 0 0 0 0 0
20185 4 0 0 0 0 0
20186 4 0 0 0 0 0
20187 4 0 0 0 0 0
20188 4 0 0 0 0 0
20189 4 0 0 0 0 0
20190 4 0 0 0 0 0
20191 4 0 0 0 0 0
20192 4 0 0 0 0 0
20193 4 0 0 0 0 0
20194 4 0 0 0 0 0
20215 4 0 0 0 0 0
20216 4 0 0 0 0 0
20217 4 0 0 0 0 0
20218 4 0 0 0 0 0
20219 4 0 0 0 0 0
20220 4 0 0 0 0 0
20221 4 0 0 0 0 0
20222 4 0 0 0 0 0
20223 4 0 0 0 0 0
20224 4 0 0 0 0 0
20225 4 0 0 0 0 0
20226 4 0 0 0 0 0
20227 4 0 0 0 0 0
20228 4 0 0 0 0 0
20229 4 0 0 0 0 0
20230 4 0 0 0 0 0
20231 4 0 0 0 0 0
20232 4 0 0 0 0 0
20233 4 0 0 0 0 0
20234 4 0 0 0 0 0
20265 4 0 0 0 0 0
20266 4 0 0 0 0 0
20267 4 0 0 0 0 0
20268 4 0 0 0 0 0
20269 4 0 0 0 0 0
20270 4 0 0 0 0 0
20271 4 0 0 0 0 0
20272 4 0 0 0 0 0
20273 4 0 0 0 0 0
20274 4 0 0 0 0 0
20275 4 0 0 0 0 0
20276 4 0 0 0 0 0
20277 4 0 0 0 0 0
20278 4 0 0 0 0 0
20279 4 0 0 0 0 0
20280 4 0 0 0 0 0
20281 4 0 0 0 0 0
20282 4 0 0 0 0 0
20283 4 0 0 0 0 0
20284 4 0 0 0 0 0
20285 4 0 0 0 0 0
20286 4 0 0 0 0 0
20287 4 0 0 0 0 0
20288 4 0 0 0 0 0
20289 4 0 0 0 0 0
20290 4 0 0 0 0 0
20291 4 0 0 0 0 0
20292 4 0 0 0 0 0
20293 4 0 0 0 0 0
20294 4 0 0 0 0 0
20325 4 0 0 0 0 0
20326 4 0 0 0 0 0
20327 4 0 0 0 0 0
20328 4 0 0 0 0 0
20329 4 0 0 0 0 0
20330 4 0 0 0 0 0
20331 4 0 0 0 0 0
20332 4 0 0 0 0 0
20333 4 0 0 0 0 0
20334 4 0 0 0 0 0
20335 4 0 0 0 0 0
20336 4 0 0 0 0 0
20337 4 0 0 0 0 0
20338 4 0 0 0 0 0
20339 4 0 0 0 0 0
20340 4 0 0 0 0 0
20341 4 0 0 0 0 0
20342 4 0 0 0 0 0
20343 4 0 0 0 0 0
20344 4 0 0 0 0 0
20345 4 0 0 0 0 0
20346 4 0 0 0 0 0
20347 4 0 0 0 0 0
20348 4 0 0 0 0 0
20349 4 0 0 0 0 0
20350 4 0 0 0 0 0
20351 4 0 0 0 0 0
20352 4 0 0 0 0 0
20353 4 0 0 0 0 0
20354 4 0 0 0 0 0
20475 0 4 0 0 0 0
20476 0 4 0 0 0 0
20477 0 4 0 0 0 0
20478 0 4 0 0 0 0
20479 0 4 0 0 0 0
20480 0 4 0 0 0 0
20525 0 0 0 4 0 0
20525 0 4 0 0 0 0
20526 0 0 0 4 0 0
20526 0 4 0 0 0 0
20527 0 0 0 4 0 0
20527 0 4 0 0 0 0
20528 0 0 0 4 0 0
20528 0 4 0 0 0 0
20529 0 0 0 4 0 0
20529 0 4 0 0 0 0
20530 0 0 0 4 0 0
20530 0 4 0 0 0 0
20531 0 0 0 4 0 0
20532 0 0 0 4 0 0
20533 0 0 0 4 0 0
20536 0 0 0 4 0 0
20539 0 0 0 4 0 0
20540 0 0 0 4 0 0
20541 0 0 0 4 0 0
20544 0 0 0 4 0 0
20547 0 0 0 4 0 0
20548 0 0 0 4 0 0
20549 0 0 0 4 0 0
20552 0 0 0 4 0 0
20563 0 4 0 0 0 0
20564 0 4 0 0 0 0
20565 0 4 0 0 0 0
20566 0 4 0 0 0 0
20567 0 4 0 0 0 0
20568 0 4 0 0 0 0
20569 0 4 0 0 0 0
20570 0 4 0 0 0 0
20670 0 0 4 0 0 0
20671 0 0 4 0 0 0
20672 0 0 4 0 0 0
20682 0 0 4 0 0 0
20683 0 0 4 0 0 0
20684 0 0 4 0 0 0
20939 0 0 0 4 0 0
20940 0 0 0 4 0 0
20941 0 0 0 4 0 0
20942 0 0 0 4 0 0
20943 0 0 0 4 0 0
20944 0 0 0 4 0 0
20992 0 0 0 4 0 0
20992 1 0 0 3 0 0
20993 0 0 0 4 0 0
20993 1 0 0 3 0 0
20995 0 4 0 0 0 0
20996 0 4 0 0 0 0
21020 3 0 1 0 0 0
21020 4 0 0 0 0 0
21021 3 0 1 0 0 0
21021 4 0 0 0 0 0
21022 3 0 1 0 0 0
21022 4 0 0 0 0 0
21030 4 0 0 0 0 0
21031 4 0 0 0 0 0
21047 4 0 0 0 0 0
21048 4 0 0 0 0 0
21049 4 0 0 0 0 0
21050 4 0 0 0 0 0
21051 4 0 0 0 0 0
21052 4 0 0 0 0 0
21053 4 0 0 0 0 0
21054 4 0 0 0 0 0
21055 4 0 0 0 0 0
21056 4 0 0 0 0 0
21057 4 0 0 0 0 0
21058 4 0 0 0 0 0
21062 2 0 2 0 0 0
21063 2 0 2 0 0 0
21097 0 0 0 0 4 0
21099 0 0 0 0 4 0
21103 0 0 0 0 4 0
21105 0 0 0 0 4 0
21109 0 0 0 4 0 0
21111 0 0 0 4 0 0
21115 0 0 0 0 4 0
21117 0 0 0 0 4 0
21121 0 0 0 4 0 0
21123 0 0 0 4 0 0
21127 0 0 0 4 0 0
21129 0 0 0 4 0 0
21290 4 0 0 0 0 0
21291 4 0 0 0 0 0
21292 4 0 0 0 0 0
21293 4 0 0 0 0 0
21294 4 0 0 0 0 0
21295 4 0 0 0 0 0
21296 4 0 0 0 0 0
21297 4 0 0 0 0 0
21298 4 0 0 0 0 0
21299 4 0 0 0 0 0
21300 4 0 0 0 0 0
21301 4 0 0 0 0 0
21302 4 0 0 0 0 0
21303 4 0 0 0 0 0
21304 4 0 0 0 0 0
21305 4 0 0 0 0 0
21306 4 0 0 0 0 0
21307 4 0 0 0 0 0
21308 4 0 0 0 0 0
21309 4 0 0 0 0 0
21310 4 0 0 0 0 0
21311 4 0 0 0 0 0
21312 4 0 0 0 0 0
21313 4 0 0 0 0 0
21314 4 0 0 0 0 0
21315 4 0 0 0 0 0
21316 4 0 0 0 0 0
21317 4 0 0 0 0 0
21318 4 0 0 0 0 0
21319 4 0 0 0 0 0
21320 4 0 0 0 0 0
21321 4 0 0 0 0 0
21322 4 0 0 0 0 0
21323 4 0 0 0 0 0
21324 4 0 0 0 0 0
21325 4 0 0 0 0 0
21326 4 0 0 0 0 0
21327 4 0 0 0 0 0
21328 4 0 0 0 0 0
21329 4 0 0 0 0 0
21330 4 0 0 0 0 0
21331 4 0 0 0 0 0
21332 4 0 0 0 0 0
21333 4 0 0 0 0 0
21334 4 0 0 0 0 0
21335 4 0 0 0 0 0
21336 4 0 0 0 0 0
21337 4 0 0 0 0 0
21338 4 0 0 0 0 0
21339 4 0 0 0 0 0
21340 4 0 0 0 0 0
21341 4 0 0 0 0 0
21342 4 0 0 0 0 0
21343 4 0 0 0 0 0
21344 4 0 0 0 0 0
21345 4 0 0 0 0 0
21346 4 0 0 0 0 0
21347 4 0 0 0 0 0
21348 4 0 0 0 0 0
21349 4 0 0 0 0 0
21596 0 0 0 4 0 0
21597 0 0 0 4 0 0
21604 0 0 4 0 0 0
21605 0 0 4 0 0 0
21606 0 0 4 0 0 0
21607 0 0 4 0 0 0
21608 0 0 4 0 0 0
21609 0 0 4 0 0 0
22982 0 0 0 4 0 0
22983 0 0 0 4 0 0
22988 0 0 0 4 0 0
22989 0 0 0 4 0 0
23006 0 0 0 4 0 0
23007 0 0 0 4 0 0
23012 0 0 0 4 0 0
23013 0 0 0 4 0 0
23030 0 0 0 4 0 0
23031 0 0 0 4 0 0
23036 0 0 0 4 0 0
23037 0 0 0 4 0 0
23190 0 4 0 0 0 0
23191 0 4 0 0 0 0
23192 0 4 0 0 0 0
23193 0 4 0 0 0 0
23194 0 4 0 0 0 0
23195 0 4 0 0 0 0
23208 0 4 0 0 0 0
23340 4 0 0 0 0 0
23341 4 0 0 0 0 0
23342 4 0 0 0 0 0
23343 4 0 0 0 0 0
23344 4 0 0 0 0 0
23345 4 0 0 0 0 0
23346 4 0 0 0 0 0
23347 4 0 0 0 0 0
23348 4 0 0 0 0 0
23349 4 0 0 0 0 0
23350 4 0 0 0 0 0
23351 4 0 0 0 0 0
23352 4 0 0 0 0 0
23353 4 0 0 0 0 0
23354 4 0 0 0 0 0
23355 4 0 0 0 0 0
23366 0 0 4 0 0 0
23367 0 0 4 0 0 0
23370 0 4 0 0 0 0
23380 0 4 0 0 0 0
23380 4 0 0 0 0 0
23416 0 4 0 0 0 0
23437 2 1 0 0 0 1
23437 2 1 0 1 0 0
23438 2 1 0 0 0 1
23438 2 1 0 1 0 0
23439 2 1 1 0 0 0
23440 2 1 0 0 1 0
23440 2 1 1 0 0 0
23441 2 1 1 0 0 0
23442 2 1 0 0 0 1
23442 2 1 1 0 0 0
23443 2 1 0 0 0 1
23443 2 1 0 1 0 0
23443 2 1 1 0 0 0
23444 2 1 0 0 0 1
23444 2 1 0 1 0 0
23476 2 0 2 0 0 0
23477 2 2 0 0 0 0
23478 3 0 0 1 0 0
23481 2 0 0 2 0 0
23481 3 0 0 1 0 0
23489 0 4 0 0 0 0
23490 0 0 1 0 3 0
23491 0 0 0 0 4 0
23492 0 0 0 0 4 0
23493 0 0 0 0 4 0
23494 0 0 0 0 4 0
23495 0 0 0 0 4 0
23612 0 0 0 0 0 4
23612 0 0 0 0 1 3
23614 0 0 0 0 4 0
23614 0 0 0 1 3 0
23630 0 4 0 0 0 0
23631 0 4 0 0 0 0
23643 0 0 0 4 0 0
23644 0 0 0 4 0 0
23646 0 0 0 4 0 0
23646 0 0 4 0 0 0
23647 0 0 4 0 0 0
23672 0 0 0 4 0 0
23673 0 0 0 0 4 0
23674 0 0 0 0 4 0
23674 0 0 4 0 0 0
23675 0 0 0 0 4 0
23675 0 0 4 0 0 0
23676 0 0 0 0 4 0
23676 0 0 4 0 0 0
23677 0 0 0 0 4 0
23678 0 0 0 0 4 0
23679 0 0 0 0 4 0
23680 0 0 0 0 4 0
23681 0 0 0 0 4 0
23682 0 0 0 0 4 0
23833 0 0 0 0 4 0
23833 0 4 0 0 0 0
23836 0 0 0 4 0 0
23837 0 0 0 4 0 0
23857 0 0 4 0 0 0
23858 0 0 4 0 0 0
23864 0 0 0 0 4 0
23864 4 0 0 0 0 0
23865 4 0 0 0 0 0
23866 0 0 0 4 0 0
23866 4 0 0 0 0 0
23867 4 0 0 0 0 0
23868 4 0 0 0 0 0
23869 4 0 0 0 0 0
23870 4 0 0 0 0 0
23871 4 0 0 0 0 0
23872 4 0 0 0 0 0
23874 0 0 0 2 0 2
23875 0 0 2 0 2 0
23876 0 0 2 0 2 0
23877 3 0 0 0 1 0
23878 3 0 0 1 0 0
23879 2 0 0 2 0 0
23879 3 0 0 1 0 0
23879 3 0 1 0 0 0
23880 0 0 4 0 0 0
23880 0 4 0 0 0 0
23881 0 0 4 0 0 0
23881 0 4 0 0 0 0
23882 0 4 0 0 0 0
23883 0 4 0 0 0 0
23884 0 4 0 0 0 0
23885 0 4 0 0 0 0
23886 0 4 0 0 0 0
23887 0 4 0 0 0 0
23888 0 4 0 0 0 0
23892 0 0 0 0 4 0
23892 0 0 0 4 0 0
23893 0 0 0 0 0 4
23893 0 0 0 4 0 0
23893 0 0 4 0 0 0
23894 0 0 0 0 0 4
23894 0 0 0 0 4 0
23894 0 0 4 0 0 0
23895 0 0 0 0 0 4
23895 0 0 0 4 0 0
23896 0 0 0 0 0 4
23896 0 0 0 4 0 0
23897 0 0 0 0 0 4
23897 0 0 0 4 0 0
23898 0 4 0 0 0 0
23899 0 0 4 0 0 0
23900 0 4 0 0 0 0
23913 0 2 2 0 0 0
23914 0 2 2 0 0 0
23976 0 0 2 2 0 0
23976 0 0 3 1 0 0
24010 0 4 0 0 0 0
24021 0 0 0 0 4 0
24022 0 0 0 0 4 0
24023 0 0 0 0 4 0
24024 0 0 0 0 4 0
24025 0 0 0 0 4 0
24026 0 0 0 4 0 0
24027 0 0 0 0 4 0
24028 0 0 0 0 4 0
24029 0 0 0 0 4 0
24030 0 0 0 4 0 0
24031 0 0 0 4 0 0
24033 0 0 0 0 4 0
24034 0 0 0 0 4 0
24035 0 0 0 4 0 0
24043 2 1 1 0 0 0
24043 2 2 0 0 0 0
24044 2 1 1 0 0 0
24044 2 2 0 0 0 0
24047 2 2 0 0 0 0
24048 4 0 0 0 0 0
24049 0 4 0 0 0 0
24049 4 0 0 0 0 0
24143 0 4 0 0 0 0
24144 0 4 0 0 0 0
24145 0 4 0 0 0 0
24146 0 4 0 0 0 0
24147 0 4 0 0 0 0
24148 0 4 0 0 0 0
24149 0 4 0 0 0 0
24163 0 4 0 0 0 0
24164 0 4 0 0 0 0
24166 0 4 0 0 0 0
24182 4 0 0 0 0 0
24183 4 0 0 0 0 0
24191 0 4 0 0 0 0
24192 0 4 0 0 0 0
24194 4 0 0 0 0 0
24195 4 0 0 0 0 0
24207 4 0 0 0 0 0
24208 4 0 0 0 0 0
24209 4 0 0 0 0 0
24210 4 0 0 0 0 0
24211 4 0 0 0 0 0
24212 4 0 0 0 0 0
24213 4 0 0 0 0 0
24214 4 0 0 0 0 0
24215 4 0 0 0 0 0
24216 4 0 0 0 0 0
24217 4 0 0 0 0 0
24218 4 0 0 0 0 0
24219 4 0 0 0 0 0
24232 3 0 1 0 0 0
24233 3 0 1 0 0 0
24235 4 0 0 0 0 0
24236 4 0 0 0 0 0
24237 4 0 0 0 0 0
24238 2 0 2 0 0 0
24250 0 0 0 4 0 0
24252 0 0 0 4 0 0
24253 0 0 4 0 0 0
24254 0 0 4 0 0 0
24255 0 4 0 0 0 0
24256 0 4 0 0 0 0
24257 0 0 2 0 2 0
24257 0 4 0 0 0 0
24257 1 0 1 0 2 0
24257 1 0 2 0 1 0
24263 0 2 0 0 2 0
24263 1 1 0 0 2 0
24263 1 2 0 0 1 0
24264 0 2 0 2 0 0
24264 1 1 0 2 0 0
24264 1 2 0 1 0 0
24265 0 2 2 0 0 0
24265 1 1 2 0 0 0
24265 1 2 1 0 0 0
24270 4 0 0 0 0 0
24271 4 0 0 0 0 0
24272 4 0 0 0 0 0
24273 4 0 0 0 0 0
24274 4 0 0 0 0 0
24275 4 0 0 0 0 0
24276 4 0 0 0 0 0
24277 4 0 0 0 0 0
24278 4 0 0 0 0 0
24279 4 0 0 0 0 0
24280 4 0 0 0 0 0
24282 0 0 0 4 0 0
24283 0 0 0 0 4 0
24283 0 0 4 0 0 0
24333 4 0 0 0 0 0
24334 4 0 0 0 0 0
24335 4 0 0 0 0 0
24336 4 0 0 0 0 0
24337 4 0 0 0 0 0
24350 3 1 0 0 0 0
24351 3 1 0 0 0 0
24352 0 3 1 0 0 0
24367 0 0 0 0 4 0
24367 4 0 0 0 0 0
24368 0 0 4 0 0 0
24382 0 2 2 0 0 0
24382 0 3 1 0 0 0
24382 2 2 0 0 0 0
24382 3 1 0 0 0 0
24383 0 2 2 0 0 0
24383 0 3 1 0 0 0
24383 2 2 0 0 0 0
24383 3 1 0 0 0 0
24384 0 2 2 0 0 0
24384 0 3 1 0 0 0
24384 2 2 0 0 0 0
24384 3 1 0 0 0 0
24385 2 0 2 0 0 0
24385 2 2 0 0 0 0
24385 3 1 0 0 0 0
24386 2 0 2 0 0 0
24386 2 2 0 0 0 0
24386 3 1 0 0 0 0
24387 2 0 2 0 0 0
24387 2 2 0 0 0 0
24387 3 1 0 0 0 0
24388 2 2 0 0 0 0
24388 3 1 0 0 0 0
24389 2 2 0 0 0 0
24389 3 1 0 0 0 0
24390 2 2 0 0 0 0
24390 3 1 0 0 0 0
24391 2 2 0 0 0 0
24391 3 1 0 0 0 0
24392 2 2 0 0 0 0
24392 3 1 0 0 0 0
24393 2 2 0 0 0 0
24393 3 1 0 0 0 0
24394 2 2 0 0 0 0
24394 3 1 0 0 0 0
24395 2 2 0 0 0 0
24395 3 1 0 0 0 0
24406 0 0 4 0 0 0
24406 4 0 0 0 0 0
24407 4 0 0 0 0 0
24408 4 0 0 0 0 0
24409 4 0 0 0 0 0
24410 4 0 0 0 0 0
24411 4 0 0 0 0 0
24412 4 0 0 0 0 0
24413 4 0 0 0 0 0
24414 4 0 0 0 0 0
24415 4 0 0 0 0 0
24416 4 0 0 0 0 0
24417 4 0 0 0 0 0
24418 4 0 0 0 0 0
24419 4 0 0 0 0 0
24420 4 0 0 0 0 0
24421 4 0 0 0 0 0
24422 4 0 0 0 0 0
24423 4 0 0 0 0 0
24424 4 0 0 0 0 0
24425 4 0 0 0 0 0
24426 4 0 0 0 0 0
24427 4 0 0 0 0 0
24428 4 0 0 0 0 0
24429 4 0 0 0 0 0
24430 4 0 0 0 0 0
24431 4 0 0 0 0 0
24432 4 0 0 0 0 0
24433 4 0 0 0 0 0
24434 4 0 0 0 0 0
24435 4 0 0 0 0 0
24436 0 0 1 0 0 3
24436 0 0 1 0 3 0
24436 0 3 1 0 0 0
24436 0 4 0 0 0 0
24453 0 0 4 0 0 0
24453 0 4 0 0 0 0
24453 1 0 3 0 0 0
24453 2 0 2 0 0 0
24453 2 1 0 0 1 0
24454 0 4 0 0 0 0
24454 3 0 0 0 0 1
24455 0 4 0 0 0 0
24455 2 1 0 1 0 0
24456 0 4 0 0 0 0
24456 2 1 0 1 0 0
24457 0 4 0 0 0 0
24458 0 4 0 0 0 0
24458 3 0 0 0 0 1
24459 0 4 0 0 0 0
24459 3 0 0 0 0 1
24460 0 4 0 0 0 0
24460 3 0 0 0 0 1
24461 3 0 0 0 0 1
24465 3 0 0 0 0 1
24466 3 0 0 0 0 1
24470 3 0 0 0 0 1
24471 3 0 0 0 0 1
24472 4 0 0 0 0 0
24473 4 0 0 0 0 0
24474 4 0 0 0 0 0
24475 4 0 0 0 0 0
24476 4 0 0 0 0 0
24477 4 0 0 0 0 0
24478 4 0 0 0 0 0
24479 4 0 0 0 0 0
24480 4 0 0 0 0 0
24481 4 0 0 0 0 0
24482 4 0 0 0 0 0
24483 4 0 0 0 0 0
24484 4 0 0 0 0 0
24485 4 0 0 0 0 0
24486 4 0 0 0 0 0
24487 4 0 0 0 0 0
24488 4 0 0 0 0 0
24489 4 0 0 0 0 0
24490 4 0 0 0 0 0
24491 4 0 0 0 0 0
24492 4 0 0 0 0 0
24493 4 0 0 0 0 0
24494 0 4 0 0 0 0
24495 0 4 0 0 0 0
24499 0 4 0 0 0 0
24500 0 4 0 0 0 0
24502 0 0 2 0 0 2
24502 0 0 2 2 0 0
24502 0 0 4 0 0 0
24508 0 0 0 0 4 0
24509 0 0 0 0 4 0
24510 0 0 0 4 0 0
24511 0 0 4 0 0 0
24512 0 0 0 0 4 0
24513 0 0 0 4 0 0
24514 0 0 4 0 0 0
24515 0 4 0 0 0 0
24516 4 0 0 0 0 0
24517 4 0 0 0 0 0
24518 4 0 0 0 0 0
24519 4 0 0 0 0 0
24520 4 0 0 0 0 0
24529 0 0 0 0 0 4
24529 0 0 0 4 0 0
24529 3 0 1 0 0 0
24529 4 0 0 0 0 0
24530 0 0 0 0 0 4
24530 0 0 4 0 0 0
24530 4 0 0 0 0 0
24531 0 0 0 0 0 4
24531 0 4 0 0 0 0
24531 4 0 0 0 0 0
24532 4 0 0 0 0 0
24533 4 0 0 0 0 0
24534 4 0 0 0 0 0
24536 0 0 0 0 4 0
24536 0 0 4 0 0 0
24537 0 0 0 0 4 0
24537 0 0 4 0 0 0
24538 0 0 0 0 0 4
24538 0 0 0 4 0 0
24538 0 0 1 0 0 3
24538 0 0 1 3 0 0
24572 4 0 0 0 0 0
24573 4 0 0 0 0 0
24574 4 0 0 0 0 0
24575 4 0 0 0 0 0
24576 4 0 0 0 0 0
24577 4 0 0 0 0 0
24578 4 0 0 0 0 0
24579 4 0 0 0 0 0
24580 4 0 0 0 0 0
24581 4 0 0 0 0 0
24582 4 0 0 0 0 0
24587 0 2 2 0 0 0
24623 0 4 0 0 0 0
24624 0 4 0 0 0 0
24625 0 4 0 0 0 0
24626 0 4 0 0 0 0
24627 0 0 0 4 0 0
24627 0 4 0 0 0 0
24628 0 0 4 0 0 0
24628 0 4 0 0 0 0
24643 0 0 0 0 0 4
24643 0 0 0 4 0 0
24643 0 3 1 0 0 0
24654 4 0 0 0 0 0
24655 4 0 0 0 0 0
24656 4 0 0 0 0 0
24657 4 0 0 0 0 0
24658 0 4 0 0 0 0
24658 4 0 0 0 0 0
24667 0 3 1 0 0 0
24679 4 0 0 0 0 0
24680 4 0 0 0 0 0
24681 4 0 0 0 0 0
24682 4 0 0 0 0 0
24683 4 0 0 0 0 0
24684 4 0 0 0 0 0
24685 0 4 0 0 0 0
24685 4 0 0 0 0 0
24686 0 4 0 0 0 0
24686 4 0 0 0 0 0
24687 0 4 0 0 0 0
24687 4 0 0 0 0 0
24688 0 4 0 0 0 0
24688 4 0 0 0 0 0
24689 0 4 0 0 0 0
24689 4 0 0 0 0 0
24690 0 4 0 0 0 0
24690 4 0 0 0 0 0
24691 0 4 0 0 0 0
24691 4 0 0 0 0 0
24692 0 4 0 0 0 0
24692 4 0 0 0 0 0
24693 0 4 0 0 0 0
24693 4 0 0 0 0 0
24694 0 4 0 0 0 0
24694 4 0 0 0 0 0
24695 0 4 0 0 0 0
24695 4 0 0 0 0 0
24696 0 4 0 0 0 0
24696 4 0 0 0 0 0
24697 0 4 0 0 0 0
24697 4 0 0 0 0 0
24698 0 4 0 0 0 0
24698 4 0 0 0 0 0
24699 0 4 0 0 0 0
24699 4 0 0 0 0 0
24700 0 4 0 0 0 0
24700 4 0 0 0 0 0
24701 4 0 0 0 0 0
24702 4 0 0 0 0 0
24703 4 0 0 0 0 0
24704 4 0 0 0 0 0
24705 4 0 0 0 0 0
24706 4 0 0 0 0 0
24707 4 0 0 0 0 0
24708 4 0 0 0 0 0
24709 4 0 0 0 0 0
24710 4 0 0 0 0 0
24711 4 0 0 0 0 0
24712 4 0 0 0 0 0
24713 4 0 0 0 0 0
24714 4 0 0 0 0 0
24715 4 0 0 0 0 0
24716 4 0 0 0 0 0
24717 4 0 0 0 0 0
24718 4 0 0 0 0 0
24719 0 0 0 0 1 3
24719 2 2 0 0 0 0
24720 0 0 0 1 3 0
24720 2 2 0 0 0 0
24721 2 2 0 0 0 0
24722 0 0 0 0 1 3
24723 0 0 0 0 1 3
24723 0 0 2 2 0 0
24724 0 0 0 1 3 0
24724 0 2 2 0 0 0
24725 0 2 2 0 0 0
24726 0 0 1 3 0 0
24734 1 2 0 0 1 0
24734 2 1 0 0 1 0
24735 1 2 0 0 0 1
24735 2 1 0 0 0 1
24736 1 2 0 0 1 0
24736 2 1 0 0 1 0
24737 1 2 0 0 1 0
24737 2 1 0 0 1 0
24752 0 0 1 0 3 0
24752 0 1 0 0 3 0
24752 0 1 1 0 2 0
24753 0 1 0 0 3 0
24754 0 1 0 3 0 0
24755 0 0 1 0 3 0
24757 0 0 4 0 0 0
24758 0 0 4 0 0 0
24761 0 4 0 0 0 0
24762 0 4 0 0 0 0
24763 0 4 0 0 0 0
24777 0 0 0 0 3 1
24777 0 0 4 0 0 0
24777 0 4 0 0 0 0
24778 0 0 4 0 0 0
24778 0 4 0 0 0 0
24779 0 0 0 0 3 1
24779 0 0 4 0 0 0
24780 0 0 4 0 0 0
24782 0 0 0 0 3 1
24785 0 0 0 0 3 1
24807 4 0 0 0 0 0
24808 4 0 0 0 0 0
24809 4 0 0 0 0 0
24810 4 0 0 0 0 0
24811 4 0 0 0 0 0
24812 4 0 0 0 0 0
24813 4 0 0 0 0 0
24814 4 0 0 0 0 0
24815 4 0 0 0 0 0
24816 4 0 0 0 0 0
24817 4 0 0 0 0 0
24818 4 0 0 0 0 0
24819 4 0 0 0 0 0
24820 4 0 0 0 0 0
24821 4 0 0 0 0 0
24822 4 0 0 0 0 0
24823 4 0 0 0 0 0
24824 4 0 0 0 0 0
24825 4 0 0 0 0 0
24826 4 0 0 0 0 0
24827 4 0 0 0 0 0
24828 4 0 0 0 0 0
24829 4 0 0 0 0 0
24830 4 0 0 0 0 0
24831 4 0 0 0 0 0
24832 4 0 0 0 0 0
24833 4 0 0 0 0 0
24834 4 0 0 0 0 0
24835 4 0 0 0 0 0
24836 4 0 0 0 0 0
24837 4 0 0 0 0 0
24838 4 0 0 0 0 0
24839 4 0 0 0 0 0
24840 4 0 0 0 0 0
24841 4 0 0 0 0 0
24842 4 0 0 0 0 0
24843 4 0 0 0 0 0
24844 4 0 0 0 0 0
24845 4 0 0 0 0 0
24846 4 0 0 0 0 0
24847 4 0 0 0 0 0
24848 4 0 0 0 0 0
24849 4 0 0 0 0 0
24850 4 0 0 0 0 0
24851 4 0 0 0 0 0
24852 4 0 0 0 0 0
24853 4 0 0 0 0 0
24854 4 0 0 0 0 0
24855 4 0 0 0 0 0
24856 4 0 0 0 0 0
24857 4 0 0 0 0 0
24858 4 0 0 0 0 0
24859 4 0 0 0 0 0
24860 4 0 0 0 0 0
24861 4 0 0 0 0 0
24862 4 0 0 0 0 0
24863 4 0 0 0 0 0
24864 4 0 0 0 0 0
24865 4 0 0 0 0 0
24866 4 0 0 0 0 0
24867 4 0 0 0 0 0
24868 4 0 0 0 0 0
24869 4 0 0 0 0 0
24870 4 0 0 0 0 0
24871 4 0 0 0 0 0
24872 4 0 0 0 0 0
24873 4 0 0 0 0 0
24874 4 0 0 0 0 0
24875 4 0 0 0 0 0
24876 4 0 0 0 0 0
24892 4 0 0 0 0 0
24893 4 0 0 0 0 0
24894 4 0 0 0 0 0
24895 4 0 0 0 0 0
24896 4 0 0 0 0 0
24897 4 0 0 0 0 0
24898 4 0 0 0 0 0
24899 4 0 0 0 0 0
24900 4 0 0 0 0 0
24901 4 0 0 0 0 0
24902 4 0 0 0 0 0
24903 4 0 0 0 0 0
24904 4 0 0 0 0 0
24905 4 0 0 0 0 0
24906 4 0 0 0 0 0
24907 4 0 0 0 0 0
24908 4 0 0 0 0 0
24909 4 0 0 0 0 0
24910 4 0 0 0 0 0
24911 4 0 0 0 0 0
24912 4 0 0 0 0 0
24913 4 0 0 0 0 0
24914 4 0 0 0 0 0
24915 4 0 0 0 0 0
24916 4 0 0 0 0 0
24917 0 0 0 4 0 0
24918 0 0 0 4 0 0
24921 0 0 0 4 0 0
24942 0 0 0 4 0 0
24942 0 4 0 0 0 0
24943 0 0 0 4 0 0
24944 0 0 0 4 0 0
24947 0 4 0 0 0 0
24948 0 4 0 0 0 0
24949 0 4 0 0 0 0
24950 0 4 0 0 0 0
24987 0 0 0 0 0 4
24987 0 0 0 4 0 0
24988 0 0 0 0 0 4
24988 0 0 0 4 0 0
24989 0 0 0 0 0 4
24990 0 0 0 0 0 4
24990 0 0 0 0 4 0
24991 0 0 0 0 0 4
24992 0 0 0 0 0 4
24992 0 0 0 0 4 0
24993 0 0 0 4 0 0
24993 0 0 4 0 0 0
24993 0 4 0 0 0 0
24993 4 0 0 0 0 0
24994 0 0 0 4 0 0
24994 0 0 4 0 0 0
24994 0 4 0 0 0 0
24994 4 0 0 0 0 0
24995 0 0 0 4 0 0
24995 0 0 4 0 0 0
24995 0 4 0 0 0 0
24995 4 0 0 0 0 0
24996 0 0 0 4 0 0
24996 0 0 4 0 0 0
24996 0 4 0 0 0 0
24996 4 0 0 0 0 0
25007 1 0 0 0 3 0
25008 1 0 0 0 3 0
25009 1 0 0 0 3 0
25010 1 0 0 0 3 0
25011 0 1 0 0 3 0
25011 1 0 0 0 3 0
25011 1 1 0 0 2 0
25012 0 1 0 0 3 0
25012 1 0 0 0 3 0
25012 1 1 0 0 2 0
25013 0 0 0 4 0 0
25016 0 0 0 4 0 0
25025 0 0 0 4 0 0
25028 0 0 0 4 0 0
25037 0 0 0 4 0 0
25040 0 0 0 4 0 0
25079 0 0 0 0 0 4
25080 0 0 0 0 0 4
25082 0 0 0 0 4 0
25085 0 0 0 0 4 0
25087 0 0 0 4 0 0
25087 0 4 0 0 0 0
25088 0 0 4 0 0 0
25088 0 4 0 0 0 0
25089 0 0 4 0 0 0
25089 0 4 0 0 0 0
25090 0 0 0 4 0 0
25091 0 0 0 4 0 0
25092 0 0 4 0 0 0
25093 0 0 4 0 0 0
25096 0 0 0 4 0 0
25096 0 0 3 1 0 0
25096 0 0 4 0 0 0
25097 0 0 0 4 0 0
25097 0 0 3 1 0 0
25097 0 0 4 0 0 0
25098 0 0 0 4 0 0
25100 0 0 0 0 4 0
25101 0 0 0 4 0 0
25101 0 0 4 0 0 0
25101 0 4 0 0 0 0
25102 0 0 0 4 0 0
25102 0 0 4 0 0 0
25103 0 0 0 4 0 0
25111 0 0 0 0 0 4
25111 0 0 0 4 0 0
25112 0 0 0 0 0 4
25112 0 0 0 4 0 0
25113 0 0 0 0 0 4
25114 0 0 0 0 0 4
25115 0 0 0 0 0 4
25115 0 0 0 4 0 0
25116 0 0 0 0 0 4
25116 0 0 0 4 0 0
25117 0 0 0 0 0 4
25118 0 0 0 0 0 4
25119 0 0 0 4 0 0
25120 0 0 0 4 0 0
25121 0 0 0 0 4 0
25121 0 0 4 0 0 0
25122 0 0 0 4 0 0
25122 0 0 4 0 0 0
25123 0 0 0 0 4 0
25124 0 0 0 0 4 0
25125 0 0 0 4 0 0
25126 0 0 0 0 4 0
25126 0 0 4 0 0 0
25127 0 0 0 4 0 0
25127 0 0 4 0 0 0
25128 0 0 0 0 4 0
25129 0 0 0 0 4 0
25130 0 0 0 4 0 0
25131 0 0 0 4 0 0
25132 0 0 0 4 0 0
25136 0 0 0 0 0 4
25137 0 0 0 0 0 4
25138 0 0 0 0 0 4
25139 0 0 0 0 0 4
25140 0 0 0 0 0 4
25141 0 0 0 0 0 4
25142 0 0 0 0 0 4
25143 0 0 0 0 0 4
25144 0 0 0 0 4 0
25145 0 0 0 0 4 0
25146 0 0 0 0 4 0
25147 0 0 0 0 4 0
25148 0 0 0 0 4 0
25149 0 0 0 0 4 0
25150 0 0 0 0 4 0
25151 0 0 0 0 4 0
25152 0 0 0 0 4 0
25153 0 0 0 0 4 0
25154 0 0 0 0 4 0
25155 0 0 0 0 4 0
25201 0 0 0 0 4 0
25201 0 2 0 2 0 0
25201 0 3 0 1 0 0
25202 0 0 0 0 4 0
25202 0 2 0 2 0 0
25202 0 3 0 1 0 0
25203 0 2 0 2 0 0
25203 0 3 0 1 0 0
25204 0 2 0 2 0 0
25204 0 3 0 1 0 0
25205 0 0 0 4 0 0
25206 0 0 0 4 0 0
25213 3 0 0 0 0 1
25214 3 0 0 0 0 1
25219 3 0 0 0 0 1
25220 3 0 0 0 0 1
25221 3 0 0 0 0 1
25222 3 0 0 0 0 1
25231 0 2 0 0 0 2
25231 0 3 0 0 0 1
25256 0 2 2 0 0 0
25256 0 3 1 0 0 0
25257 0 2 2 0 0 0
25257 0 3 1 0 0 0
25263 0 0 0 0 4 0
25263 0 4 0 0 0 0
25264 0 0 0 4 0 0
25265 0 0 0 4 0 0
25267 0 0 0 4 0 0
25273 0 0 0 0 4 0
25274 0 0 0 0 4 0
25275 0 4 0 0 0 0
25276 0 4 0 0 0 0
25290 0 4 0 0 0 0
25290 1 3 0 0 0 0
25290 4 0 0 0 0 0
25291 0 4 0 0 0 0
25291 1 3 0 0 0 0
25291 4 0 0 0 0 0
25292 4 0 0 0 0 0
25293 4 0 0 0 0 0
25294 3 0 0 1 0 0
25294 4 0 0 0 0 0
25295 3 0 0 0 1 0
25295 3 0 0 1 0 0
25295 4 0 0 0 0 0
25296 4 0 0 0 0 0
25297 4 0 0 0 0 0
25298 3 0 0 1 0 0
25298 4 0 0 0 0 0
25299 3 0 0 0 1 0
25299 3 0 0 1 0 0
25299 4 0 0 0 0 0
25300 4 0 0 0 0 0
25301 4 0 0 0 0 0
25302 4 0 0 0 0 0
25303 0 0 4 0 0 0
25303 4 0 0 0 0 0
25304 0 0 4 0 0 0
25304 4 0 0 0 0 0
25305 0 0 4 0 0 0
25305 4 0 0 0 0 0
25306 4 0 0 0 0 0
25307 4 0 0 0 0 0
25308 4 0 0 0 0 0
25309 4 0 0 0 0 0
25310 4 0 0 0 0 0
25311 0 0 0 4 0 0
25311 4 0 0 0 0 0
25312 0 0 0 4 0 0
25312 4 0 0 0 0 0
25313 4 0 0 0 0 0
25314 4 0 0 0 0 0
25315 4 0 0 0 0 0
25316 0 0 0 4 0 0
25316 0 4 0 0 0 0
25316 4 0 0 0 0 0
25317 0 0 0 4 0 0
25317 0 4 0 0 0 0
25317 4 0 0 0 0 0
25318 0 4 0 0 0 0
25318 4 0 0 0 0 0
25319 0 0 4 0 0 0
25319 0 4 0 0 0 0
25319 4 0 0 0 0 0
25320 0 0 4 0 0 0
25320 0 4 0 0 0 0
25320 4 0 0 0 0 0
25321 0 0 4 0 0 0
25321 0 4 0 0 0 0
25321 4 0 0 0 0 0
25322 0 4 0 0 0 0
25322 4 0 0 0 0 0
25323 0 4 0 0 0 0
25323 4 0 0 0 0 0
25324 4 0 0 0 0 0
25325 4 0 0 0 0 0
25326 4 0 0 0 0 0
25327 4 0 0 0 0 0
25328 4 0 0 0 0 0
25329 4 0 0 0 0 0
25338 0 0 0 3 0 1
25338 0 0 0 4 0 0
25339 0 0 3 0 0 1
25339 0 0 4 0 0 0
25344 0 0 4 0 0 0
25352 0 4 0 0 0 0
25353 0 4 0 0 0 0
25356 4 0 0 0 0 0
25357 4 0 0 0 0 0
25358 4 0 0 0 0 0
25359 0 0 4 0 0 0
25359 4 0 0 0 0 0
25360 0 0 4 0 0 0
25360 4 0 0 0 0 0
25361 0 0 4 0 0 0
25361 4 0 0 0 0 0
25362 4 0 0 0 0 0
25363 4 0 0 0 0 0
25364 4 0 0 0 0 0
25365 4 0 0 0 0 0
25366 4 0 0 0 0 0
25367 4 0 0 0 0 0
25368 4 0 0 0 0 0
25369 4 0 0 0 0 0
25370 0 0 0 4 0 0
25370 4 0 0 0 0 0
25371 4 0 0 0 0 0
25372 0 0 4 0 0 0
25372 4 0 0 0 0 0
25373 4 0 0 0 0 0
25374 4 0 0 0 0 0
25375 4 0 0 0 0 0
25376 4 0 0 0 0 0
25377 4 0 0 0 0 0
25378 0 0 0 4 0 0
25378 0 4 0 0 0 0
25378 4 0 0 0 0 0
25379 0 4 0 0 0 0
25379 4 0 0 0 0 0
25380 0 4 0 0 0 0
25380 4 0 0 0 0 0
25381 4 0 0 0 0 0
25382 4 0 0 0 0 0
25383 4 0 0 0 0 0
25384 4 0 0 0 0 0
25385 4 0 0 0 0 0
25386 4 0 0 0 0 0
25387 4 0 0 0 0 0
25388 4 0 0 0 0 0
25389 4 0 0 0 0 0
25390 4 0 0 0 0 0
25391 4 0 0 0 0 0
25392 4 0 0 0 0 0
25395 0 0 0 0 4 0
25396 0 0 0 4 0 0
25397 0 0 0 4 0 0
25403 0 0 0 0 4 0
25404 0 0 0 0 4 0
25405 0 0 0 0 4 0
25406 0 0 0 4 0 0
25407 0 0 0 4 0 0
25409 0 0 0 4 0 0
25416 0 0 0 0 4 0
25418 0 0 0 0 4 0
25419 0 0 0 0 4 0
25420 0 0 0 4 0 0
25421 0 0 0 4 0 0
25422 0 0 0 4 0 0
25423 0 0 4 0 0 0
25424 0 0 4 0 0 0
25425 0 0 4 0 0 0
25426 0 0 0 0 4 0
25427 0 0 0 4 0 0
25428 0 0 0 0 4 0
25429 0 0 0 4 0 0
25430 0 0 0 4 0 0
25431 0 0 0 4 0 0
25433 0 0 4 0 0 0
25434 0 0 4 0 0 0
25435 0 0 4 0 0 0
25436 0 0 4 0 0 0
25437 0 0 4 0 0 0
25438 0 4 0 0 0 0
25462 0 4 0 0 0 0
25463 0 4 0 0 0 0
25464 0 4 0 0 0 0
25465 0 4 0 0 0 0
25466 0 4 0 0 0 0
25567 1 3 0 0 0 0
25567 4 0 0 0 0 0
25568 1 3 0 0 0 0
25568 4 0 0 0 0 0
25569 4 0 0 0 0 0
25570 4 0 0 0 0 0
25571 4 0 0 0 0 0
25572 4 0 0 0 0 0
25573 0 4 0 0 0 0
25584 0 0 0 0 4 0
25584 4 0 0 0 0 0
25616 4 0 0 0 0 0
25617 4 0 0 0 0 0
25618 4 0 0 0 0 0
25619 4 0 0 0 0 0
25620 4 0 0 0 0 0
25621 4 0 0 0 0 0
25622 4 0 0 0 0 0
25623 4 0 0 0 0 0
25624 4 0 0 0 0 0
25625 4 0 0 0 0 0
25626 4 0 0 0 0 0
25627 4 0 0 0 0 0
25628 4 0 0 0 0 0
25629 4 0 0 0 0 0
25630 4 0 0 0 0 0
25645 0 0 4 0 0 0
25646 0 4 0 0 0 0
25647 0 4 0 0 0 0
25648 0 4 0 0 0 0
25650 0 4 0 0 0 0
25651 0 4 0 0 0 0
25652 0 4 0 0 0 0
25653 0 4 0 0 0 0
25654 0 4 0 0 0 0
25655 0 4 0 0 0 0
25656 0 4 0 0 0 0
25657 0 4 0 0 0 0
25659 4 0 0 0 0 0
25660 4 0 0 0 0 0
25661 4 0 0 0 0 0
25662 4 0 0 0 0 0
25663 4 0 0 0 0 0
25664 4 0 0 0 0 0
25665 4 0 0 0 0 0
25666 4 0 0 0 0 0
25667 4 0 0 0 0 0
25668 0 0 0 4 0 0
25669 0 0 0 4 0 0
25670 0 0 0 4 0 0
25671 0 0 4 0 0 0
25672 0 0 4 0 0 0
25673 0 0 4 0 0 0
25674 0 0 4 0 0 0
25675 0 4 0 0 0 0
25676 0 4 0 0 0 0
25677 0 4 0 0 0 0
25678 0 4 0 0 0 0
25679 0 4 0 0 0 0
25680 0 0 4 0 0 0
25681 0 0 4 0 0 0
25682 0 4 0 0 0 0
25683 0 4 0 0 0 0
25684 0 4 0 0 0 0
25685 0 4 0 0 0 0
25686 0 4 0 0 0 0
25699 0 0 4 0 0 0
25700 0 0 4 0 0 0
25701 0 0 4 0 0 0
25702 0 0 4 0 0 0
25703 0 0 4 0 0 0
25704 0 0 4 0 0 0
25707 0 0 4 0 0 0
25708 0 0 4 0 0 0
25709 0 0 4 0 0 0
25710 0 0 4 0 0 0
25711 0 0 4 0 0 0
25712 0 0 4 0 0 0
25723 4 0 0 0 0 0
25733 0 0 4 0 0 0
25734 0 0 4 0 0 0
25743 4 0 0 0 0 0
25755 1 3 0 0 0 0
25756 1 3 0 0 0 0
25757 1 3 0 0 0 0
25758 1 3 0 0 0 0
25761 0 0 4 0 0 0
25761 4 0 0 0 0 0
25762 0 4 0 0 0 0
25762 4 0 0 0 0 0
25772 0 4 0 0 0 0
25773 0 4 0 0 0 0
25777 0 4 0 0 0 0
25779 0 4 0 0 0 0
25780 0 4 0 0 0 0
25784 4 0 0 0 0 0
25785 4 0 0 0 0 0
25789 0 4 0 0 0 0
25790 0 4 0 0 0 0
25793 1 0 3 0 0 0
25793 2 0 2 0 0 0
25794 1 0 3 0 0 0
25794 2 0 2 0 0 0
25795 1 0 3 0 0 0
25795 2 0 2 0 0 0
25799 1 0 3 0 0 0
25799 2 0 2 0 0 0
25800 1 0 3 0 0 0
25800 2 0 2 0 0 0
25801 1 0 3 0 0 0
25801 2 0 2 0 0 0
25822 0 4 0 0 0 0
25839 0 4 0 0 0 0
25840 0 4 0 0 0 0
25841 0 1 0 3 0 0
25842 0 1 0 3 0 0
25844 0 1 0 3 0 0
25845 0 1 0 3 0 0
25852 2 0 2 0 0 0
25853 2 0 2 0 0 0
25854 2 0 2 0 0 0
25858 2 0 2 0 0 0
25859 2 0 2 0 0 0
25860 2 0 2 0 0 0
25888 0 4 0 0 0 0
25889 0 0 4 0 0 0
25889 0 4 0 0 0 0
25890 0 0 4 0 0 0
25890 0 4 0 0 0 0
25895 0 4 0 0 0 0
25896 0 4 0 0 0 0
25897 0 4 0 0 0 0
25898 0 4 0 0 0 0
25899 0 4 0 0 0 0
25900 0 4 0 0 0 0
25901 4 0 0 0 0 0
25902 4 0 0 0 0 0
25903 4 0 0 0 0 0
25904 4 0 0 0 0 0
25993 2 0 0 2 0 0
25994 2 0 0 2 0 0
25995 2 0 0 2 0 0
25996 2 0 0 2 0 0
25999 2 0 0 2 0 0
25999 2 1 0 1 0 0
26000 2 0 0 2 0 0
26000 2 1 0 1 0 0
26001 0 0 3 0 1 0
26001 0 0 4 0 0 0
26028 0 0 0 4 0 0
26030 0 0 4 0 0 0
26031 0 0 4 0 0 0
26033 0 0 0 4 0 0
26036 0 0 4 0 0 0
26037 0 0 4 0 0 0
26038 0 0 4 0 0 0
26044 0 4 0 0 0 0
26045 0 4 0 0 0 0
26046 0 4 0 0 0 0
26047 0 4 0 0 0 0
26048 0 4 0 0 0 0
26049 0 4 0 0 0 0
26050 0 4 0 0 0 0
26051 0 4 0 0 0 0
26052 0 4 0 0 0 0
26053 0 4 0 0 0 0
26057 2 2 0 0 0 0
26072 4 0 0 0 0 0
26073 4 0 0 0 0 0
26074 3 0 1 0 0 0
26074 4 0 0 0 0 0
26075 4 0 0 0 0 0
26076 4 0 0 0 0 0
26077 4 0 0 0 0 0
26078 0 4 0 0 0 0
26079 0 4 0 0 0 0
26080 0 4 0 0 0 0
26090 4 0 0 0 0 0
26091 4 0 0 0 0 0
26092 4 0 0 0 0 0
26145 4 0 0 0 0 0
26146 4 0 0 0 0 0
26147 4 0 0 0 0 0
26148 4 0 0 0 0 0
26149 4 0 0 0 0 0
26150 4 0 0 0 0 0
26151 4 0 0 0 0 0
26152 4 0 0 0 0 0
26153 4 0 0 0 0 0
26154 4 0 0 0 0 0
26155 4 0 0 0 0 0
26156 4 0 0 0 0 0
26157 4 0 0 0 0 0
26158 4 0 0 0 0 0
26159 4 0 0 0 0 0
26160 4 0 0 0 0 0
26201 0 4 0 0 0 0
26250 0 4 0 0 0 0
26251 0 4 0 0 0 0
26252 0 4 0 0 0 0
26270 0 4 0 0 0 0
26271 0 4 0 0 0 0
26288 0 4 0 0 0 0
26289 0 4 0 0 0 0
26290 0 4 0 0 0 0
26291 0 0 4 0 0 0
26291 2 0 2 0 0 0
26291 3 0 1 0 0 0
26292 0 0 4 0 0 0
26292 2 0 2 0 0 0
26292 3 0 1 0 0 0
26293 0 0 4 0 0 0
26293 2 0 2 0 0 0
26293 3 0 1 0 0 0
26294 0 0 4 0 0 0
26294 2 0 2 0 0 0
26294 3 0 1 0 0 0
26295 0 0 4 0 0 0
26295 2 0 2 0 0 0
26295 3 0 1 0 0 0
26296 0 0 4 0 0 0
26296 2 0 2 0 0 0
26296 3 0 1 0 0 0
26321 2 2 0 0 0 0
26321 3 1 0 0 0 0
26322 2 2 0 0 0 0
26322 3 1 0 0 0 0
26323 2 2 0 0 0 0
26323 3 1 0 0 0 0
26324 2 2 0 0 0 0
26324 3 1 0 0 0 0
26325 2 2 0 0 0 0
26325 3 1 0 0 0 0
26326 2 2 0 0 0 0
26326 3 1 0 0 0 0
26329 0 2 2 0 0 0
26329 2 1 1 0 0 0
26329 3 0 0 0 1 0
26330 0 2 2 0 0 0
26330 2 1 1 0 0 0
26330 3 0 0 0 1 0
26345 0 3 1 0 0 0
26345 0 4 0 0 0 0
26346 4 0 0 0 0 0
26347 4 0 0 0 0 0
26348 4 0 0 0 0 0
26351 0 2 0 2 0 0
26351 0 3 0 1 0 0
26352 0 2 0 2 0 0
26352 0 3 0 1 0 0
26353 0 2 2 0 0 0
26353 0 3 1 0 0 0
26354 0 2 2 0 0 0
26354 0 3 1 0 0 0
26357 0 0 0 4 0 0
26357 0 0 4 0 0 0
26357 0 4 0 0 0 0
26358 0 0 0 4 0 0
26358 0 0 4 0 0 0
26358 0 4 0 0 0 0
26359 0 0 4 0 0 0
26359 0 4 0 0 0 0
26360 0 0 4 0 0 0
26360 0 4 0 0 0 0
26361 0 0 4 0 0 0
26361 0 4 0 0 0 0
26362 0 0 4 0 0 0
26362 0 4 0 0 0 0
26363 0 0 4 0 0 0
26363 0 4 0 0 0 0
26364 0 0 4 0 0 0
26364 0 4 0 0 0 0
26365 0 4 0 0 0 0
26366 0 4 0 0 0 0
26367 0 4 0 0 0 0
26368 0 4 0 0 0 0
26369 0 2 0 2 0 0
26369 3 1 0 0 0 0
26370 0 2 0 2 0 0
26370 3 1 0 0 0 0
26371 3 0 1 0 0 0
26371 4 0 0 0 0 0
26372 0 0 4 0 0 0
26373 0 0 4 0 0 0
26376 4 0 0 0 0 0
26377 4 0 0 0 0 0
26378 0 0 0 4 0 0
26379 0 0 0 4 0 0
26386 4 0 0 0 0 0
26387 4 0 0 0 0 0
26388 4 0 0 0 0 0
26389 4 0 0 0 0 0
26390 4 0 0 0 0 0
26391 4 0 0 0 0 0
26392 4 0 0 0 0 0
26393 4 0 0 0 0 0
26394 4 0 0 0 0 0
26395 4 0 0 0 0 0
26396 4 0 0 0 0 0
26397 4 0 0 0 0 0
26398 4 0 0 0 0 0
26399 4 0 0 0 0 0
26400 4 0 0 0 0 0
26401 4 0 0 0 0 0
26402 4 0 0 0 0 0
26403 4 0 0 0 0 0
26404 4 0 0 0 0 0
26405 4 0 0 0 0 0
26416 4 0 0 0 0 0
26417 4 0 0 0 0 0
26418 4 0 0 0 0 0
26419 4 0 0 0 0 0
26420 4 0 0 0 0 0
26421 4 0 0 0 0 0
26422 4 0 0 0 0 0
26423 4 0 0 0 0 0
26424 4 0 0 0 0 0
26425 4 0 0 0 0 0
26426 4 0 0 0 0 0
26427 4 0 0 0 0 0
26428 4 0 0 0 0 0
26429 4 0 0 0 0 0
26430 4 0 0 0 0 0
26431 4 0 0 0 0 0
26432 4 0 0 0 0 0
26433 4 0 0 0 0 0
26434 4 0 0 0 0 0
26435 4 0 0 0 0 0
26436 4 0 0 0 0 0
26437 4 0 0 0 0 0
26438 4 0 0 0 0 0
26439 4 0 0 0 0 0
26440 4 0 0 0 0 0
26441 4 0 0 0 0 0
26446 4 0 0 0 0 0
26447 4 0 0 0 0 0
26448 4 0 0 0 0 0
26449 4 0 0 0 0 0
26450 4 0 0 0 0 0
26451 4 0 0 0 0 0
26452 4 0 0 0 0 0
26453 4 0 0 0 0 0
26454 4 0 0 0 0 0
26469 4 0 0 0 0 0
26470 4 0 0 0 0 0
26471 4 0 0 0 0 0
26472 4 0 0 0 0 0
26473 4 0 0 0 0 0
26474 4 0 0 0 0 0
26475 4 0 0 0 0 0
26476 4 0 0 0 0 0
26477 0 4 0 0 0 0
26478 0 4 0 0 0 0
26479 0 4 0 0 0 0
26480 0 4 0 0 0 0
26487 0 0 4 0 0 0
26488 0 0 4 0 0 0
26495 0 4 0 0 0 0
26506 4 0 0 0 0 0
26507 4 0 0 0 0 0
26508 4 0 0 0 0 0
26509 4 0 0 0 0 0
26510 4 0 0 0 0 0
26511 4 0 0 0 0 0
26512 4 0 0 0 0 0
26513 4 0 0 0 0 0
26514 4 0 0 0 0 0
26515 4 0 0 0 0 0
26516 4 0 0 0 0 0
26517 4 0 0 0 0 0
26518 4 0 0 0 0 0
26519 4 0 0 0 0 0
26520 4 0 0 0 0 0
26521 4 0 0 0 0 0
26522 4 0 0 0 0 0
26523 4 0 0 0 0 0
26524 4 0 0 0 0 0
26525 4 0 0 0 0 0
26526 0 0 4 0 0 0
26527 0 0 4 0 0 0
26528 0 0 4 0 0 0
26529 0 0 4 0 0 0
26530 0 0 4 0 0 0
26531 0 0 4 0 0 0
26532 0 4 0 0 0 0
26533 0 4 0 0 0 0
26534 0 4 0 0 0 0
26535 0 4 0 0 0 0
26536 0 4 0 0 0 0
26537 0 4 0 0 0 0
26538 0 4 0 0 0 0
26539 0 4 0 0 0 0
26540 0 4 0 0 0 0
26541 0 4 0 0 0 0
26542 0 4 0 0 0 0
26543 0 4 0 0 0 0
26544 4 0 0 0 0 0
26545 4 0 0 0 0 0
26586 4 0 0 0 0 0
26587 4 0 0 0 0 0
26588 4 0 0 0 0 0
26589 4 0 0 0 0 0
26590 4 0 0 0 0 0
26591 4 0 0 0 0 0
26592 4 0 0 0 0 0
26593 4 0 0 0 0 0
26594 0 4 0 0 0 0
26595 0 4 0 0 0 0
26596 0 4 0 0 0 0
26597 0 4 0 0 0 0
26598 0 4 0 0 0 0
26599 0 4 0 0 0 0
26606 0 0 4 0 0 0
26607 0 0 4 0 0 0
26608 0 0 4 0 0 0
26614 0 0 4 0 0 0
26615 0 0 4 0 0 0
26616 0 0 4 0 0 0
26661 0 0 4 0 0 0
26662 0 0 4 0 0 0
26666 0 4 0 0 0 0
26667 0 4 0 0 0 0
26668 0 4 0 0 0 0
26698 0 0 4 0 0 0
26699 0 0 4 0 0 0
26700 0 0 4 0 0 0
26702 0 0 4 0 0 0
26703 0 0 4 0 0 0
26704 0 0 4 0 0 0
26706 0 0 4 0 0 0
26707 0 0 4 0 0 0
26708 0 0 4 0 0 0
26709 0 4 0 0 0 0
26710 0 4 0 0 0 0
26711 0 4 0 0 0 0
26712 0 4 0 0 0 0
26713 0 4 0 0 0 0
26714 0 4 0 0 0 0
26715 0 4 0 0 0 0
26716 0 4 0 0 0 0
26717 0 4 0 0 0 0
26718 0 4 0 0 0 0
26719 0 4 0 0 0 0
26720 0 4 0 0 0 0
26723 0 1 3 0 0 0
26724 0 1 3 0 0 0
26736 1 3 0 0 0 0
26736 2 2 0 0 0 0
26737 1 3 0 0 0 0
26737 2 2 0 0 0 0
26738 1 3 0 0 0 0
26738 2 2 0 0 0 0
26751 0 4 0 0 0 0
26751 4 0 0 0 0 0
26752 0 4 0 0 0 0
26752 4 0 0 0 0 0
26753 0 4 0 0 0 0
26753 4 0 0 0 0 0
26754 0 0 4 0 0 0
26754 0 4 0 0 0 0
26754 4 0 0 0 0 0
26755 0 0 4 0 0 0
26755 0 4 0 0 0 0
26755 4 0 0 0 0 0
26756 0 0 4 0 0 0
26756 0 4 0 0 0 0
26756 4 0 0 0 0 0
26757 0 0 4 0 0 0
26757 0 4 0 0 0 0
26757 4 0 0 0 0 0
26758 0 0 4 0 0 0
26758 0 4 0 0 0 0
26758 4 0 0 0 0 0
26759 0 0 4 0 0 0
26759 0 4 0 0 0 0
26759 4 0 0 0 0 0
26760 0 4 0 0 0 0
26760 4 0 0 0 0 0
26761 0 4 0 0 0 0
26761 4 0 0 0 0 0
26762 0 4 0 0 0 0
26762 4 0 0 0 0 0
26763 4 0 0 0 0 0
26764 4 0 0 0 0 0
26765 4 0 0 0 0 0
26766 4 0 0 0 0 0
26767 4 0 0 0 0 0
26768 4 0 0 0 0 0
26769 4 0 0 0 0 0
26770 4 0 0 0 0 0
26771 4 0 0 0 0 0
26772 4 0 0 0 0 0
26773 4 0 0 0 0 0
26774 4 0 0 0 0 0
26775 0 0 4 0 0 0
26775 0 4 0 0 0 0
26775 4 0 0 0 0 0
26776 0 0 4 0 0 0
26776 0 4 0 0 0 0
26776 4 0 0 0 0 0
26777 0 0 4 0 0 0
26777 0 4 0 0 0 0
26777 4 0 0 0 0 0
26778 0 0 4 0 0 0
26778 0 4 0 0 0 0
26778 4 0 0 0 0 0
26779 0 0 4 0 0 0
26779 0 4 0 0 0 0
26779 4 0 0 0 0 0
26780 0 0 4 0 0 0
26780 0 4 0 0 0 0
26780 4 0 0 0 0 0
26781 0 4 0 0 0 0
26781 4 0 0 0 0 0
26782 0 4 0 0 0 0
26782 4 0 0 0 0 0
26783 0 4 0 0 0 0
26783 4 0 0 0 0 0
26784 0 4 0 0 0 0
26784 4 0 0 0 0 0
26785 0 4 0 0 0 0
26785 4 0 0 0 0 0
26786 0 4 0 0 0 0
26786 4 0 0 0 0 0
26787 0 4 0 0 0 0
26787 4 0 0 0 0 0
26788 0 4 0 0 0 0
26788 4 0 0 0 0 0
26789 0 4 0 0 0 0
26789 4 0 0 0 0 0
26790 0 4 0 0 0 0
26790 4 0 0 0 0 0
26791 0 4 0 0 0 0
26791 4 0 0 0 0 0
26792 0 4 0 0 0 0
26792 4 0 0 0 0 0
26793 0 4 0 0 0 0
26793 4 0 0 0 0 0
26794 0 4 0 0 0 0
26794 4 0 0 0 0 0
26795 0 4 0 0 0 0
26795 4 0 0 0 0 0
26796 0 4 0 0 0 0
26796 4 0 0 0 0 0
26797 0 4 0 0 0 0
26797 4 0 0 0 0 0
26798 0 4 0 0 0 0
26798 4 0 0 0 0 0
26799 4 0 0 0 0 0
26800 4 0 0 0 0 0
26801 4 0 0 0 0 0
26802 4 0 0 0 0 0
26803 4 0 0 0 0 0
26804 4 0 0 0 0 0
26805 4 0 0 0 0 0
26806 4 0 0 0 0 0
26807 4 0 0 0 0 0
26808 4 0 0 0 0 0
26809 4 0 0 0 0 0
26810 4 0 0 0 0 0
26851 0 4 0 0 0 0
26851 1 3 0 0 0 0
26851 4 0 0 0 0 0
26852 0 4 0 0 0 0
26852 1 3 0 0 0 0
26852 4 0 0 0 0 0
26853 0 4 0 0 0 0
26853 1 3 0 0 0 0
26853 4 0 0 0 0 0
26854 0 4 0 0 0 0
26854 1 3 0 0 0 0
26854 4 0 0 0 0 0
26855 3 1 0 0 0 0
26855 4 0 0 0 0 0
26856 3 1 0 0 0 0
26856 4 0 0 0 0 0
26857 3 1 0 0 0 0
26857 4 0 0 0 0 0
26858 3 1 0 0 0 0
26858 4 0 0 0 0 0
26859 4 0 0 0 0 0
26860 4 0 0 0 0 0
26861 4 0 0 0 0 0
26862 4 0 0 0 0 0
26863 4 0 0 0 0 0
26864 4 0 0 0 0 0
26865 4 0 0 0 0 0
26866 4 0 0 0 0 0
26867 4 0 0 0 0 0
26868 4 0 0 0 0 0
26869 4 0 0 0 0 0
26870 4 0 0 0 0 0
26901 0 4 0 0 0 0
26902 0 4 0 0 0 0
26903 0 4 0 0 0 0
26904 0 0 4 0 0 0
26904 0 4 0 0 0 0
26905 0 0 4 0 0 0
26905 0 4 0 0 0 0
26906 0 0 4 0 0 0
26906 0 4 0 0 0 0
26919 0 0 4 0 0 0
26920 0 0 4 0 0 0
26921 0 0 4 0 0 0
26956 2 2 0 0 0 0
26957 2 2 0 0 0 0
26958 2 2 0 0 0 0
26967 0 2 2 0 0 0
27003 0 0 4 0 0 0
27004 0 0 4 0 0 0
27005 0 0 4 0 0 0
27006 0 0 4 0 0 0
27007 0 0 4 0 0 0
27008 0 0 4 0 0 0
27063 0 0 4 0 0 0
27064 0 0 4 0 0 0
27065 0 0 4 0 0 0
27066 0 0 4 0 0 0
27067 0 0 4 0 0 0
27068 0 0 4 0 0 0
27180 0 0 4 0 0 0
27181 0 0 4 0 0 0
27182 0 0 4 0 0 0
27219 0 0 4 0 0 0
27220 0 0 4 0 0 0
27221 0 0 4 0 0 0
27297 3 0 1 0 0 0
27298 3 0 1 0 0 0
27323 3 0 1 0 0 0
27324 3 0 1 0 0 0
27331 0 0 0 4 0 0
27331 0 2 0 0 2 0
27331 4 0 0 0 0 0
27332 0 0 0 4 0 0
27332 4 0 0 0 0 0
27333 0 0 0 4 0 0
27333 0 2 0 0 2 0
27333 4 0 0 0 0 0
27334 0 0 0 4 0 0
27334 4 0 0 0 0 0
27335 4 0 0 0 0 0
27336 4 0 0 0 0 0
27337 0 0 0 4 0 0
27337 0 2 0 0 2 0
27337 4 0 0 0 0 0
27338 0 0 0 4 0 0
27338 4 0 0 0 0 0
27339 0 0 0 4 0 0
27339 0 2 0 0 2 0
27339 4 0 0 0 0 0
27340 0 0 0 4 0 0
27340 4 0 0 0 0 0
27341 4 0 0 0 0 0
27342 4 0 0 0 0 0
27343 0 0 0 4 0 0
27343 0 2 0 0 2 0
27343 4 0 0 0 0 0
27344 0 0 0 4 0 0
27344 4 0 0 0 0 0
27345 0 0 0 4 0 0
27345 0 2 0 0 2 0
27345 4 0 0 0 0 0
27346 0 0 0 4 0 0
27346 4 0 0 0 0 0
27347 4 0 0 0 0 0
27348 4 0 0 0 0 0
27349 4 0 0 0 0 0
27350 4 0 0 0 0 0
27351 4 0 0 0 0 0
27352 4 0 0 0 0 0
27353 4 0 0 0 0 0
27354 4 0 0 0 0 0
27355 0 0 0 4 0 0
27355 4 0 0 0 0 0
27356 0 0 0 4 0 0
27356 4 0 0 0 0 0
27357 0 0 0 4 0 0
27357 4 0 0 0 0 0
27358 0 0 0 4 0 0
27358 4 0 0 0 0 0
27359 4 0 0 0 0 0
27360 4 0 0 0 0 0
27361 0 0 0 4 0 0
27361 0 0 4 0 0 0
27361 4 0 0 0 0 0
27362 0 0 0 4 0 0
27362 0 0 4 0 0 0
27362 4 0 0 0 0 0
27363 0 0 4 0 0 0
27363 1 0 0 3 0 0
27363 1 0 1 2 0 0
27363 1 1 0 2 0 0
27363 2 0 0 2 0 0
27363 4 0 0 0 0 0
27364 0 0 0 0 4 0
27364 0 0 4 0 0 0
27364 1 0 0 3 0 0
27364 1 0 1 2 0 0
27364 1 1 0 2 0 0
27364 2 0 0 2 0 0
27364 4 0 0 0 0 0
27365 0 0 4 0 0 0
27365 4 0 0 0 0 0
27366 0 0 0 0 4 0
27366 0 0 4 0 0 0
27366 4 0 0 0 0 0
27367 0 0 0 4 0 0
27367 0 0 4 0 0 0
27367 4 0 0 0 0 0
27368 0 0 0 4 0 0
27368 0 0 4 0 0 0
27368 4 0 0 0 0 0
27369 0 0 4 0 0 0
27369 1 0 0 3 0 0
27369 1 0 1 2 0 0
27369 1 1 0 2 0 0
27369 2 0 0 2 0 0
27369 4 0 0 0 0 0
27370 0 0 0 0 4 0
27370 0 0 4 0 0 0
27370 1 0 0 3 0 0
27370 1 0 1 2 0 0
27370 1 1 0 2 0 0
27370 2 0 0 2 0 0
27370 4 0 0 0 0 0
27371 0 0 4 0 0 0
27371 4 0 0 0 0 0
27372 0 0 0 0 4 0
27372 0 0 4 0 0 0
27372 4 0 0 0 0 0
27373 4 0 0 0 0 0
27374 4 0 0 0 0 0
27375 4 0 0 0 0 0
27376 0 0 0 0 4 0
27376 4 0 0 0 0 0
27377 4 0 0 0 0 0
27378 0 0 0 0 4 0
27378 4 0 0 0 0 0
27379 0 0 0 4 0 0
27379 4 0 0 0 0 0
27380 0 0 0 4 0 0
27380 4 0 0 0 0 0
27381 0 0 0 4 0 0
27381 4 0 0 0 0 0
27382 0 0 0 4 0 0
27382 4 0 0 0 0 0
27383 4 0 0 0 0 0
27384 4 0 0 0 0 0
27385 0 0 0 4 0 0
27385 0 0 4 0 0 0
27385 4 0 0 0 0 0
27386 0 0 0 4 0 0
27386 0 0 4 0 0 0
27386 4 0 0 0 0 0
27387 0 0 4 0 0 0
27387 1 0 0 3 0 0
27387 1 0 1 2 0 0
27387 1 1 0 2 0 0
27387 2 0 0 2 0 0
27387 4 0 0 0 0 0
27388 0 0 0 0 4 0
27388 0 0 4 0 0 0
27388 1 0 0 3 0 0
27388 1 0 1 2 0 0
27388 1 1 0 2 0 0
27388 2 0 0 2 0 0
27388 4 0 0 0 0 0
27389 0 0 4 0 0 0
27389 4 0 0 0 0 0
27390 0 0 0 0 4 0
27390 0 0 4 0 0 0
27390 4 0 0 0 0 0
27391 0 0 0 4 0 0
27391 0 0 4 0 0 0
27391 4 0 0 0 0 0
27392 0 0 0 4 0 0
27392 0 0 4 0 0 0
27392 4 0 0 0 0 0
27393 0 0 4 0 0 0
27393 1 0 0 3 0 0
27393 1 0 1 2 0 0
27393 1 1 0 2 0 0
27393 2 0 0 2 0 0
27393 4 0 0 0 0 0
27394 0 0 0 0 4 0
27394 0 0 4 0 0 0
27394 1 0 0 3 0 0
27394 1 0 1 2 0 0
27394 1 1 0 2 0 0
27394 2 0 0 2 0 0
27394 4 0 0 0 0 0
27395 0 0 4 0 0 0
27395 4 0 0 0 0 0
27396 0 0 0 0 4 0
27396 0 0 4 0 0 0
27396 4 0 0 0 0 0
27397 4 0 0 0 0 0
27398 4 0 0 0 0 0
27399 4 0 0 0 0 0
27400 0 0 0 0 4 0
27400 4 0 0 0 0 0
27401 4 0 0 0 0 0
27402 0 0 0 0 4 0
27402 4 0 0 0 0 0
27403 0 0 0 4 0 0
27403 4 0 0 0 0 0
27404 0 0 0 4 0 0
27404 4 0 0 0 0 0
27405 0 0 0 4 0 0
27405 4 0 0 0 0 0
27406 0 0 0 4 0 0
27406 4 0 0 0 0 0
27407 4 0 0 0 0 0
27408 4 0 0 0 0 0
27409 0 0 0 4 0 0
27409 0 0 4 0 0 0
27409 4 0 0 0 0 0
27410 0 0 0 4 0 0
27410 0 0 4 0 0 0
27410 4 0 0 0 0 0
27411 0 0 4 0 0 0
27411 1 0 0 3 0 0
27411 1 0 1 2 0 0
27411 1 1 0 2 0 0
27411 2 0 0 2 0 0
27411 4 0 0 0 0 0
27412 0 0 0 0 4 0
27412 0 0 4 0 0 0
27412 1 0 0 3 0 0
27412 1 0 1 2 0 0
27412 1 1 0 2 0 0
27412 2 0 0 2 0 0
27412 4 0 0 0 0 0
27413 0 0 4 0 0 0
27413 4 0 0 0 0 0
27414 0 0 0 0 4 0
27414 0 0 4 0 0 0
27414 4 0 0 0 0 0
27415 0 0 0 4 0 0
27415 0 0 4 0 0 0
27415 4 0 0 0 0 0
27416 0 0 0 4 0 0
27416 0 0 4 0 0 0
27416 4 0 0 0 0 0
27417 0 0 4 0 0 0
27417 1 0 0 3 0 0
27417 1 0 1 2 0 0
27417 1 1 0 2 0 0
27417 2 0 0 2 0 0
27417 4 0 0 0 0 0
27418 0 0 0 0 4 0
27418 0 0 4 0 0 0
27418 1 0 0 3 0 0
27418 1 0 1 2 0 0
27418 1 1 0 2 0 0
27418 2 0 0 2 0 0
27418 4 0 0 0 0 0
27419 0 0 4 0 0 0
27419 4 0 0 0 0 0
27420 0 0 0 0 4 0
27420 0 0 4 0 0 0
27420 4 0 0 0 0 0
27421 4 0 0 0 0 0
27422 4 0 0 0 0 0
27423 4 0 0 0 0 0
27424 0 0 0 0 4 0
27424 4 0 0 0 0 0
27425 4 0 0 0 0 0
27426 0 0 0 0 4 0
27426 4 0 0 0 0 0
27427 4 0 0 0 0 0
27428 4 0 0 0 0 0
27429 4 0 0 0 0 0
27430 4 0 0 0 0 0
27431 4 0 0 0 0 0
27432 4 0 0 0 0 0
27433 4 0 0 0 0 0
27434 4 0 0 0 0 0
27435 4 0 0 0 0 0
27436 0 0 0 0 4 0
27436 4 0 0 0 0 0
27437 4 0 0 0 0 0
27438 0 0 0 0 4 0
27438 4 0 0 0 0 0
27439 4 0 0 0 0 0
27440 4 0 0 0 0 0
27441 4 0 0 0 0 0
27442 0 0 0 0 4 0
27442 4 0 0 0 0 0
27443 4 0 0 0 0 0
27444 0 0 0 0 4 0
27444 4 0 0 0 0 0
27445 4 0 0 0 0 0
27446 4 0 0 0 0 0
27447 4 0 0 0 0 0
27448 0 0 0 0 4 0
27448 4 0 0 0 0 0
27449 4 0 0 0 0 0
27450 0 0 0 0 4 0
27450 4 0 0 0 0 0
27451 0 0 0 4 0 0
27454 0 0 0 4 0 0
27463 0 0 0 4 0 0
27466 0 0 0 4 0 0
27467 0 0 0 4 0 0
27468 0 0 0 4 0 0
27473 0 0 0 4 0 0
27474 0 0 0 4 0 0
27475 0 0 0 4 0 0
27478 0 0 0 4 0 0
27479 0 0 0 4 0 0
27480 0 0 0 4 0 0
27485 0 0 0 4 0 0
27486 0 0 0 4 0 0
27503 0 0 0 4 0 0
27504 0 0 0 4 0 0
27509 0 0 0 4 0 0
27510 0 0 0 4 0 0
27519 0 1 0 3 0 0
27522 0 1 0 3 0 0
27637 0 1 3 0 0 0
27637 0 2 2 0 0 0
27638 0 1 3 0 0 0
27638 0 2 2 0 0 0
27663 2 2 0 0 0 0
27664 2 2 0 0 0 0
27665 2 2 0 0 0 0
27666 2 2 0 0 0 0
27667 2 2 0 0 0 0
27668 2 2 0 0 0 0
27669 2 2 0 0 0 0
27670 2 2 0 0 0 0
27671 0 0 4 0 0 0
27671 0 4 0 0 0 0
27672 0 0 4 0 0 0
27672 0 4 0 0 0 0
27673 0 0 4 0 0 0
27673 0 4 0 0 0 0
27674 0 0 4 0 0 0
27674 0 4 0 0 0 0
27675 0 0 4 0 0 0
27675 0 4 0 0 0 0
27676 0 0 4 0 0 0
27676 0 4 0 0 0 0
27677 0 0 4 0 0 0
27678 0 0 4 0 0 0
27679 0 0 4 0 0 0
27680 0 0 4 0 0 0
27681 0 0 4 0 0 0
27682 0 0 4 0 0 0
27715 0 0 1 3 0 0
27715 2 0 0 2 0 0
27716 0 0 1 3 0 0
27716 2 0 0 2 0 0
27719 0 0 1 3 0 0
27719 2 0 0 2 0 0
27720 0 0 1 3 0 0
27720 2 0 0 2 0 0
27721 4 0 0 0 0 0
27722 4 0 0 0 0 0
27723 4 0 0 0 0 0
27724 4 0 0 0 0 0
27725 4 0 0 0 0 0
27726 4 0 0 0 0 0
27727 4 0 0 0 0 0
27728 4 0 0 0 0 0
27729 4 0 0 0 0 0
27730 4 0 0 0 0 0
27731 0 0 0 2 2 0
27731 3 0 0 0 1 0
27731 4 0 0 0 0 0
27732 4 0 0 0 0 0
27733 4 0 0 0 0 0
27734 0 0 0 2 2 0
27734 3 0 0 0 1 0
27734 4 0 0 0 0 0
27735 4 0 0 0 0 0
27736 4 0 0 0 0 0
27737 4 0 0 0 0 0
27738 4 0 0 0 0 0
27739 0 0 0 2 2 0
27739 3 0 0 0 1 0
27739 4 0 0 0 0 0
27740 4 0 0 0 0 0
27741 4 0 0 0 0 0
27742 0 0 0 2 2 0
27742 3 0 0 0 1 0
27742 4 0 0 0 0 0
27743 4 0 0 0 0 0
27744 4 0 0 0 0 0
27745 4 0 0 0 0 0
27746 4 0 0 0 0 0
27747 0 0 0 2 2 0
27747 3 0 0 0 1 0
27747 4 0 0 0 0 0
27748 4 0 0 0 0 0
27749 4 0 0 0 0 0
27750 0 0 0 2 2 0
27750 3 0 0 0 1 0
27750 4 0 0 0 0 0
27787 0 0 0 0 4 0
27788 0 0 0 0 4 0
27789 0 0 0 0 0 4
27790 0 0 0 0 4 0
27791 0 0 0 0 4 0
27792 0 0 0 0 4 0
27793 0 0 0 0 4 0
27794 0 0 0 4 0 0
27822 0 0 0 4 0 0
27824 0 0 4 0 0 0
27825 0 0 4 0 0 0
27826 0 0 4 0 0 0
27937 0 0 0 4 0 0
27938 0 0 0 4 0 0
27960 0 0 0 4 0 0
27963 0 0 0 4 0 0
27984 0 0 0 4 0 0
27985 0 0 0 4 0 0
27987 0 0 4 0 0 0
27988 0 0 4 0 0 0
27989 0 0 4 0 0 0
27990 0 0 0 4 0 0
27991 0 0 0 4 0 0
27993 0 0 4 0 0 0
27994 0 0 4 0 0 0
27995 0 0 4 0 0 0
27996 0 0 0 4 0 0
27997 0 0 0 4 0 0
27999 0 0 4 0 0 0
28000 0 0 4 0 0 0
28001 0 0 4 0 0 0
28014 0 4 0 0 0 0
28015 0 4 0 0 0 0
28016 0 4 0 0 0 0
28017 0 4 0 0 0 0
28018 0 4 0 0 0 0
28019 0 4 0 0 0 0
28020 0 4 0 0 0 0
28021 0 4 0 0 0 0
28022 0 4 0 0 0 0
28023 0 4 0 0 0 0
28024 0 4 0 0 0 0
28025 0 4 0 0 0 0
28232 0 0 0 4 0 0
28233 0 0 0 4 0 0
28235 0 0 4 0 0 0
28236 0 0 4 0 0 0
28237 0 0 4 0 0 0
28248 4 0 0 0 0 0
28249 4 0 0 0 0 0
28250 4 0 0 0 0 0
28251 4 0 0 0 0 0
28252 4 0 0 0 0 0
28253 4 0 0 0 0 0
28254 4 0 0 0 0 0
28255 4 0 0 0 0 0
28256 4 0 0 0 0 0
28257 4 0 0 0 0 0
28258 4 0 0 0 0 0
28259 4 0 0 0 0 0
28260 4 0 0 0 0 0
28261 4 0 0 0 0 0
28262 4 0 0 0 0 0
28263 4 0 0 0 0 0
28264 4 0 0 0 0 0
28265 4 0 0 0 0 0
28266 4 0 0 0 0 0
28267 4 0 0 0 0 0
28268 4 0 0 0 0 0
28269 4 0 0 0 0 0
28270 4 0 0 0 0 0
28271 4 0 0 0 0 0
28272 4 0 0 0 0 0
28273 4 0 0 0 0 0
28274 4 0 0 0 0 0
28275 4 0 0 0 0 0
28276 4 0 0 0 0 0
28277 4 0 0 0 0 0
28278 4 0 0 0 0 0
28279 4 0 0 0 0 0
28280 4 0 0 0 0 0
28281 4 0 0 0 0 0
28282 4 0 0 0 0 0
28365 4 0 0 0 0 0
28366 4 0 0 0 0 0
28367 4 0 0 0 0 0
28368 4 0 0 0 0 0
28369 4 0 0 0 0 0
28370 4 0 0 0 0 0
28371 4 0 0 0 0 0
28372 4 0 0 0 0 0
28373 4 0 0 0 0 0
28374 4 0 0 0 0 0
28375 4 0 0 0 0 0
28376 4 0 0 0 0 0
28377 4 0 0 0 0 0
28378 4 0 0 0 0 0
28379 4 0 0 0 0 0
28380 4 0 0 0 0 0
28381 4 0 0 0 0 0
28382 4 0 0 0 0 0
28577 4 0 0 0 0 0
28578 4 0 0 0 0 0
28579 4 0 0 0 0 0
28580 4 0 0 0 0 0
28581 4 0 0 0 0 0
28582 4 0 0 0 0 0
28583 4 0 0 0 0 0
28584 4 0 0 0 0 0
28585 4 0 0 0 0 0
28586 4 0 0 0 0 0
28587 4 0 0 0 0 0
28588 4 0 0 0 0 0
28589 4 0 0 0 0 0
28590 4 0 0 0 0 0
28591 4 0 0 0 0 0
28829 0 4 0 0 0 0
28829 4 0 0 0 0 0
28830 0 4 0 0 0 0
28830 4 0 0 0 0 0
28831 0 4 0 0 0 0
28831 4 0 0 0 0 0
28832 0 4 0 0 0 0
28832 4 0 0 0 0 0
28833 0 4 0 0 0 0
28833 4 0 0 0 0 0
28834 0 4 0 0 0 0
28834 4 0 0 0 0 0
28835 0 4 0 0 0 0
28835 4 0 0 0 0 0
28836 0 4 0 0 0 0
28836 4 0 0 0 0 0
28837 0 4 0 0 0 0
28837 4 0 0 0 0 0
28838 0 4 0 0 0 0
28838 4 0 0 0 0 0
28839 0 4 0 0 0 0
28839 4 0 0 0 0 0
28840 0 4 0 0 0 0
28840 4 0 0 0 0 0
28841 0 4 0 0 0 0
28841 4 0 0 0 0 0
28842 0 4 0 0 0 0
28842 4 0 0 0 0 0
28843 0 4 0 0 0 0
28843 4 0 0 0 0 0
28844 0 4 0 0 0 0
28844 4 0 0 0 0 0
28845 0 4 0 0 0 0
28845 4 0 0 0 0 0
28846 0 4 0 0 0 0
28846 4 0 0 0 0 0
28847 4 0 0 0 0 0
28848 4 0 0 0 0 0
28849 4 0 0 0 0 0
28850 4 0 0 0 0 0
28851 4 0 0 0 0 0
28852 4 0 0 0 0 0
28853 4 0 0 0 0 0
28854 4 0 0 0 0 0
28855 4 0 0 0 0 0
28856 4 0 0 0 0 0
28857 4 0 0 0 0 0
28858 4 0 0 0 0 0
28859 4 0 0 0 0 0
28860 4 0 0 0 0 0
28861 4 0 0 0 0 0
28869 0 0 4 0 0 0
28870 0 0 4 0 0 0
28871 0 0 4 0 0 0
28872 0 0 4 0 0 0
28873 0 0 4 0 0 0
28874 0 0 4 0 0 0
28885 0 0 4 0 0 0
28886 0 0 4 0 0 0
28887 0 0 4 0 0 0
28888 0 0 4 0 0 0
28889 0 0 4 0 0 0
28890 0 0 4 0 0 0
29017 4 0 0 0 0 0
29018 4 0 0 0 0 0
29019 4 0 0 0 0 0
29020 4 0 0 0 0 0
29021 4 0 0 0 0 0
29022 4 0 0 0 0 0
29023 4 0 0 0 0 0
29024 3 1 0 0 0 0
29025 3 1 0 0 0 0
29026 3 1 0 0 0 0
29027 3 1 0 0 0 0
29028 3 1 0 0 0 0
29029 3 1 0 0 0 0
29030 3 1 0 0 0 0
29031 3 1 0 0 0 0
29032 3 1 0 0 0 0
29033 3 1 0 0 0 0
29141 0 4 0 0 0 0
29141 4 0 0 0 0 0
29142 0 4 0 0 0 0
29142 4 0 0 0 0 0
29143 0 4 0 0 0 0
29143 4 0 0 0 0 0
29144 0 4 0 0 0 0
29144 4 0 0 0 0 0
29145 0 4 0 0 0 0
29145 4 0 0 0 0 0
29146 0 4 0 0 0 0
29146 4 0 0 0 0 0
29147 0 4 0 0 0 0
29147 4 0 0 0 0 0
29148 0 4 0 0 0 0
29148 4 0 0 0 0 0
29149 4 0 0 0 0 0
29150 4 0 0 0 0 0
29151 4 0 0 0 0 0
29152 4 0 0 0 0 0
29153 4 0 0 0 0 0
29154 4 0 0 0 0 0
29155 4 0 0 0 0 0
29156 4 0 0 0 0 0
29157 4 0 0 0 0 0
29158 4 0 0 0 0 0
29349 1 3 0 0 0 0
29349 2 2 0 0 0 0
29350 1 3 0 0 0 0
29350 2 2 0 0 0 0
29351 1 3 0 0 0 0
29351 2 2 0 0 0 0
29352 1 3 0 0 0 0
29352 2 2 0 0 0 0
29375 0 2 2 0 0 0
29375 0 3 1 0 0 0
29376 0 2 2 0 0 0
29376 0 3 1 0 0 0
29382 4 0 0 0 0 0
29383 4 0 0 0 0 0
29384 4 0 0 0 0 0
29385 4 0 0 0 0 0
29388 0 4 0 0 0 0
29388 4 0 0 0 0 0
29389 0 4 0 0 0 0
29389 4 0 0 0 0 0
29390 0 4 0 0 0 0
29390 4 0 0 0 0 0
29391 0 4 0 0 0 0
29391 4 0 0 0 0 0
29392 4 0 0 0 0 0
29393 4 0 0 0 0 0
29394 4 0 0 0 0 0
29395 4 0 0 0 0 0
29396 4 0 0 0 0 0
29397 4 0 0 0 0 0
29398 4 0 0 0 0 0
29399 4 0 0 0 0 0
29425 1 3 0 0 0 0
29425 2 2 0 0 0 0
29426 1 3 0 0 0 0
29426 2 2 0 0 0 0
29427 1 3 0 0 0 0
29427 2 2 0 0 0 0
29428 1 3 0 0 0 0
29428 2 2 0 0 0 0
29429 1 3 0 0 0 0
29429 2 2 0 0 0 0
29430 1 3 0 0 0 0
29430 2 2 0 0 0 0
29431 1 3 0 0 0 0
29431 2 2 0 0 0 0
29432 1 3 0 0 0 0
29432 2 2 0 0 0 0
29550 1 3 0 0 0 0
29550 2 2 0 0 0 0
29551 1 3 0 0 0 0
29551 2 2 0 0 0 0
29552 1 3 0 0 0 0
29552 2 2 0 0 0 0
29553 1 3 0 0 0 0
29553 2 2 0 0 0 0
29554 1 3 0 0 0 0
29554 2 2 0 0 0 0
29555 1 3 0 0 0 0
29555 2 2 0 0 0 0
29556 1 3 0 0 0 0
29556 2 2 0 0 0 0
29557 1 3 0 0 0 0
29557 2 2 0 0 0 0
29558 1 3 0 0 0 0
29558 2 2 0 0 0 0
29559 1 3 0 0 0 0
29559 2 2 0 0 0 0
29560 1 3 0 0 0 0
29560 2 2 0 0 0 0
29561 1 3 0 0 0 0
29561 2 2 0 0 0 0
29562 1 3 0 0 0 0
29562 2 2 0 0 0 0
29563 1 3 0 0 0 0
29563 2 2 0 0 0 0
29564 1 3 0 0 0 0
29564 2 2 0 0 0 0
29565 1 3 0 0 0 0
29565 2 2 0 0 0 0
29566 1 3 0 0 0 0
29566 2 2 0 0 0 0
29567 1 3 0 0 0 0
29567 2 2 0 0 0 0
29568 1 3 0 0 0 0
29568 2 2 0 0 0 0
29569 1 3 0 0 0 0
29569 2 2 0 0 0 0
29570 1 3 0 0 0 0
29570 2 2 0 0 0 0
29571 1 3 0 0 0 0
29571 2 2 0 0 0 0
29572 1 3 0 0 0 0
29572 2 2 0 0 0 0
29573 1 3 0 0 0 0
29573 2 2 0 0 0 0
29670 4 0 0 0 0 0
29671 4 0 0 0 0 0
29672 4 0 0 0 0 0
29673 4 0 0 0 0 0
29674 4 0 0 0 0 0
29675 4 0 0 0 0 0
29676 4 0 0 0 0 0
29677 4 0 0 0 0 0
29678 4 0 0 0 0 0
29679 4 0 0 0 0 0
29680 4 0 0 0 0 0
29681 4 0 0 0 0 0
29682 4 0 0 0 0 0
29683 4 0 0 0 0 0
29684 4 0 0 0 0 0
29685 4 0 0 0 0 0
29686 4 0 0 0 0 0
29687 4 0 0 0 0 0
29688 4 0 0 0 0 0
29689 4 0 0 0 0 0
29690 4 0 0 0 0 0
29691 4 0 0 0 0 0
29692 4 0 0 0 0 0
29693 4 0 0 0 0 0
29694 4 0 0 0 0 0
29695 4 0 0 0 0 0
29696 4 0 0 0 0 0
29697 4 0 0 0 0 0
29698 4 0 0 0 0 0
29699 4 0 0 0 0 0
29976 0 4 0 0 0 0
29977 0 4 0 0 0 0
29978 0 4 0 0 0 0
29979 0 4 0 0 0 0
29980 0 4 0 0 0 0
29981 0 4 0 0 0 0
29982 0 4 0 0 0 0
29983 0 4 0 0 0 0
29984 0 4 0 0 0 0
29985 0 4 0 0 0 0
29986 0 4 0 0 0 0
29987 0 4 0 0 0 0
29988 0 4 0 0 0 0
29989 0 4 0 0 0 0
29990 0 4 0 0 0 0
29991 0 4 0 0 0 0
29992 0 4 0 0 0 0
29993 0 4 0 0 0 0
29994 0 4 0 0 0 0
29995 0 4 0 0 0 0
29996 0 4 0 0 0 0
29997 0 4 0 0 0 0
29998 0 4 0 0 0 0
29999 0 4 0 0 0 0
30020 4 0 0 0 0 0
30021 4 0 0 0 0 0
30022 4 0 0 0 0 0
30023 4 0 0 0 0 0
30024 4 0 0 0 0 0
30025 4 0 0 0 0 0
30026 4 0 0 0 0 0
30027 4 0 0 0 0 0
30028 4 0 0 0 0 0
30029 4 0 0 0 0 0
30030 4 0 0 0 0 0
30031 4 0 0 0 0 0
30032 4 0 0 0 0 0
30033 4 0 0 0 0 0
30034 4 0 0 0 0 0
30035 4 0 0 0 0 0
30036 4 0 0 0 0 0
30037 4 0 0 0 0 0
30038 4 0 0 0 0 0
30039 4 0 0 0 0 0
30040 4 0 0 0 0 0
30041 4 0 0 0 0 0
30042 4 0 0 0 0 0
30043 4 0 0 0 0 0
30044 4 0 0 0 0 0
30045 4 0 0 0 0 0
30046 4 0 0 0 0 0
30047 4 0 0 0 0 0
30048 4 0 0 0 0 0
30049 4 0 0 0 0 0
30050 4 0 0 0 0 0
30051 4 0 0 0 0 0
30052 4 0 0 0 0 0
30053 4 0 0 0 0 0
30054 4 0 0 0 0 0
30055 4 0 0 0 0 0
30056 4 0 0 0 0 0
30057 4 0 0 0 0 0
30058 4 0 0 0 0 0
30059 4 0 0 0 0 0
30060 4 0 0 0 0 0
30061 4 0 0 0 0 0
30062 4 0 0 0 0 0
30063 4 0 0 0 0 0
30064 4 0 0 0 0 0
30065 4 0 0 0 0 0
30066 4 0 0 0 0 0
30067 4 0 0 0 0 0
30068 4 0 0 0 0 0
30069 4 0 0 0 0 0
30310 0 4 0 0 0 0
30311 0 4 0 0 0 0
30312 0 4 0 0 0 0
30313 0 4 0 0 0 0
30314 0 4 0 0 0 0
30315 0 4 0 0 0 0
30316 0 4 0 0 0 0
30317 0 4 0 0 0 0
30318 0 4 0 0 0 0
30319 0 4 0 0 0 0
30320 0 4 0 0 0 0
30321 0 4 0 0 0 0
30322 0 4 0 0 0 0
30323 0 4 0 0 0 0
30324 0 4 0 0 0 0
30325 0 4 0 0 0 0
30326 0 4 0 0 0 0
30327 0 4 0 0 0 0
30328 0 4 0 0 0 0
30329 0 4 0 0 0 0
30330 0 4 0 0 0 0
30331 0 4 0 0 0 0
30332 0 4 0 0 0 0
30333 0 4 0 0 0 0
30346 4 0 0 0 0 0
30347 4 0 0 0 0 0
30348 4 0 0 0 0 0
30349 4 0 0 0 0 0
30354 4 0 0 0 0 0
30355 4 0 0 0 0 0
30356 4 0 0 0 0 0
30357 4 0 0 0 0 0
30358 4 0 0 0 0 0
30359 4 0 0 0 0 0
30360 4 0 0 0 0 0
30361 4 0 0 0 0 0
30362 4 0 0 0 0 0
30363 4 0 0 0 0 0
30364 4 0 0 0 0 0
30365 4 0 0 0 0 0
30366 0 4 0 0 0 0
30367 0 4 0 0 0 0
30368 0 4 0 0 0 0
30369 0 4 0 0 0 0
30370 0 4 0 0 0 0
30371 0 4 0 0 0 0
30396 0 4 0 0 0 0
30397 0 4 0 0 0 0
30398 0 4 0 0 0 0
30399 0 4 0 0 0 0
30400 0 4 0 0 0 0
30401 0 4 0 0 0 0
30402 0 4 0 0 0 0
30403 0 4 0 0 0 0
30404 0 4 0 0 0 0
30405 0 4 0 0 0 0
30406 0 4 0 0 0 0
30407 0 4 0 0 0 0
30408 0 4 0 0 0 0
30409 0 4 0 0 0 0
30410 0 4 0 0 0 0
30411 0 4 0 0 0 0
30412 0 4 0 0 0 0
30413 0 4 0 0 0 0
30414 0 4 0 0 0 0
30415 0 4 0 0 0 0
30416 0 4 0 0 0 0
30417 0 4 0 0 0 0
30418 0 4 0 0 0 0
30419 0 4 0 0 0 0
30434 0 0 4 0 0 0
30435 0 0 4 0 0 0
30436 0 0 4 0 0 0
30437 0 0 4 0 0 0
30438 0 0 4 0 0 0
30439 0 0 4 0 0 0
30440 4 0 0 0 0 0
30441 4 0 0 0 0 0
30442 4 0 0 0 0 0
30443 4 0 0 0 0 0
30444 4 0 0 0 0 0
30445 4 0 0 0 0 0
30446 4 0 0 0 0 0
30447 4 0 0 0 0 0
30448 4 0 0 0 0 0
30449 4 0 0 0 0 0
30479 3 0 1 0 0 0
30480 3 0 1 0 0 0
30481 3 0 1 0 0 0
30487 3 0 1 0 0 0
30488 3 0 1 0 0 0
30489 3 0 1 0 0 0
30545 0 0 4 0 0 0
30549 0 0 4 0 0 0
30610 4 0 0 0 0 0
30611 4 0 0 0 0 0
30612 4 0 0 0 0 0
30613 4 0 0 0 0 0
30614 4 0 0 0 0 0
30615 4 0 0 0 0 0
30616 4 0 0 0 0 0
30617 4 0 0 0 0 0
30618 4 0 0 0 0 0
30619 4 0 0 0 0 0
30620 4 0 0 0 0 0
30621 4 0 0 0 0 0
30622 4 0 0 0 0 0
30623 4 0 0 0 0 0
30624 4 0 0 0 0 0
30625 4 0 0 0 0 0
30626 4 0 0 0 0 0
30627 4 0 0 0 0 0
30628 4 0 0 0 0 0
30629 4 0 0 0 0 0
30630 4 0 0 0 0 0
30631 4 0 0 0 0 0
30632 4 0 0 0 0 0
30633 4 0 0 0 0 0
30634 4 0 0 0 0 0
30635 4 0 0 0 0 0
30636 4 0 0 0 0 0
30637 4 0 0 0 0 0
30638 4 0 0 0 0 0
30639 4 0 0 0 0 0
30640 4 0 0 0 0 0
30641 4 0 0 0 0 0
30642 4 0 0 0 0 0
30643 4 0 0 0 0 0
30644 4 0 0 0 0 0
30645 4 0 0 0 0 0
30646 4 0 0 0 0 0
30647 4 0 0 0 0 0
30648 4 0 0 0 0 0
30649 4 0 0 0 0 0
30650 4 0 0 0 0 0
30651 4 0 0 0 0 0
30652 4 0 0 0 0 0
30653 4 0 0 0 0 0
30654 4 0 0 0 0 0
30655 4 0 0 0 0 0
30656 4 0 0 0 0 0
30657 4 0 0 0 0 0
30658 4 0 0 0 0 0
30659 4 0 0 0 0 0
30660 4 0 0 0 0 0
30661 4 0 0 0 0 0
30662 4 0 0 0 0 0
30663 4 0 0 0 0 0
30664 4 0 0 0 0 0
30665 4 0 0 0 0 0
30666 4 0 0 0 0 0
30667 4 0 0 0 0 0
30668 4 0 0 0 0 0
30669 4 0 0 0 0 0
30702 0 0 0 1 3 0
30702 0 0 0 2 2 0
30705 0 0 0 1 3 0
30705 0 0 0 2 2 0
30714 0 0 0 1 3 0
30714 0 0 0 2 2 0
30717 0 0 0 1 3 0
30717 0 0 0 2 2 0
30726 0 0 0 1 3 0
30726 0 0 0 2 2 0
30729 0 0 0 1 3 0
30729 0 0 0 2 2 0
30787 0 4 0 0 0 0
30788 0 4 0 0 0 0
30789 0 4 0 0 0 0
30790 0 4 0 0 0 0
30825 4 0 0 0 0 0
30826 4 0 0 0 0 0
30827 4 0 0 0 0 0
30828 4 0 0 0 0 0
30829 4 0 0 0 0 0
30830 4 0 0 0 0 0
30831 4 0 0 0 0 0
30832 4 0 0 0 0 0
30833 4 0 0 0 0 0
30834 4 0 0 0 0 0
30835 4 0 0 0 0 0
30836 4 0 0 0 0 0
30837 4 0 0 0 0 0
30838 4 0 0 0 0 0
30839 4 0 0 0 0 0
30840 4 0 0 0 0 0
30841 4 0 0 0 0 0
30842 4 0 0 0 0 0
30843 4 0 0 0 0 0
30844 4 0 0 0 0 0
30845 4 0 0 0 0 0
30846 4 0 0 0 0 0
30847 4 0 0 0 0 0
30848 4 0 0 0 0 0
30849 4 0 0 0 0 0
30850 4 0 0 0 0 0
30851 4 0 0 0 0 0
30852 4 0 0 0 0 0
30853 4 0 0 0 0 0
30854 4 0 0 0 0 0
30855 4 0 0 0 0 0
30856 4 0 0 0 0 0
30857 4 0 0 0 0 0
30858 4 0 0 0 0 0
30859 4 0 0 0 0 0
30860 4 0 0 0 0 0
30861 4 0 0 0 0 0
30862 4 0 0 0 0 0
30863 4 0 0 0 0 0
30864 4 0 0 0 0 0
30865 4 0 0 0 0 0
30866 4 0 0 0 0 0
30867 4 0 0 0 0 0
30868 4 0 0 0 0 0
30869 4 0 0 0 0 0
30870 4 0 0 0 0 0
30871 4 0 0 0 0 0
30872 4 0 0 0 0 0
30873 4 0 0 0 0 0
30874 4 0 0 0 0 0
30875 4 0 0 0 0 0
30876 4 0 0 0 0 0
30877 4 0 0 0 0 0
30878 4 0 0 0 0 0
30879 4 0 0 0 0 0
30880 4 0 0 0 0 0
30881 4 0 0 0 0 0
30882 4 0 0 0 0 0
30883 4 0 0 0 0 0
30884 4 0 0 0 0 0
31525 4 0 0 0 0 0
31526 4 0 0 0 0 0
31527 4 0 0 0 0 0
31528 4 0 0 0 0 0
31529 4 0 0 0 0 0
31530 4 0 0 0 0 0
31531 4 0 0 0 0 0
31532 4 0 0 0 0 0
31533 4 0 0 0 0 0
31534 4 0 0 0 0 0
31535 4 0 0 0 0 0
31536 4 0 0 0 0 0
31537 4 0 0 0 0 0
31538 4 0 0 0 0 0
31539 4 0 0 0 0 0
31540 4 0 0 0 0 0
31541 4 0 0 0 0 0
31542 4 0 0 0 0 0
31543 4 0 0 0 0 0
31544 4 0 0 0 0 0
31545 4 0 0 0 0 0
31546 4 0 0 0 0 0
31547 4 0 0 0 0 0
31548 4 0 0 0 0 0
31549 4 0 0 0 0 0
31550 4 0 0 0 0 0
31551 4 0 0 0 0 0
31552 4 0 0 0 0 0
31553 4 0 0 0 0 0
31554 4 0 0 0 0 0
31555 4 0 0 0 0 0
31556 4 0 0 0 0 0
31557 4 0 0 0 0 0
31558 4 0 0 0 0 0
31559 4 0 0 0 0 0
31560 4 0 0 0 0 0
31561 4 0 0 0 0 0
31562 4 0 0 0 0 0
31563 4 0 0 0 0 0
31564 4 0 0 0 0 0
31565 4 0 0 0 0 0
31566 4 0 0 0 0 0
31567 4 0 0 0 0 0
31568 4 0 0 0 0 0
31569 4 0 0 0 0 0
31570 4 0 0 0 0 0
31571 4 0 0 0 0 0
31572 4 0 0 0 0 0
31573 4 0 0 0 0 0
31574 4 0 0 0 0 0
31575 4 0 0 0 0 0
31576 4 0 0 0 0 0
31577 4 0 0 0 0 0
31578 4 0 0 0 0 0
31579 4 0 0 0 0 0
31580 4 0 0 0 0 0
31581 4 0 0 0 0 0
31582 4 0 0 0 0 0
31583 4 0 0 0 0 0
31584 4 0 0 0 0 0
31585 4 0 0 0 0 0
31586 4 0 0 0 0 0
31587 4 0 0 0 0 0
31588 4 0 0 0 0 0
31589 4 0 0 0 0 0
31590 4 0 0 0 0 0
31591 4 0 0 0 0 0
31592 4 0 0 0 0 0
31593 4 0 0 0 0 0
31594 4 0 0 0 0 0
31595 4 0 0 0 0 0
31596 4 0 0 0 0 0
31597 4 0 0 0 0 0
31598 4 0 0 0 0 0
31599 4 0 0 0 0 0
31600 4 0 0 0 0 0
31601 4 0 0 0 0 0
31602 4 0 0 0 0 0
31603 4 0 0 0 0 0
31604 4 0 0 0 0 0
31605 4 0 0 0 0 0
31606 4 0 0 0 0 0
31607 4 0 0 0 0 0
31608 4 0 0 0 0 0
31609 4 0 0 0 0 0
31610 4 0 0 0 0 0
31611 4 0 0 0 0 0
31612 4 0 0 0 0 0
31613 4 0 0 0 0 0
31614 4 0 0 0 0 0
31615 4 0 0 0 0 0
31616 4 0 0 0 0 0
31617 4 0 0 0 0 0
31618 4 0 0 0 0 0
31619 4 0 0 0 0 0
31620 4 0 0 0 0 0
31621 4 0 0 0 0 0
31622 4 0 0 0 0 0
31623 4 0 0 0 0 0
31624 4 0 0 0 0 0
31625 4 0 0 0 0 0
31626 4 0 0 0 0 0
31627 4 0 0 0 0 0
31628 4 0 0 0 0 0
31629 4 0 0 0 0 0
31630 4 0 0 0 0 0
31631 4 0 0 0 0 0
31632 4 0 0 0 0 0
31633 4 0 0 0 0 0
31634 4 0 0 0 0 0
31635 4 0 0 0 0 0
31636 4 0 0 0 0 0
31637 4 0 0 0 0 0
31638 4 0 0 0 0 0
31639 4 0 0 0 0 0
31640 4 0 0 0 0 0
31641 4 0 0 0 0 0
31642 4 0 0 0 0 0
31643 4 0 0 0 0 0
31644 4 0 0 0 0 0
32397 0 0 0 4 0 0
32398 0 0 0 4 0 0
32403 0 0 0 4 0 0
32404 0 0 0 4 0 0
32421 0 0 0 4 0 0
32422 0 0 0 4 0 0
32427 0 0 0 4 0 0
32428 0 0 0 4 0 0
32445 0 0 0 4 0 0
32446 0 0 0 4 0 0
32451 0 0 0 4 0 0
32452 0 0 0 4 0 0
32485 0 0 0 0 0 4
32486 0 0 0 0 0 4
32487 0 0 0 0 0 4
32488 0 0 0 0 0 4
32489 0 0 0 0 0 4
32490 0 0 0 0 0 4
32491 0 0 0 0 0 4
32492 0 0 0 0 0 4
32493 0 0 0 0 0 4
32494 0 0 0 0 0 4
32495 0 0 0 0 0 4
32496 0 0 0 0 0 4
32497 0 0 0 0 0 4
32498 0 0 0 0 0 4
32499 0 0 0 0 0 4
32500 0 0 0 0 0 4
32501 0 0 0 0 0 4
32502 0 0 0 0 0 4
32503 0 0 0 0 0 4
32504 0 0 0 0 0 4
32505 0 0 0 0 0 4
32506 0 0 0 0 0 4
32507 0 0 0 0 0 4
32508 0 0 0 0 0 4
32509 0 0 0 0 0 4
32510 0 0 0 0 0 4
32511 0 0 0 0 0 4
32512 0 0 0 0 0 4
32513 0 0 0 0 0 4
32514 0 0 0 0 0 4
32515 0 0 0 0 0 4
32516 0 0 0 0 0 4
32517 0 0 0 0 0 4
32518 0 0 0 0 0 4
32518 0 0 0 0 1 3
32519 0 0 0 0 0 4
32520 0 0 0 0 0 4
32520 0 0 0 0 1 3
32521 0 0 0 0 0 4
32522 0 0 0 0 0 4
32523 0 0 0 0 0 4
32524 0 0 0 0 0 4
32524 0 0 0 0 1 3
32525 0 0 0 0 0 4
32526 0 0 0 0 0 4
32526 0 0 0 0 1 3
32527 0 0 0 0 0 4
32528 0 0 0 0 0 4
32529 0 0 0 0 0 4
32530 0 0 0 0 0 4
32530 0 0 0 0 1 3
32531 0 0 0 0 0 4
32532 0 0 0 0 0 4
32532 0 0 0 0 1 3
32533 0 0 0 0 0 4
32534 0 0 0 0 0 4
32535 0 0 0 0 0 4
32536 0 0 0 0 0 4
32537 0 0 0 0 0 4
32538 0 0 0 0 0 4
32539 0 0 0 0 0 4
32540 0 0 0 0 0 4
32541 0 0 0 0 0 4
32542 0 0 0 0 0 4
32542 0 0 0 0 1 3
32543 0 0 0 0 0 4
32544 0 0 0 0 0 4
32544 0 0 0 0 1 3
32545 0 0 0 0 0 4
32546 0 0 0 0 0 4
32547 0 0 0 0 0 4
32548 0 0 0 0 0 4
32548 0 0 0 0 1 3
32549 0 0 0 0 0 4
32550 0 0 0 0 0 4
32550 0 0 0 0 1 3
32551 0 0 0 0 0 4
32552 0 0 0 0 0 4
32553 0 0 0 0 0 4
32554 0 0 0 0 0 4
32554 0 0 0 0 1 3
32555 0 0 0 0 0 4
32556 0 0 0 0 0 4
32556 0 0 0 0 1 3
32557 0 0 0 0 0 4
32558 0 0 0 0 0 4
32559 0 0 0 0 0 4
32560 0 0 0 0 0 4
32561 0 0 0 0 0 4
32562 0 0 0 0 0 4
32563 0 0 0 0 0 4
32564 0 0 0 0 0 4
32565 0 0 0 0 0 4
32566 0 0 0 0 0 4
32566 0 0 0 0 1 3
32567 0 0 0 0 0 4
32568 0 0 0 0 0 4
32568 0 0 0 0 1 3
32569 0 0 0 0 0 4
32570 0 0 0 0 0 4
32571 0 0 0 0 0 4
32572 0 0 0 0 0 4
32572 0 0 0 0 1 3
32573 0 0 0 0 0 4
32574 0 0 0 0 0 4
32574 0 0 0 0 1 3
32575 0 0 0 0 0 4
32576 0 0 0 0 0 4
32577 0 0 0 0 0 4
32578 0 0 0 0 0 4
32578 0 0 0 0 1 3
32579 0 0 0 0 0 4
32580 0 0 0 0 0 4
32580 0 0 0 0 1 3
32581 0 0 0 0 0 4
32582 0 0 0 0 0 4
32583 0 0 0 0 0 4
32584 0 0 0 0 0 4
32585 0 0 0 0 0 4
32586 0 0 0 0 0 4
32587 0 0 0 0 0 4
32588 0 0 0 0 0 4
32589 0 0 0 0 0 4
32590 0 0 0 0 0 4
32590 0 0 0 0 1 3
32591 0 0 0 0 0 4
32592 0 0 0 0 0 4
32592 0 0 0 0 1 3
32593 0 0 0 0 0 4
32594 0 0 0 0 0 4
32595 0 0 0 0 0 4
32596 0 0 0 0 0 4
32596 0 0 0 0 1 3
32597 0 0 0 0 0 4
32598 0 0 0 0 0 4
32598 0 0 0 0 1 3
32599 0 0 0 0 0 4
32600 0 0 0 0 0 4
32601 0 0 0 0 0 4
32602 0 0 0 0 0 4
32602 0 0 0 0 1 3
32603 0 0 0 0 0 4
32604 0 0 0 0 0 4
32604 0 0 0 0 1 3
32605 3 0 0 0 0 1
32605 3 0 0 1 0 0
32605 3 0 1 0 0 0
32605 3 1 0 0 0 0
32605 4 0 0 0 0 0
32606 3 0 0 0 0 1
32606 3 0 0 1 0 0
32606 3 0 1 0 0 0
32606 3 1 0 0 0 0
32606 4 0 0 0 0 0
32607 3 0 0 0 0 1
32607 3 0 0 1 0 0
32607 3 0 1 0 0 0
32607 3 1 0 0 0 0
32607 4 0 0 0 0 0
32608 3 0 0 0 0 1
32608 3 0 0 1 0 0
32608 3 0 1 0 0 0
32608 3 1 0 0 0 0
32608 4 0 0 0 0 0
32609 3 0 0 0 0 1
32609 3 0 0 1 0 0
32609 3 0 1 0 0 0
32609 3 1 0 0 0 0
32609 4 0 0 0 0 0
32610 3 0 0 0 0 1
32610 3 0 0 1 0 0
32610 3 0 1 0 0 0
32610 3 1 0 0 0 0
32610 4 0 0 0 0 0
32611 3 0 0 0 0 1
32611 3 0 0 1 0 0
32611 3 0 1 0 0 0
32611 3 1 0 0 0 0
32611 4 0 0 0 0 0
32612 3 0 0 0 0 1
32612 3 0 0 1 0 0
32612 3 0 1 0 0 0
32612 3 1 0 0 0 0
32612 4 0 0 0 0 0
32613 3 0 0 0 0 1
32613 3 0 0 1 0 0
32613 3 0 1 0 0 0
32613 3 1 0 0 0 0
32613 4 0 0 0 0 0
32614 3 0 0 0 0 1
32614 3 0 0 1 0 0
32614 3 0 1 0 0 0
32614 3 1 0 0 0 0
32614 4 0 0 0 0 0
32615 3 0 0 0 0 1
32615 3 0 0 1 0 0
32615 3 0 1 0 0 0
32615 3 1 0 0 0 0
32615 4 0 0 0 0 0
32616 3 0 0 0 0 1
32616 3 0 0 1 0 0
32616 3 0 1 0 0 0
32616 3 1 0 0 0 0
32616 4 0 0 0 0 0
32617 3 0 0 0 0 1
32617 3 0 0 1 0 0
32617 3 0 1 0 0 0
32617 3 1 0 0 0 0
32617 4 0 0 0 0 0
32618 3 0 0 0 0 1
32618 3 0 0 1 0 0
32618 3 0 1 0 0 0
32618 3 1 0 0 0 0
32618 4 0 0 0 0 0
32619 3 0 0 0 0 1
32619 3 0 0 1 0 0
32619 3 0 1 0 0 0
32619 3 1 0 0 0 0
32619 4 0 0 0 0 0
32620 3 0 0 0 0 1
32620 3 0 0 1 0 0
32620 3 0 1 0 0 0
32620 3 1 0 0 0 0
32620 4 0 0 0 0 0
32621 3 0 0 0 0 1
32621 3 0 0 1 0 0
32621 3 0 1 0 0 0
32621 3 1 0 0 0 0
32621 4 0 0 0 0 0
32622 3 0 0 0 0 1
32622 3 0 0 1 0 0
32622 3 0 1 0 0 0
32622 3 1 0 0 0 0
32622 4 0 0 0 0 0
32623 3 0 0 0 0 1
32623 3 0 0 1 0 0
32623 3 0 1 0 0 0
32623 3 1 0 0 0 0
32623 4 0 0 0 0 0
32624 3 0 0 0 0 1
32624 3 0 0 1 0 0
32624 3 0 1 0 0 0
32624 3 1 0 0 0 0
32624 4 0 0 0 0 0
32625 3 0 0 0 0 1
32625 3 0 0 1 0 0
32625 3 0 1 0 0 0
32625 3 1 0 0 0 0
32625 4 0 0 0 0 0
32626 3 0 0 0 0 1
32626 3 0 0 1 0 0
32626 3 0 1 0 0 0
32626 3 1 0 0 0 0
32626 4 0 0 0 0 0
32627 3 0 0 0 0 1
32627 3 0 0 1 0 0
32627 3 0 1 0 0 0
32627 3 1 0 0 0 0
32627 4 0 0 0 0 0
32628 3 0 0 0 0 1
32628 3 0 0 1 0 0
32628 3 0 1 0 0 0
32628 3 1 0 0 0 0
32628 4 0 0 0 0 0
32629 4 0 0 0 0 0
32630 4 0 0 0 0 0
32631 4 0 0 0 0 0
32632 4 0 0 0 0 0
32633 4 0 0 0 0 0
32634 4 0 0 0 0 0
32637 3 0 1 0 0 0
32638 3 0 1 0 0 0
32639 3 0 0 1 0 0
32641 3 0 1 0 0 0
32644 1 3 0 0 0 0
32644 2 2 0 0 0 0
32652 3 0 0 0 0 1
32653 3 0 0 0 0 1
32653 3 0 0 0 1 0
32654 3 0 0 0 0 1
32654 3 0 0 0 1 0
32658 3 0 1 0 0 0
32660 0 0 4 0 0 0
32662 1 0 0 3 0 0
32662 2 0 0 2 0 0
32663 4 0 0 0 0 0
32664 4 0 0 0 0 0
32665 4 0 0 0 0 0
32668 4 0 0 0 0 0
32669 4 0 0 0 0 0
32670 4 0 0 0 0 0
32671 4 0 0 0 0 0
32672 4 0 0 0 0 0
32673 4 0 0 0 0 0
32674 4 0 0 0 0 0
32675 4 0 0 0 0 0
32676 4 0 0 0 0 0
32677 4 0 0 0 0 0
32678 4 0 0 0 0 0
32679 4 0 0 0 0 0
32732 0 4 0 0 0 0
32733 0 4 0 0 0 0
32734 0 4 0 0 0 0
32735 0 4 0 0 0 0
32736 0 4 0 0 0 0
32737 0 4 0 0 0 0
32738 0 4 0 0 0 0
32747 0 4 0 0 0 0
32757 0 4 0 0 0 0
32757 4 0 0 0 0 0
32758 4 0 0 0 0 0
32759 4 0 0 0 0 0
32760 4 0 0 0 0 0
32761 4 0 0 0 0 0
32762 4 0 0 0 0 0
32763 4 0 0 0 0 0
32764 4 0 0 0 0 0
32765 4 0 0 0 0 0
32766 4 0 0 0 0 0
32776 0 0 4 0 0 0
32776 4 0 0 0 0 0
32777 0 0 2 2 0 0
32777 1 1 1 1 0 0
32777 2 0 0 2 0 0
32777 2 0 2 0 0 0
32833 0 4 0 0 0 0
32834 0 4 0 0 0 0
32843 0 4 0 0 0 0
32853 0 4 0 0 0 0
32873 0 0 0 0 4 0
32874 0 0 0 0 4 0
32885 0 0 0 0 0 4
32885 0 0 0 4 0 0
32885 0 2 2 0 0 0
32885 0 3 1 0 0 0
32888 0 0 0 0 0 4
32888 0 0 0 4 0 0
32888 0 0 4 0 0 0
32889 2 0 0 2 0 0
32890 2 0 2 0 0 0
32891 2 2 0 0 0 0
32892 0 4 0 0 0 0
32893 0 4 0 0 0 0
32900 2 0 2 0 0 0
32901 0 0 0 0 4 0
32901 2 2 0 0 0 0
32911 2 0 0 2 0 0
32911 3 0 0 1 0 0
32912 0 0 0 0 4 0
32912 2 0 2 0 0 0
32912 3 0 1 0 0 0
32913 0 4 0 0 0 0
32940 0 0 0 0 4 0
32940 4 0 0 0 0 0
32941 0 0 0 4 0 0
32941 4 0 0 0 0 0
32942 0 0 0 0 4 0
32942 4 0 0 0 0 0
32943 0 0 0 4 0 0
32943 4 0 0 0 0 0
32944 0 0 4 0 0 0
32944 4 0 0 0 0 0
32945 0 0 4 0 0 0
32945 4 0 0 0 0 0
32946 0 0 0 0 4 0
32946 4 0 0 0 0 0
32947 0 0 0 4 0 0
32947 4 0 0 0 0 0
32948 0 0 4 0 0 0
32948 4 0 0 0 0 0
32949 4 0 0 0 0 0
32950 0 4 0 0 0 0
32950 4 0 0 0 0 0
32951 0 4 0 0 0 0
32951 4 0 0 0 0 0
32952 0 0 0 0 4 0
32952 0 3 0 1 0 0
32952 3 0 0 1 0 0
32953 0 0 0 4 0 0
32953 0 3 1 0 0 0
32953 3 0 1 0 0 0
32954 0 0 4 0 0 0
32954 3 1 0 0 0 0
33086 4 0 0 0 0 0
33087 4 0 0 0 0 0
33088 4 0 0 0 0 0
33089 4 0 0 0 0 0
33090 4 0 0 0 0 0
33091 4 0 0 0 0 0
33092 4 0 0 0 0 0
33093 4 0 0 0 0 0
33094 4 0 0 0 0 0
33095 4 0 0 0 0 0
33096 4 0 0 0 0 0
33097 4 0 0 0 0 0
33100 4 0 0 0 0 0
33101 4 0 0 0 0 0
33102 0 0 4 0 0 0
33103 4 0 0 0 0 0
33104 4 0 0 0 0 0
33105 4 0 0 0 0 0
33106 4 0 0 0 0 0
33107 4 0 0 0 0 0
33108 4 0 0 0 0 0
33109 4 0 0 0 0 0
33110 4 0 0 0 0 0
33116 3 1 0 0 0 0
33116 4 0 0 0 0 0
33117 4 0 0 0 0 0
33118 4 0 0 0 0 0
33119 0 0 0 4 0 0
33121 0 0 0 4 0 0
33124 4 0 0 0 0 0
33125 3 1 0 0 0 0
33125 4 0 0 0 0 0
33126 3 1 0 0 0 0
33126 4 0 0 0 0 0
33127 0 0 0 0 4 0
33131 4 0 0 0 0 0
33132 0 4 0 0 0 0
33132 4 0 0 0 0 0
33133 0 4 0 0 0 0
33133 4 0 0 0 0 0
33134 0 0 0 0 4 0
33137 0 0 0 0 0 4
33137 0 0 0 4 0 0
33137 4 0 0 0 0 0
33138 4 0 0 0 0 0
33139 0 0 0 0 0 4
33139 0 0 0 0 4 0
33139 4 0 0 0 0 0
33140 0 0 0 0 0 4
33140 0 0 0 4 0 0
33140 4 0 0 0 0 0
33141 3 1 0 0 0 0
33146 0 4 0 0 0 0
33146 4 0 0 0 0 0
33147 0 4 0 0 0 0
33149 1 0 3 0 0 0
33149 2 2 0 0 0 0
33149 3 1 0 0 0 0
33150 2 2 0 0 0 0
33150 3 1 0 0 0 0
33151 0 0 4 0 0 0
33151 2 0 2 0 0 0
33153 0 0 0 0 4 0
33155 3 0 0 1 0 0
33155 3 0 1 0 0 0
33155 4 0 0 0 0 0
33156 3 0 1 0 0 0
33156 4 0 0 0 0 0
33157 3 0 1 0 0 0
33157 4 0 0 0 0 0
33158 3 0 1 0 0 0
33158 4 0 0 0 0 0
33159 3 0 1 0 0 0
33159 4 0 0 0 0 0
33160 3 0 1 0 0 0
33160 4 0 0 0 0 0
33161 4 0 0 0 0 0
33162 4 0 0 0 0 0
33165 4 0 0 0 0 0
33166 4 0 0 0 0 0
33167 4 0 0 0 0 0
33168 4 0 0 0 0 0
33169 4 0 0 0 0 0
33170 0 4 0 0 0 0
33170 4 0 0 0 0 0
33171 1 0 0 3 0 0
33171 2 0 0 2 0 0
33173 1 0 3 0 0 0
33173 2 0 2 0 0 0
33174 3 0 1 0 0 0
33174 4 0 0 0 0 0
33175 0 0 0 0 4 0
33175 2 0 0 0 2 0
33175 3 0 1 0 0 0
33175 4 0 0 0 0 0
33176 0 0 0 0 4 0
33176 2 0 0 0 2 0
33176 3 0 1 0 0 0
33176 4 0 0 0 0 0
33177 4 0 0 0 0 0
33178 4 0 0 0 0 0
33179 4 0 0 0 0 0
33180 0 0 0 0 4 0
33180 2 0 0 0 2 0
33180 4 0 0 0 0 0
33181 4 0 0 0 0 0
33182 0 0 0 4 0 0
33182 2 0 0 2 0 0
33182 4 0 0 0 0 0
33183 0 0 0 0 4 0
33183 2 0 0 0 2 0
33183 4 0 0 0 0 0
33184 4 0 0 0 0 0
33185 0 0 0 4 0 0
33185 2 0 0 2 0 0
33185 4 0 0 0 0 0
33186 0 0 0 4 0 0
33186 0 4 0 0 0 0
33187 0 4 0 0 0 0
33188 0 0 0 4 0 0
33188 4 0 0 0 0 0
33189 0 0 4 0 0 0
33189 4 0 0 0 0 0
33190 0 0 4 0 0 0
33191 4 0 0 0 0 0
33192 4 0 0 0 0 0
33193 0 0 4 0 0 0
33194 4 0 0 0 0 0
33202 0 0 0 0 4 0
33202 0 4 0 0 0 0
33202 4 0 0 0 0 0
33203 0 0 0 0 4 0
33203 0 4 0 0 0 0
33204 0 0 0 4 0 0
33204 0 4 0 0 0 0
33205 4 0 0 0 0 0
33207 4 0 0 0 0 0
33208 4 0 0 0 0 0
33209 4 0 0 0 0 0
33215 0 0 0 0 0 4
33215 0 0 4 0 0 0
33215 0 4 0 0 0 0
33215 4 0 0 0 0 0
33216 0 0 0 0 0 4
33216 0 0 4 0 0 0
33216 0 4 0 0 0 0
33216 4 0 0 0 0 0
33217 0 0 0 0 0 4
33217 0 4 0 0 0 0
33218 4 0 0 0 0 0
33219 4 0 0 0 0 0
33220 4 0 0 0 0 0
33222 4 0 0 0 0 0
33223 4 0 0 0 0 0
33224 4 0 0 0 0 0
33225 4 0 0 0 0 0
33226 4 0 0 0 0 0
33227 4 0 0 0 0 0
33228 4 0 0 0 0 0
33229 4 0 0 0 0 0
33230 4 0 0 0 0 0
33231 4 0 0 0 0 0
33232 4 0 0 0 0 0
33233 4 0 0 0 0 0
33237 0 0 0 4 0 0
33253 0 3 0 0 1 0
33253 0 3 0 1 0 0
33253 3 0 0 0 1 0
33253 3 0 0 1 0 0
33254 0 3 0 0 1 0
33254 3 0 0 0 1 0
33256 4 0 0 0 0 0
33257 0 0 4 0 0 0
33257 1 0 3 0 0 0
33257 2 0 2 0 0 0
33257 3 0 1 0 0 0
33257 4 0 0 0 0 0
33303 4 0 0 0 0 0
33304 4 0 0 0 0 0
33305 4 0 0 0 0 0
33306 4 0 0 0 0 0
33307 4 0 0 0 0 0
33308 4 0 0 0 0 0
33309 4 0 0 0 0 0
33310 4 0 0 0 0 0
33311 4 0 0 0 0 0
33312 4 0 0 0 0 0
33313 4 0 0 0 0 0
33314 4 0 0 0 0 0
33315 4 0 0 0 0 0
33316 4 0 0 0 0 0
33317 4 0 0 0 0 0
33318 4 0 0 0 0 0
33319 4 0 0 0 0 0
33320 4 0 0 0 0 0
33351 4 0 0 0 0 0
33352 0 4 0 0 0 0
33353 0 4 0 0 0 0
33354 0 4 0 0 0 0
33363 0 0 0 0 4 0
33364 0 0 0 0 4 0
33365 4 0 0 0 0 0
33366 4 0 0 0 0 0
33367 4 0 0 0 0 0
33368 4 0 0 0 0 0
33369 4 0 0 0 0 0
33370 4 0 0 0 0 0
33371 4 0 0 0 0 0
33372 4 0 0 0 0 0
33373 4 0 0 0 0 0
33374 4 0 0 0 0 0
33375 4 0 0 0 0 0
33376 4 0 0 0 0 0
33377 4 0 0 0 0 0
33378 4 0 0 0 0 0
33379 4 0 0 0 0 0
33380 4 0 0 0 0 0
33381 0 4 0 0 0 0
33381 4 0 0 0 0 0
33382 3 1 0 0 0 0
33382 4 0 0 0 0 0
33383 4 0 0 0 0 0
33384 4 0 0 0 0 0
33385 4 0 0 0 0 0
33386 0 4 0 0 0 0
33386 4 0 0 0 0 0
33387 0 4 0 0 0 0
33387 4 0 0 0 0 0
33388 0 0 0 4 0 0
33388 0 1 0 3 0 0
33388 0 2 0 2 0 0
33388 0 3 0 1 0 0
33388 0 4 0 0 0 0
33388 4 0 0 0 0 0
33389 0 4 0 0 0 0
33389 4 0 0 0 0 0
33390 0 0 0 4 0 0
33390 0 1 0 3 0 0
33390 0 2 0 2 0 0
33390 0 3 0 1 0 0
33390 0 4 0 0 0 0
33390 4 0 0 0 0 0
33391 0 0 0 4 0 0
33391 0 1 0 3 0 0
33391 0 2 0 2 0 0
33391 0 3 0 1 0 0
33391 0 4 0 0 0 0
33391 4 0 0 0 0 0
33392 0 0 4 0 0 0
33392 0 1 3 0 0 0
33392 0 2 2 0 0 0
33392 0 3 1 0 0 0
33392 0 4 0 0 0 0
33392 4 0 0 0 0 0
33393 0 0 4 0 0 0
33393 0 1 3 0 0 0
33393 0 2 2 0 0 0
33393 0 3 1 0 0 0
33393 0 4 0 0 0 0
33393 4 0 0 0 0 0
33394 4 0 0 0 0 0
33395 2 2 0 0 0 0
33396 2 2 0 0 0 0
33397 2 2 0 0 0 0
33439 0 0 4 0 0 0
33439 4 0 0 0 0 0
33440 4 0 0 0 0 0
33441 4 0 0 0 0 0
33442 0 0 4 0 0 0
33442 0 4 0 0 0 0
33442 4 0 0 0 0 0
33443 0 0 4 0 0 0
33443 0 4 0 0 0 0
33443 4 0 0 0 0 0
33444 0 0 4 0 0 0
33444 0 4 0 0 0 0
33444 4 0 0 0 0 0
33445 0 4 0 0 0 0
33445 4 0 0 0 0 0
33446 0 4 0 0 0 0
33446 4 0 0 0 0 0
33447 0 4 0 0 0 0
33447 4 0 0 0 0 0
33448 0 4 0 0 0 0
33448 4 0 0 0 0 0
33449 0 4 0 0 0 0
33449 4 0 0 0 0 0
33450 4 0 0 0 0 0
33451 3 0 1 0 0 0
33451 4 0 0 0 0 0
33452 3 0 1 0 0 0
33452 4 0 0 0 0 0
33453 4 0 0 0 0 0
33458 0 0 0 4 0 0
33459 0 0 1 3 0 0
33459 0 0 2 2 0 0
33459 0 0 4 0 0 0
33460 0 0 4 0 0 0
33461 0 0 4 0 0 0
33462 0 0 0 4 0 0
33464 4 0 0 0 0 0
33465 4 0 0 0 0 0
33466 4 0 0 0 0 0
33467 4 0 0 0 0 0
33468 4 0 0 0 0 0
33469 4 0 0 0 0 0
33470 4 0 0 0 0 0
33471 4 0 0 0 0 0
33472 4 0 0 0 0 0
33473 4 0 0 0 0 0
33474 4 0 0 0 0 0
33475 4 0 0 0 0 0
33486 4 0 0 0 0 0
33487 4 0 0 0 0 0
33488 4 0 0 0 0 0
33489 4 0 0 0 0 0
33490 4 0 0 0 0 0
33491 4 0 0 0 0 0
33492 4 0 0 0 0 0
33493 4 0 0 0 0 0
33494 4 0 0 0 0 0
33495 4 0 0 0 0 0
33502 0 4 0 0 0 0
33503 0 4 0 0 0 0
33504 0 4 0 0 0 0
33505 0 4 0 0 0 0
33506 3 0 0 0 1 0
33506 4 0 0 0 0 0
33507 4 0 0 0 0 0
33508 3 0 0 0 1 0
33508 4 0 0 0 0 0
33509 4 0 0 0 0 0
33510 3 0 0 0 1 0
33510 4 0 0 0 0 0
33511 4 0 0 0 0 0
33512 4 0 0 0 0 0
33513 3 0 0 0 1 0
33513 4 0 0 0 0 0
33514 4 0 0 0 0 0
33515 3 0 0 0 1 0
33515 4 0 0 0 0 0
33516 4 0 0 0 0 0
33517 2 0 0 0 2 0
33518 2 0 0 0 2 0
33519 2 0 0 0 2 0
33520 2 0 0 0 2 0
33521 4 0 0 0 0 0
33522 4 0 0 0 0 0
33523 4 0 0 0 0 0
33524 4 0 0 0 0 0
33525 4 0 0 0 0 0
33526 4 0 0 0 0 0
33527 4 0 0 0 0 0
33528 4 0 0 0 0 0
33533 0 3 1 0 0 0
33534 0 0 4 0 0 0
33534 4 0 0 0 0 0
33535 0 4 0 0 0 0
33535 4 0 0 0 0 0
33541 0 0 0 4 0 0
33541 4 0 0 0 0 0
33542 0 0 0 4 0 0
33542 4 0 0 0 0 0
33543 0 0 4 0 0 0
33543 4 0 0 0 0 0
33547 0 3 1 0 0 0
33548 0 0 0 0 4 0
33548 0 0 4 0 0 0
33548 0 4 0 0 0 0
33548 4 0 0 0 0 0
33549 0 0 0 4 0 0
33549 0 0 4 0 0 0
33549 0 4 0 0 0 0
33549 4 0 0 0 0 0
33551 0 0 0 0 4 0
33551 0 0 4 0 0 0
33551 4 0 0 0 0 0
33552 0 0 0 0 4 0
33552 0 0 4 0 0 0
33552 4 0 0 0 0 0
33553 0 0 0 0 4 0
33553 0 4 0 0 0 0
33553 4 0 0 0 0 0
33556 0 3 1 0 0 0
33563 0 4 0 0 0 0
33564 0 4 0 0 0 0
33565 0 4 0 0 0 0
33566 0 4 0 0 0 0
33602 0 2 2 0 0 0
33602 0 3 1 0 0 0
33604 0 4 0 0 0 0
33605 0 4 0 0 0 0
33606 0 4 0 0 0 0
33607 0 4 0 0 0 0
33628 4 0 0 0 0 0
33629 4 0 0 0 0 0
33630 0 4 0 0 0 0
33630 4 0 0 0 0 0
33631 0 4 0 0 0 0
33631 4 0 0 0 0 0
33632 0 4 0 0 0 0
33632 4 0 0 0 0 0
33633 0 0 0 4 0 0
33633 0 4 0 0 0 0
33633 4 0 0 0 0 0
33634 0 0 0 4 0 0
33634 0 4 0 0 0 0
33634 4 0 0 0 0 0
33635 0 0 4 0 0 0
33635 0 4 0 0 0 0
33635 4 0 0 0 0 0
33636 0 0 4 0 0 0
33636 0 4 0 0 0 0
33636 4 0 0 0 0 0
33637 0 0 4 0 0 0
33637 0 4 0 0 0 0
33637 4 0 0 0 0 0
33645 0 4 0 0 0 0
33646 0 4 0 0 0 0
33647 0 4 0 0 0 0
33648 0 0 0 4 0 0
33648 0 4 0 0 0 0
33649 0 0 0 4 0 0
33649 0 4 0 0 0 0
33650 0 4 0 0 0 0
33651 0 0 0 4 0 0
33651 0 4 0 0 0 0
33652 0 0 0 4 0 0
33652 0 4 0 0 0 0
33658 4 0 0 0 0 0
33659 4 0 0 0 0 0
33660 4 0 0 0 0 0
33661 4 0 0 0 0 0
33662 4 0 0 0 0 0
33681 0 4 0 0 0 0
33682 0 4 0 0 0 0
33683 0 0 4 0 0 0
33684 0 0 4 0 0 0
33685 0 0 4 0 0 0
33686 0 0 4 0 0 0
33687 0 0 4 0 0 0
33688 0 0 4 0 0 0
33689 0 0 4 0 0 0
33690 0 0 4 0 0 0
33691 0 0 4 0 0 0
33691 0 4 0 0 0 0
33692 0 0 4 0 0 0
33692 0 4 0 0 0 0
33693 0 0 4 0 0 0
33693 0 4 0 0 0 0
33694 0 4 0 0 0 0
33695 0 4 0 0 0 0
33696 0 4 0 0 0 0
33697 0 0 4 0 0 0
33697 0 4 0 0 0 0
33698 0 0 4 0 0 0
33698 0 4 0 0 0 0
33699 0 0 4 0 0 0
33699 0 4 0 0 0 0
33700 0 4 0 0 0 0
33701 0 4 0 0 0 0
33702 0 4 0 0 0 0
33713 0 4 0 0 0 0
33713 4 0 0 0 0 0
33714 0 4 0 0 0 0
33714 4 0 0 0 0 0
33715 0 4 0 0 0 0
33715 4 0 0 0 0 0
33716 0 3 0 0 1 0
33716 0 4 0 0 0 0
33716 4 0 0 0 0 0
33717 4 0 0 0 0 0
33718 4 0 0 0 0 0
33719 4 0 0 0 0 0
33720 4 0 0 0 0 0
33721 4 0 0 0 0 0
33722 3 0 0 1 0 0
33722 4 0 0 0 0 0
33733 0 0 0 4 0 0
33734 0 0 0 4 0 0
33735 0 0 0 4 0 0
33736 0 0 0 4 0 0
33737 0 0 0 4 0 0
33738 0 0 0 4 0 0
33739 0 0 4 0 0 0
33740 0 0 4 0 0 0
33741 0 0 4 0 0 0
33742 0 0 0 4 0 0
33743 0 0 0 4 0 0
33744 0 0 4 0 0 0
33745 0 0 4 0 0 0
33746 0 0 4 0 0 0
33747 0 0 0 0 4 0
33747 1 1 0 0 2 0
33747 1 2 0 0 0 1
33748 0 0 0 0 4 0
33749 0 0 0 4 0 0
33750 0 0 0 0 4 0
33751 0 0 0 0 0 4
33752 0 0 0 0 4 0
33753 0 0 0 0 0 4
33754 0 0 0 0 4 0
33755 0 0 0 0 0 4
33756 0 0 0 0 0 4
33757 0 0 0 0 4 0
33758 0 0 0 4 0 0
33759 4 0 0 0 0 0
33760 4 0 0 0 0 0
33761 4 0 0 0 0 0
33762 4 0 0 0 0 0
33763 0 4 0 0 0 0
33763 4 0 0 0 0 0
33771 0 0 0 4 0 0
33772 0 0 0 4 0 0
33773 0 0 4 0 0 0
33778 0 0 0 0 4 0
33778 0 0 4 0 0 0
33778 0 4 0 0 0 0
33778 4 0 0 0 0 0
33779 0 0 0 4 0 0
33779 0 0 4 0 0 0
33779 0 4 0 0 0 0
33779 4 0 0 0 0 0
33781 0 3 0 1 0 0
33781 0 4 0 0 0 0
33781 3 0 0 1 0 0
33781 4 0 0 0 0 0
33782 0 4 0 0 0 0
33782 4 0 0 0 0 0
33783 4 0 0 0 0 0
33863 4 0 0 0 0 0
33864 4 0 0 0 0 0
33865 4 0 0 0 0 0
33866 4 0 0 0 0 0
33867 0 4 0 0 0 0
33867 1 3 0 0 0 0
33867 2 2 0 0 0 0
33867 3 1 0 0 0 0
33867 4 0 0 0 0 0
33868 0 4 0 0 0 0
33868 1 3 0 0 0 0
33868 2 2 0 0 0 0
33868 3 1 0 0 0 0
33868 4 0 0 0 0 0
33869 0 4 0 0 0 0
33869 1 3 0 0 0 0
33869 2 2 0 0 0 0
33869 3 1 0 0 0 0
33869 4 0 0 0 0 0
33870 0 4 0 0 0 0
33870 1 3 0 0 0 0
33870 2 2 0 0 0 0
33870 3 1 0 0 0 0
33870 4 0 0 0 0 0
33871 4 0 0 0 0 0
33872 4 0 0 0 0 0
33873 4 0 0 0 0 0
33874 4 0 0 0 0 0
33875 4 0 0 0 0 0
33876 4 0 0 0 0 0
33877 4 0 0 0 0 0
33878 4 0 0 0 0 0
33879 4 0 0 0 0 0
33880 4 0 0 0 0 0
33881 4 0 0 0 0 0
33882 4 0 0 0 0 0
33883 0 0 4 0 0 0
33883 4 0 0 0 0 0
33884 0 0 4 0 0 0
33884 4 0 0 0 0 0
33885 0 0 4 0 0 0
33885 4 0 0 0 0 0
33886 4 0 0 0 0 0
33887 4 0 0 0 0 0
33888 4 0 0 0 0 0
33889 4 0 0 0 0 0
33890 4 0 0 0 0 0
33891 4 0 0 0 0 0
33892 4 0 0 0 0 0
33893 4 0 0 0 0 0
33894 4 0 0 0 0 0
33895 0 0 4 0 0 0
33895 4 0 0 0 0 0
33896 0 0 4 0 0 0
33896 4 0 0 0 0 0
33897 0 0 4 0 0 0
33897 4 0 0 0 0 0
33898 4 0 0 0 0 0
33899 4 0 0 0 0 0
33900 4 0 0 0 0 0
33901 4 0 0 0 0 0
33902 4 0 0 0 0 0
33903 3 1 0 0 0 0
33904 3 1 0 0 0 0
33905 3 1 0 0 0 0
33906 3 1 0 0 0 0
33923 3 0 0 0 1 0
33924 3 0 0 0 1 0
33926 3 0 0 0 1 0
33927 3 0 0 0 1 0
33928 3 0 0 0 0 1
33928 3 1 0 0 0 0
33928 4 0 0 0 0 0
33929 3 0 0 0 1 0
33929 3 1 0 0 0 0
33929 4 0 0 0 0 0
33930 3 0 0 0 0 1
33930 4 0 0 0 0 0
33931 3 0 0 0 1 0
33931 4 0 0 0 0 0
33932 3 0 0 0 0 1
33932 4 0 0 0 0 0
33933 3 0 0 0 0 1
33933 4 0 0 0 0 0
33934 3 0 0 0 0 1
33934 3 0 0 0 1 0
33934 4 0 0 0 0 0
33935 3 0 0 0 1 0
33935 4 0 0 0 0 0
33936 3 0 0 1 0 0
33936 4 0 0 0 0 0
33937 3 0 0 0 1 0
33937 3 0 0 1 0 0
33937 4 0 0 0 0 0
33938 0 4 0 0 0 0
33939 0 4 0 0 0 0
33940 0 4 0 0 0 0
33941 0 4 0 0 0 0
33944 0 4 0 0 0 0
33945 0 4 0 0 0 0
33946 0 4 0 0 0 0
33947 0 4 0 0 0 0
33948 1 3 0 0 0 0
33948 2 2 0 0 0 0
33949 1 3 0 0 0 0
33949 2 2 0 0 0 0
33958 3 1 0 0 0 0
33958 4 0 0 0 0 0
33959 4 0 0 0 0 0
33960 4 0 0 0 0 0
33961 4 0 0 0 0 0
33962 4 0 0 0 0 0
33978 0 4 0 0 0 0
33983 3 0 0 0 0 1
33983 3 1 0 0 0 0
33983 4 0 0 0 0 0
33984 3 0 0 0 0 1
33984 3 1 0 0 0 0
33984 4 0 0 0 0 0
33985 3 0 0 0 0 1
33985 4 0 0 0 0 0
33986 3 0 0 0 0 1
33986 4 0 0 0 0 0
33987 3 0 0 0 0 1
33987 4 0 0 0 0 0
33988 3 0 0 0 0 1
33988 4 0 0 0 0 0
33989 3 0 0 0 0 1
33989 3 0 0 0 1 0
33989 4 0 0 0 0 0
33990 3 0 0 0 0 1
33990 4 0 0 0 0 0
33991 3 0 0 0 0 1
33991 4 0 0 0 0 0
33992 3 0 0 0 0 1
33992 3 0 0 0 1 0
33992 4 0 0 0 0 0
34023 0 0 0 0 0 4
34023 0 0 0 4 0 0
34024 0 0 0 0 0 4
34024 0 0 0 4 0 0
34025 0 0 0 0 0 4
34025 0 0 4 0 0 0
34026 0 0 0 0 0 4
34026 0 0 4 0 0 0
34027 0 0 0 0 0 4
34027 0 0 4 0 0 0
34028 0 0 0 0 0 4
34028 0 0 0 0 4 0
34028 0 0 4 0 0 0
34029 0 0 0 0 0 4
34029 0 0 4 0 0 0
34030 0 0 0 0 0 4
34030 0 0 0 0 4 0
34030 0 0 4 0 0 0
34035 0 0 0 0 4 0
34036 0 0 0 4 0 0
34037 0 0 0 4 0 0
34038 0 0 0 0 4 0
34038 0 1 0 0 3 0
34039 0 0 0 0 4 0
34039 0 1 0 0 3 0
34040 0 0 0 4 0 0
34041 0 0 0 4 0 0
34048 4 0 0 0 0 0
34049 4 0 0 0 0 0
34050 4 0 0 0 0 0
34051 4 0 0 0 0 0
34052 4 0 0 0 0 0
34053 4 0 0 0 0 0
34054 4 0 0 0 0 0
34055 4 0 0 0 0 0
34056 0 0 0 0 4 0
34056 4 0 0 0 0 0
34057 0 0 0 0 4 0
34057 4 0 0 0 0 0
34058 0 0 0 0 0 4
34058 4 0 0 0 0 0
34059 0 0 0 0 4 0
34059 4 0 0 0 0 0
34060 0 0 0 0 0 4
34060 4 0 0 0 0 0
34061 0 0 0 0 0 4
34061 4 0 0 0 0 0
34062 0 0 0 0 4 0
34062 4 0 0 0 0 0
34063 0 0 0 0 0 4
34063 4 0 0 0 0 0
34064 0 0 0 0 4 0
34064 4 0 0 0 0 0
34065 0 0 0 0 0 4
34065 4 0 0 0 0 0
34066 0 0 0 0 0 4
34066 4 0 0 0 0 0
34067 0 0 0 0 4 0
34067 4 0 0 0 0 0
34068 0 0 0 0 4 0
34068 4 0 0 0 0 0
34069 0 0 0 0 4 0
34069 4 0 0 0 0 0
34084 3 1 0 0 0 0
34085 3 1 0 0 0 0
34086 3 1 0 0 0 0
34087 3 1 0 0 0 0
34088 3 1 0 0 0 0
34089 3 1 0 0 0 0
34090 4 0 0 0 0 0
34091 4 0 0 0 0 0
34092 4 0 0 0 0 0
34093 4 0 0 0 0 0
34094 4 0 0 0 0 0
34095 4 0 0 0 0 0
34096 4 0 0 0 0 0
34097 4 0 0 0 0 0
34098 0 0 0 0 0 4
34098 4 0 0 0 0 0
34099 0 0 0 0 0 4
34099 4 0 0 0 0 0
34100 0 0 0 0 0 4
34100 4 0 0 0 0 0
34101 0 0 0 0 0 4
34101 4 0 0 0 0 0
34102 0 0 0 0 0 4
34102 0 1 1 0 0 2
34102 4 0 0 0 0 0
34103 0 0 0 0 0 4
34103 0 1 1 0 0 2
34103 4 0 0 0 0 0
34104 0 0 0 0 0 4
34104 4 0 0 0 0 0
34105 0 0 0 0 0 4
34105 4 0 0 0 0 0
34106 0 0 0 0 0 4
34106 4 0 0 0 0 0
34107 0 0 0 0 0 4
34107 4 0 0 0 0 0
34108 0 0 0 0 0 4
34108 4 0 0 0 0 0
34109 0 0 0 0 0 4
34109 4 0 0 0 0 0
34110 4 0 0 0 0 0
34111 4 0 0 0 0 0
34112 4 0 0 0 0 0
34113 4 0 0 0 0 0
34114 4 0 0 0 0 0
34115 4 0 0 0 0 0
34116 0 0 4 0 0 0
34116 4 0 0 0 0 0
34117 0 0 4 0 0 0
34117 4 0 0 0 0 0
34118 0 0 4 0 0 0
34118 4 0 0 0 0 0
34119 0 0 4 0 0 0
34119 4 0 0 0 0 0
34120 0 0 0 4 0 0
34120 0 0 4 0 0 0
34120 4 0 0 0 0 0
34121 0 0 0 4 0 0
34121 0 0 4 0 0 0
34121 4 0 0 0 0 0
34122 4 0 0 0 0 0
34123 4 0 0 0 0 0
34124 4 0 0 0 0 0
34125 4 0 0 0 0 0
34126 4 0 0 0 0 0
34127 4 0 0 0 0 0
34128 4 0 0 0 0 0
34129 4 0 0 0 0 0
34142 4 0 0 0 0 0
34143 4 0 0 0 0 0
34144 4 0 0 0 0 0
34145 0 0 4 0 0 0
34146 0 4 0 0 0 0
34147 0 4 0 0 0 0
34148 0 4 0 0 0 0
34151 0 0 0 0 4 0
34153 0 0 4 0 0 0
34154 0 0 0 4 0 0
34155 0 2 0 0 0 2
34179 0 4 0 0 0 0
34179 4 0 0 0 0 0
34180 0 4 0 0 0 0
34180 4 0 0 0 0 0
34181 4 0 0 0 0 0
34182 4 0 0 0 0 0
34183 4 0 0 0 0 0
34184 4 0 0 0 0 0
34185 4 0 0 0 0 0
34186 4 0 0 0 0 0
34187 4 0 0 0 0 0
34188 4 0 0 0 0 0
34189 0 0 4 0 0 0
34193 0 0 4 0 0 0
34193 0 4 0 0 0 0
34214 0 0 0 0 4 0
34215 0 0 0 0 4 0
34217 0 0 0 0 4 0
34218 0 0 0 0 4 0
34274 3 0 1 0 0 0
34274 4 0 0 0 0 0
34275 3 0 1 0 0 0
34275 4 0 0 0 0 0
34276 3 0 1 0 0 0
34276 4 0 0 0 0 0
34277 3 0 1 0 0 0
34277 4 0 0 0 0 0
34278 3 0 1 0 0 0
34278 4 0 0 0 0 0
34279 3 0 1 0 0 0
34279 4 0 0 0 0 0
34280 3 0 1 0 0 0
34280 4 0 0 0 0 0
34281 3 0 1 0 0 0
34281 4 0 0 0 0 0
34282 3 0 1 0 0 0
34282 4 0 0 0 0 0
34283 3 0 1 0 0 0
34283 4 0 0 0 0 0
34284 3 0 1 0 0 0
34284 4 0 0 0 0 0
34285 3 0 1 0 0 0
34285 4 0 0 0 0 0
34286 3 0 0 1 0 0
34286 3 1 0 0 0 0
34286 4 0 0 0 0 0
34287 3 0 0 1 0 0
34287 3 1 0 0 0 0
34287 4 0 0 0 0 0
34288 4 0 0 0 0 0
34289 4 0 0 0 0 0
34290 4 0 0 0 0 0
34291 4 0 0 0 0 0
34292 4 0 0 0 0 0
34293 4 0 0 0 0 0
34294 0 2 0 2 0 0
34294 4 0 0 0 0 0
34295 0 2 0 2 0 0
34295 4 0 0 0 0 0
34296 4 0 0 0 0 0
34297 4 0 0 0 0 0
34303 4 0 0 0 0 0
34304 4 0 0 0 0 0
34305 4 0 0 0 0 0
34306 4 0 0 0 0 0
34307 4 0 0 0 0 0
34308 4 0 0 0 0 0
34313 3 0 0 0 0 1
34314 3 0 0 0 0 1
34315 3 0 0 0 0 1
34316 3 0 0 0 0 1
34326 0 0 0 0 4 0
34326 4 0 0 0 0 0
34327 0 0 0 0 4 0
34327 4 0 0 0 0 0
34328 0 1 3 0 0 0
34328 0 2 2 0 0 0
34328 2 2 0 0 0 0
34328 3 1 0 0 0 0
34329 0 1 3 0 0 0
34329 0 2 2 0 0 0
34329 2 2 0 0 0 0
34329 3 1 0 0 0 0
34330 2 2 0 0 0 0
34330 3 1 0 0 0 0
34331 2 2 0 0 0 0
34331 3 1 0 0 0 0
34332 2 2 0 0 0 0
34332 3 1 0 0 0 0
34333 2 2 0 0 0 0
34333 3 1 0 0 0 0
34336 0 3 0 0 0 1
34336 0 3 0 0 1 0
34336 0 3 0 1 0 0
34336 1 2 0 1 0 0
34337 0 3 0 0 0 1
34337 0 3 0 0 1 0
34337 0 3 0 1 0 0
34337 1 2 0 1 0 0
34338 0 0 0 4 0 0
34338 4 0 0 0 0 0
34339 0 0 4 0 0 0
34339 4 0 0 0 0 0
34340 0 0 0 4 0 0
34351 0 0 4 0 0 0
34351 4 0 0 0 0 0
34352 0 0 4 0 0 0
34352 4 0 0 0 0 0
34353 4 0 0 0 0 0
34354 4 0 0 0 0 0
34355 4 0 0 0 0 0
34356 4 0 0 0 0 0
34359 3 0 0 0 0 1
34360 3 0 0 0 0 1
34361 3 0 0 0 0 1
34362 2 0 0 2 0 0
34362 3 0 0 0 0 1
34362 3 0 0 1 0 0
34363 3 0 0 0 0 1
34364 2 0 0 2 0 0
34364 3 0 0 0 0 1
34364 3 0 0 1 0 0
34365 3 0 0 0 0 1
34365 3 0 1 0 0 0
34365 4 0 0 0 0 0
34366 3 0 0 0 0 1
34366 3 0 1 0 0 0
34366 4 0 0 0 0 0
34367 0 0 0 4 0 0
34374 0 0 0 0 4 0
34374 4 0 0 0 0 0
34375 0 0 0 0 4 0
34375 4 0 0 0 0 0
34376 2 0 0 0 2 0
34376 3 0 0 0 1 0
34376 4 0 0 0 0 0
34377 2 0 0 0 2 0
34377 3 0 0 0 1 0
34377 4 0 0 0 0 0
34378 0 0 0 2 0 2
34379 0 0 0 2 0 2
34380 0 4 0 0 0 0
34381 0 4 0 0 0 0
34386 0 0 0 4 0 0
34409 1 0 1 2 0 0
34410 1 0 1 2 0 0
34415 1 0 1 2 0 0
34416 1 0 1 2 0 0
34425 0 1 1 2 0 0
34425 0 1 2 1 0 0
34425 0 2 1 1 0 0
34425 1 0 1 2 0 0
34425 1 1 0 2 0 0
34426 0 1 1 2 0 0
34426 0 1 2 1 0 0
34426 0 2 1 1 0 0
34426 1 0 1 2 0 0
34426 1 1 0 2 0 0
34430 1 1 2 0 0 0
34431 1 1 2 0 0 0
34432 1 1 2 0 0 0
34486 4 0 0 0 0 0
34487 4 0 0 0 0 0
34488 4 0 0 0 0 0
34489 0 2 0 2 0 0
34489 4 0 0 0 0 0
34490 0 2 0 2 0 0
34490 4 0 0 0 0 0
34491 4 0 0 0 0 0
34492 0 2 0 2 0 0
34492 4 0 0 0 0 0
34493 0 2 0 2 0 0
34493 4 0 0 0 0 0
34500 0 1 3 0 0 0
34501 0 1 3 0 0 0
34502 0 1 3 0 0 0
34585 4 0 0 0 0 0
34586 4 0 0 0 0 0
34587 4 0 0 0 0 0
34588 0 4 0 0 0 0
34588 4 0 0 0 0 0
34589 0 4 0 0 0 0
34589 4 0 0 0 0 0
34590 0 0 4 0 0 0
34590 0 4 0 0 0 0
34590 4 0 0 0 0 0
34596 0 0 4 0 0 0
34597 0 0 4 0 0 0
34598 0 0 4 0 0 0
34602 0 0 4 0 0 0
34603 0 0 4 0 0 0
34604 0 0 4 0 0 0
34636 0 4 0 0 0 0
34636 1 0 3 0 0 0
34636 4 0 0 0 0 0
34637 0 4 0 0 0 0
34637 1 0 3 0 0 0
34637 4 0 0 0 0 0
34638 0 4 0 0 0 0
34638 4 0 0 0 0 0
34639 0 4 0 0 0 0
34639 4 0 0 0 0 0
34640 0 4 0 0 0 0
34640 4 0 0 0 0 0
34641 4 0 0 0 0 0
34642 4 0 0 0 0 0
34643 4 0 0 0 0 0
34644 4 0 0 0 0 0
34645 4 0 0 0 0 0
34646 4 0 0 0 0 0
34647 4 0 0 0 0 0
34648 4 0 0 0 0 0
34649 4 0 0 0 0 0
34650 4 0 0 0 0 0
34656 0 4 0 0 0 0
34657 0 4 0 0 0 0
34658 0 4 0 0 0 0
34659 0 4 0 0 0 0
34660 0 4 0 0 0 0
34661 0 4 0 0 0 0
34670 4 0 0 0 0 0
34671 4 0 0 0 0 0
34672 4 0 0 0 0 0
34673 4 0 0 0 0 0
34674 4 0 0 0 0 0
34675 4 0 0 0 0 0
34766 0 0 4 0 0 0
34770 0 0 4 0 0 0
34823 0 4 0 0 0 0
34823 4 0 0 0 0 0
34824 0 0 4 0 0 0
34824 0 4 0 0 0 0
34824 4 0 0 0 0 0
34825 0 0 4 0 0 0
34825 0 4 0 0 0 0
34825 4 0 0 0 0 0
34826 4 0 0 0 0 0
34827 0 0 0 4 0 0
34828 0 0 0 4 0 0
34829 0 0 0 4 0 0
34829 0 0 4 0 0 0
34830 0 0 4 0 0 0
34831 0 0 4 0 0 0
34857 4 0 0 0 0 0
34858 4 0 0 0 0 0
34859 4 0 0 0 0 0
34860 0 0 4 0 0 0
34976 0 4 0 0 0 0
34976 4 0 0 0 0 0
34977 0 4 0 0 0 0
34977 4 0 0 0 0 0
34978 0 4 0 0 0 0
34978 4 0 0 0 0 0
34979 0 4 0 0 0 0
34979 4 0 0 0 0 0
34980 4 0 0 0 0 0
34981 4 0 0 0 0 0
34982 4 0 0 0 0 0
34983 4 0 0 0 0 0
34984 4 0 0 0 0 0
34985 4 0 0 0 0 0
34986 4 0 0 0 0 0
34987 4 0 0 0 0 0
34988 4 0 0 0 0 0
34989 4 0 0 0 0 0
34990 4 0 0 0 0 0
34991 4 0 0 0 0 0
34992 4 0 0 0 0 0
34993 4 0 0 0 0 0
34994 4 0 0 0 0 0
34995 4 0 0 0 0 0
34996 4 0 0 0 0 0
34997 4 0 0 0 0 0
34998 4 0 0 0 0 0
34999 4 0 0 0 0 0
35000 4 0 0 0 0 0
35001 4 0 0 0 0 0
35006 4 0 0 0 0 0
35007 4 0 0 0 0 0
35008 4 0 0 0 0 0
35009 4 0 0 0 0 0
35064 0 4 0 0 0 0
35064 4 0 0 0 0 0
35065 0 4 0 0 0 0
35065 4 0 0 0 0 0
35066 0 4 0 0 0 0
35066 4 0 0 0 0 0
35067 0 4 0 0 0 0
35067 4 0 0 0 0 0
35068 0 4 0 0 0 0
35068 4 0 0 0 0 0
35069 0 4 0 0 0 0
35069 4 0 0 0 0 0
35070 4 0 0 0 0 0
35071 4 0 0 0 0 0
35072 4 0 0 0 0 0
35073 4 0 0 0 0 0
35074 4 0 0 0 0 0
35075 4 0 0 0 0 0
35111 4 0 0 0 0 0
35112 4 0 0 0 0 0
35113 4 0 0 0 0 0
35116 0 4 0 0 0 0
35117 0 4 0 0 0 0
35145 0 4 0 0 0 0
35146 0 4 0 0 0 0
35158 0 4 0 0 0 0
35159 0 4 0 0 0 0
35168 0 0 4 0 0 0
35169 0 0 4 0 0 0
35182 0 0 4 0 0 0
35183 0 0 4 0 0 0
35216 0 3 0 0 1 0
35216 0 4 0 0 0 0
35217 0 4 0 0 0 0
35218 0 3 0 0 1 0
35218 0 4 0 0 0 0
35219 0 4 0 0 0 0
35220 0 0 0 4 0 0
35220 0 4 0 0 0 0
35221 0 0 0 4 0 0
35221 0 4 0 0 0 0
35222 0 0 0 4 0 0
35222 0 0 4 0 0 0
35222 0 4 0 0 0 0
35223 0 0 0 4 0 0
35223 0 0 4 0 0 0
35223 0 4 0 0 0 0
35228 0 0 0 4 0 0
35229 0 0 0 4 0 0
35245 0 2 0 0 2 0
35245 0 3 0 0 1 0
35245 0 3 0 1 0 0
35246 0 2 0 2 0 0
35246 0 3 0 1 0 0
35247 0 2 2 0 0 0
35247 0 3 1 0 0 0
35251 4 0 0 0 0 0
35252 0 4 0 0 0 0
35256 0 1 3 0 0 0
35256 1 0 0 0 0 3
35256 1 1 0 0 0 2
35256 1 2 0 0 0 1
35256 1 3 0 0 0 0
35257 0 1 3 0 0 0
35257 1 0 0 0 0 3
35257 1 1 0 0 0 2
35257 1 2 0 0 0 1
35257 1 3 0 0 0 0
35258 0 1 3 0 0 0
35258 1 0 0 0 0 3
35258 1 1 0 0 0 2
35258 1 2 0 0 0 1
35258 1 3 0 0 0 0
35259 0 1 3 0 0 0
35259 1 0 0 0 0 3
35259 1 1 0 0 0 2
35259 1 2 0 0 0 1
35259 1 2 0 0 1 0
35259 1 3 0 0 0 0
35260 0 1 3 0 0 0
35260 1 0 0 0 0 3
35260 1 1 0 0 0 2
35260 1 2 0 0 0 1
35260 1 3 0 0 0 0
35261 0 1 3 0 0 0
35261 1 0 0 0 0 3
35261 1 1 0 0 0 2
35261 1 2 0 0 0 1
35261 1 2 0 0 1 0
35261 1 3 0 0 0 0
35262 1 0 0 0 0 3
35263 1 0 0 0 0 3
35264 1 0 0 0 0 3
35265 1 0 0 0 0 3
35266 1 0 0 0 0 3
35267 1 0 0 0 0 3
35268 1 0 0 0 0 3
35269 1 0 0 0 0 3
35270 0 0 4 0 0 0
35270 0 1 0 3 0 0
35270 0 2 0 2 0 0
35271 0 0 4 0 0 0
35271 0 1 0 3 0 0
35271 0 2 0 2 0 0
35272 0 1 3 0 0 0
35272 0 2 2 0 0 0
35273 0 1 3 0 0 0
35273 0 2 2 0 0 0
35274 0 0 4 0 0 0
35275 0 0 4 0 0 0
35281 3 0 0 0 1 0
35282 3 0 0 0 1 0
35314 0 0 4 0 0 0
35315 0 0 4 0 0 0
35316 0 0 4 0 0 0
35327 0 4 0 0 0 0
35328 0 4 0 0 0 0
35329 0 4 0 0 0 0
35330 0 4 0 0 0 0
35381 1 3 0 0 0 0
35382 1 3 0 0 0 0
35417 0 4 0 0 0 0
35418 0 4 0 0 0 0
35419 0 4 0 0 0 0
35420 0 4 0 0 0 0
35421 0 4 0 0 0 0
35422 0 4 0 0 0 0
35423 0 4 0 0 0 0
35424 0 4 0 0 0 0
35425 0 4 0 0 0 0
35426 0 4 0 0 0 0
35427 0 4 0 0 0 0
35428 0 4 0 0 0 0
35429 0 4 0 0 0 0
35430 0 4 0 0 0 0
35431 0 4 0 0 0 0
35432 0 4 0 0 0 0
35433 0 4 0 0 0 0
35434 0 4 0 0 0 0
35435 0 4 0 0 0 0
35436 0 4 0 0 0 0
35437 0 4 0 0 0 0
35438 0 4 0 0 0 0
35439 0 4 0 0 0 0
35440 0 4 0 0 0 0
35443 0 0 4 0 0 0
35444 0 0 4 0 0 0
35445 0 0 4 0 0 0
35446 0 0 4 0 0 0
35447 0 0 4 0 0 0
35448 0 0 4 0 0 0
35473 0 0 0 1 3 0
35477 0 0 0 1 3 0
35479 0 4 0 0 0 0
35480 0 4 0 0 0 0
35481 0 4 0 0 0 0
35481 1 3 0 0 0 0
35482 0 4 0 0 0 0
35482 1 3 0 0 0 0
35483 0 4 0 0 0 0
35483 1 3 0 0 0 0
35484 0 4 0 0 0 0
35484 1 3 0 0 0 0
35485 0 4 0 0 0 0
35485 1 3 0 0 0 0
35486 0 4 0 0 0 0
35486 1 3 0 0 0 0
35487 0 4 0 0 0 0
35487 1 3 0 0 0 0
35488 0 4 0 0 0 0
35488 1 3 0 0 0 0
35563 0 4 0 0 0 0
35564 0 4 0 0 0 0
35565 0 0 4 0 0 0
35565 0 4 0 0 0 0
35581 0 0 4 0 0 0
35581 0 4 0 0 0 0
35582 0 0 4 0 0 0
35582 0 4 0 0 0 0
35583 0 4 0 0 0 0
35584 0 0 4 0 0 0
35585 0 0 4 0 0 0
35587 0 4 0 0 0 0
35588 0 4 0 0 0 0
35589 0 0 4 0 0 0
35590 0 0 4 0 0 0
35600 0 0 4 0 0 0
35601 0 0 4 0 0 0
35602 0 0 4 0 0 0
35604 0 0 4 0 0 0
35605 0 0 4 0 0 0
35606 0 0 4 0 0 0
35608 0 0 4 0 0 0
35609 0 0 4 0 0 0
35610 0 0 4 0 0 0
35611 0 4 0 0 0 0
35612 0 4 0 0 0 0
35613 0 4 0 0 0 0
35614 0 4 0 0 0 0
35615 0 4 0 0 0 0
35616 0 4 0 0 0 0
35617 0 4 0 0 0 0
35618 0 4 0 0 0 0
35619 0 4 0 0 0 0
35620 0 4 0 0 0 0
35621 0 4 0 0 0 0
35622 0 4 0 0 0 0
35623 0 0 0 4 0 0
35624 0 0 0 4 0 0
35625 0 0 0 4 0 0
35626 0 0 4 0 0 0
35627 0 0 4 0 0 0
35628 0 0 4 0 0 0
35629 0 0 0 4 0 0
35630 0 0 0 4 0 0
35631 0 0 0 4 0 0
35633 0 0 0 4 0 0
35634 0 0 0 4 0 0
35636 0 0 0 4 0 0
35637 0 0 0 4 0 0
35645 0 0 0 0 4 0
35650 0 0 0 0 4 0
35651 0 0 0 0 4 0
35652 0 0 0 0 4 0
35665 4 0 0 0 0 0
35666 4 0 0 0 0 0
35667 4 0 0 0 0 0
35668 4 0 0 0 0 0
35669 4 0 0 0 0 0
35670 4 0 0 0 0 0
35671 0 4 0 0 0 0
35671 4 0 0 0 0 0
35672 0 4 0 0 0 0
35672 4 0 0 0 0 0
35673 0 4 0 0 0 0
35673 4 0 0 0 0 0
35674 0 4 0 0 0 0
35674 4 0 0 0 0 0
35675 0 4 0 0 0 0
35675 4 0 0 0 0 0
35676 0 4 0 0 0 0
35676 4 0 0 0 0 0
35677 0 4 0 0 0 0
35677 4 0 0 0 0 0
35678 0 4 0 0 0 0
35678 4 0 0 0 0 0
35679 0 4 0 0 0 0
35679 4 0 0 0 0 0
35680 0 4 0 0 0 0
35680 4 0 0 0 0 0
35681 0 4 0 0 0 0
35681 4 0 0 0 0 0
35682 0 4 0 0 0 0
35682 4 0 0 0 0 0
35683 4 0 0 0 0 0
35684 4 0 0 0 0 0
35685 4 0 0 0 0 0
35686 4 0 0 0 0 0
35687 4 0 0 0 0 0
35688 4 0 0 0 0 0
35689 4 0 0 0 0 0
35690 4 0 0 0 0 0
35691 4 0 0 0 0 0
35692 4 0 0 0 0 0
35693 4 0 0 0 0 0
35694 4 0 0 0 0 0
35725 0 0 4 0 0 0
35725 0 4 0 0 0 0
35726 0 0 4 0 0 0
35726 0 4 0 0 0 0
35727 0 4 0 0 0 0
35728 0 4 0 0 0 0
35729 0 4 0 0 0 0
35730 0 0 4 0 0 0
35731 0 0 4 0 0 0
35765 0 4 0 0 0 0
35768 0 0 0 4 0 0
35769 0 0 0 4 0 0
35825 0 4 0 0 0 0
35825 4 0 0 0 0 0
35826 0 4 0 0 0 0
35826 4 0 0 0 0 0
35827 0 4 0 0 0 0
35827 4 0 0 0 0 0
35828 0 0 4 0 0 0
35828 0 4 0 0 0 0
35828 4 0 0 0 0 0
35829 0 0 4 0 0 0
35829 0 4 0 0 0 0
35829 4 0 0 0 0 0
35830 0 0 4 0 0 0
35830 0 4 0 0 0 0
35830 4 0 0 0 0 0
35831 4 0 0 0 0 0
35832 4 0 0 0 0 0
35833 4 0 0 0 0 0
35834 4 0 0 0 0 0
35835 4 0 0 0 0 0
35836 4 0 0 0 0 0
35837 0 0 4 0 0 0
35837 0 4 0 0 0 0
35837 4 0 0 0 0 0
35838 0 0 4 0 0 0
35838 0 4 0 0 0 0
35838 4 0 0 0 0 0
35839 0 0 4 0 0 0
35839 0 4 0 0 0 0
35839 4 0 0 0 0 0
35840 0 4 0 0 0 0
35840 4 0 0 0 0 0
35841 0 4 0 0 0 0
35841 4 0 0 0 0 0
35842 0 4 0 0 0 0
35842 4 0 0 0 0 0
35843 0 4 0 0 0 0
35843 4 0 0 0 0 0
35844 0 4 0 0 0 0
35844 4 0 0 0 0 0
35863 4 0 0 0 0 0
35864 4 0 0 0 0 0
35865 4 0 0 0 0 0
35866 4 0 0 0 0 0
35867 4 0 0 0 0 0
35868 0 4 0 0 0 0
35868 4 0 0 0 0 0
35869 0 4 0 0 0 0
35869 4 0 0 0 0 0
35887 4 0 0 0 0 0
35888 4 0 0 0 0 0
35889 4 0 0 0 0 0
35965 0 4 0 0 0 0
35965 4 0 0 0 0 0
35966 0 4 0 0 0 0
35966 4 0 0 0 0 0
35967 0 4 0 0 0 0
35967 4 0 0 0 0 0
35968 0 4 0 0 0 0
35968 4 0 0 0 0 0
35969 0 4 0 0 0 0
35969 4 0 0 0 0 0
35970 0 4 0 0 0 0
35970 4 0 0 0 0 0
35971 0 4 0 0 0 0
35971 4 0 0 0 0 0
35972 0 4 0 0 0 0
35972 4 0 0 0 0 0
35973 0 4 0 0 0 0
35973 4 0 0 0 0 0
35974 0 4 0 0 0 0
35974 4 0 0 0 0 0
35975 0 4 0 0 0 0
35975 4 0 0 0 0 0
35976 0 4 0 0 0 0
35976 4 0 0 0 0 0
35977 0 4 0 0 0 0
35977 4 0 0 0 0 0
35978 0 4 0 0 0 0
35978 4 0 0 0 0 0
35979 0 4 0 0 0 0
35979 4 0 0 0 0 0
35980 0 4 0 0 0 0
35980 4 0 0 0 0 0
35981 0 4 0 0 0 0
35981 4 0 0 0 0 0
35982 0 4 0 0 0 0
35982 4 0 0 0 0 0
35983 0 4 0 0 0 0
35983 3 0 1 0 0 0
35983 4 0 0 0 0 0
35984 0 4 0 0 0 0
35984 3 0 1 0 0 0
35984 4 0 0 0 0 0
35985 0 4 0 0 0 0
35985 3 0 1 0 0 0
35985 4 0 0 0 0 0
35986 0 4 0 0 0 0
35986 3 0 1 0 0 0
35986 4 0 0 0 0 0
35987 0 4 0 0 0 0
35987 3 0 1 0 0 0
35987 4 0 0 0 0 0
35988 0 4 0 0 0 0
35988 3 0 1 0 0 0
35988 4 0 0 0 0 0
35989 4 0 0 0 0 0
35990 4 0 0 0 0 0
35991 4 0 0 0 0 0
35992 4 0 0 0 0 0
35993 4 0 0 0 0 0
35994 4 0 0 0 0 0
35995 4 0 0 0 0 0
35996 4 0 0 0 0 0
35997 4 0 0 0 0 0
35998 4 0 0 0 0 0
35999 4 0 0 0 0 0
36000 4 0 0 0 0 0
36001 4 0 0 0 0 0
36002 4 0 0 0 0 0
36003 4 0 0 0 0 0
36004 4 0 0 0 0 0
36005 4 0 0 0 0 0
36006 4 0 0 0 0 0
36007 4 0 0 0 0 0
36008 4 0 0 0 0 0
36009 4 0 0 0 0 0
36010 4 0 0 0 0 0
36011 4 0 0 0 0 0
36012 4 0 0 0 0 0
36013 4 0 0 0 0 0
36014 4 0 0 0 0 0
36015 4 0 0 0 0 0
36016 4 0 0 0 0 0
36017 4 0 0 0 0 0
36018 4 0 0 0 0 0
36019 4 0 0 0 0 0
36020 4 0 0 0 0 0
36021 4 0 0 0 0 0
36022 4 0 0 0 0 0
36023 4 0 0 0 0 0
36024 4 0 0 0 0 0
36195 4 0 0 0 0 0
36196 4 0 0 0 0 0
36197 4 0 0 0 0 0
36198 4 0 0 0 0 0
36199 4 0 0 0 0 0
36200 4 0 0 0 0 0
36201 4 0 0 0 0 0
36202 4 0 0 0 0 0
36203 4 0 0 0 0 0
36204 4 0 0 0 0 0
36205 4 0 0 0 0 0
36206 4 0 0 0 0 0
36207 4 0 0 0 0 0
36208 4 0 0 0 0 0
36209 4 0 0 0 0 0
36210 4 0 0 0 0 0
36211 4 0 0 0 0 0
36212 4 0 0 0 0 0
36213 4 0 0 0 0 0
36214 4 0 0 0 0 0
36215 0 4 0 0 0 0
36216 0 4 0 0 0 0
36217 0 4 0 0 0 0
36218 0 4 0 0 0 0
36219 0 4 0 0 0 0
36220 0 4 0 0 0 0
36221 0 4 0 0 0 0
36222 0 4 0 0 0 0
36245 0 0 0 0 0 4
36246 0 0 0 0 0 4
36247 0 0 0 0 0 4
36248 0 0 0 0 0 4
36249 0 0 0 0 0 4
36250 0 0 0 0 0 4
36251 0 0 0 0 0 4
36252 0 0 0 0 0 4
36253 0 0 0 0 0 4
36254 0 0 0 0 0 4
36255 0 0 0 0 0 4
36256 0 0 0 0 0 4
36257 0 0 0 0 0 4
36258 0 0 0 0 0 4
36259 0 0 0 0 0 4
36260 0 0 0 0 0 4
36261 0 0 0 0 0 4
36262 0 0 0 0 0 4
36263 0 0 0 0 0 4
36264 0 0 0 0 0 4
36265 0 0 0 0 0 4
36266 0 0 0 0 0 4
36267 0 0 0 0 0 4
36268 0 0 0 0 0 4
36269 0 0 0 0 0 4
36270 0 0 0 0 0 4
36271 0 0 0 0 0 4
36272 0 0 0 0 0 4
36273 0 0 0 0 0 4
36274 0 0 0 0 0 4
36275 0 0 0 0 0 4
36276 0 0 0 0 0 4
36277 0 0 0 0 0 4
36278 0 0 0 0 0 4
36279 0 0 0 0 0 4
36280 0 0 0 0 0 4
36281 0 0 0 0 0 4
36282 0 0 0 0 0 4
36283 0 0 0 0 0 4
36284 0 0 0 0 0 4
36285 0 0 0 0 0 4
36286 0 0 0 0 0 4
36287 0 0 0 0 0 4
36288 0 0 0 0 0 4
36289 0 0 0 0 0 4
36290 0 0 0 0 0 4
36291 0 0 0 0 0 4
36292 0 0 0 0 0 4
36293 0 0 0 0 0 4
36294 0 0 0 0 0 4
36295 0 0 0 0 0 4
36296 0 0 0 0 0 4
36297 0 0 0 0 0 4
36298 0 0 0 0 0 4
36299 0 0 0 0 0 4
36300 0 0 0 0 0 4
36301 0 0 0 0 0 4
36302 0 0 0 0 0 4
36303 0 0 0 0 0 4
36304 0 0 0 0 0 4
36305 0 0 0 0 0 4
36305 0 4 0 0 0 0
36306 0 0 0 0 0 4
36306 0 4 0 0 0 0
36307 0 0 0 0 0 4
36307 0 4 0 0 0 0
36308 0 0 0 0 0 4
36308 0 4 0 0 0 0
36309 0 0 0 0 0 4
36309 0 4 0 0 0 0
36310 0 0 0 0 0 4
36310 0 4 0 0 0 0
36311 0 0 0 0 0 4
36311 0 4 0 0 0 0
36312 0 0 0 0 0 4
36312 0 4 0 0 0 0
36313 0 0 0 0 0 4
36313 0 4 0 0 0 0
36314 0 0 0 0 0 4
36314 0 4 0 0 0 0
36315 0 0 0 0 0 4
36315 0 4 0 0 0 0
36316 0 0 0 0 0 4
36316 0 4 0 0 0 0
36317 0 0 0 0 0 4
36317 0 4 0 0 0 0
36318 0 0 0 0 0 4
36318 0 4 0 0 0 0
36319 0 0 0 0 0 4
36319 0 4 0 0 0 0
36320 0 0 0 0 0 4
36320 0 4 0 0 0 0
36321 0 0 0 0 0 4
36321 0 4 0 0 0 0
36322 0 0 0 0 0 4
36322 0 4 0 0 0 0
36323 0 0 0 0 0 4
36323 0 4 0 0 0 0
36324 0 0 0 0 0 4
36324 0 4 0 0 0 0
36325 0 0 0 0 0 4
36325 0 4 0 0 0 0
36326 0 0 0 0 0 4
36326 0 4 0 0 0 0
36327 0 0 0 0 0 4
36327 0 4 0 0 0 0
36328 0 0 0 0 0 4
36328 0 4 0 0 0 0
36329 0 0 0 0 0 4
36330 0 0 0 0 0 4
36331 0 0 0 0 0 4
36332 0 0 0 0 0 4
36333 0 0 0 0 0 4
36334 0 0 0 0 0 4
36335 0 0 0 0 0 4
36336 0 0 0 0 0 4
36337 0 0 0 0 0 4
36338 0 0 0 0 0 4
36339 0 0 0 0 0 4
36340 0 0 0 0 0 4
36341 0 0 0 0 0 4
36342 0 0 0 0 0 4
36343 0 0 0 0 0 4
36344 0 0 0 0 0 4
36345 0 0 0 0 0 4
36346 0 0 0 0 0 4
36347 0 0 0 0 0 4
36348 0 0 0 0 0 4
36349 0 0 0 0 0 4
36350 0 0 0 0 0 4
36351 0 0 0 0 0 4
36352 0 0 0 0 0 4
36353 0 0 0 0 0 4
36354 0 0 0 0 0 4
36355 0 0 0 0 0 4
36356 0 0 0 0 0 4
36357 0 0 0 0 0 4
36358 0 0 0 0 0 4
36359 0 0 0 0 0 4
36360 0 0 0 0 0 4
36361 0 0 0 0 0 4
36362 0 0 0 0 0 4
36363 0 0 0 0 0 4
36364 0 0 0 0 0 4
36367 0 0 0 4 0 0
36368 0 0 0 4 0 0
36375 0 0 0 4 0 0
36376 0 0 0 4 0 0
36383 0 0 0 4 0 0
36384 0 0 0 4 0 0
36385 0 0 0 4 0 0
36386 0 0 0 4 0 0
36393 0 0 0 4 0 0
36394 0 0 0 4 0 0
36399 0 0 0 4 0 0
36400 0 0 0 4 0 0
36445 0 0 0 0 0 4
36446 0 0 0 0 0 4
36447 0 0 0 0 0 4
36448 0 0 0 0 0 4
36449 0 0 0 0 0 4
36450 0 0 0 0 0 4
36451 0 0 0 0 0 4
36452 0 0 0 0 0 4
36453 0 0 0 0 0 4
36453 0 0 0 4 0 0
36454 0 0 0 0 0 4
36455 0 0 0 0 0 4
36456 0 0 0 0 0 4
36456 0 0 0 4 0 0
36457 0 0 0 0 0 4
36458 0 0 0 0 0 4
36459 0 0 0 0 0 4
36460 0 0 0 0 0 4
36461 0 0 0 0 0 4
36462 0 0 0 0 0 4
36463 0 0 0 0 0 4
36464 0 0 0 0 0 4
36465 0 0 0 0 0 4
36466 0 0 0 0 0 4
36467 0 0 0 0 0 4
36468 0 0 0 0 0 4
36469 0 0 0 0 0 4
36470 0 0 0 0 0 4
36471 0 0 0 0 0 4
36471 0 0 0 4 0 0
36472 0 0 0 0 0 4
36473 0 0 0 0 0 4
36474 0 0 0 0 0 4
36475 0 0 0 0 0 4
36475 0 0 0 4 0 0
36476 0 0 0 0 0 4
36477 0 0 0 0 0 4
36478 0 0 0 0 0 4
36479 0 0 0 0 0 4
36479 0 0 0 4 0 0
36480 0 0 0 0 0 4
36481 0 0 0 0 0 4
36482 0 0 0 0 0 4
36483 0 0 0 0 0 4
36483 0 0 0 4 0 0
36484 0 0 0 0 0 4
36525 4 0 0 0 0 0
36526 4 0 0 0 0 0
36527 4 0 0 0 0 0
36528 4 0 0 0 0 0
36529 4 0 0 0 0 0
36530 4 0 0 0 0 0
36531 4 0 0 0 0 0
36532 4 0 0 0 0 0
36533 4 0 0 0 0 0
36534 4 0 0 0 0 0
36545 4 0 0 0 0 0
36546 4 0 0 0 0 0
36547 4 0 0 0 0 0
36548 4 0 0 0 0 0
36549 4 0 0 0 0 0
36550 4 0 0 0 0 0
36551 4 0 0 0 0 0
36552 4 0 0 0 0 0
36553 4 0 0 0 0 0
36554 4 0 0 0 0 0
36555 0 0 0 0 4 0
36557 0 0 0 0 4 0
36558 0 0 0 0 4 0
36560 0 0 0 0 4 0
36561 0 0 0 0 4 0
36562 0 0 0 0 4 0
36563 0 0 0 0 4 0
36565 0 0 0 0 4 0
36566 0 0 0 0 4 0
36568 0 0 0 0 4 0
36569 0 0 0 0 4 0
36570 0 0 0 0 4 0
36571 0 0 0 0 4 0
36573 0 0 0 0 4 0
36574 0 0 0 0 4 0
36576 0 0 0 0 4 0
36577 0 0 0 0 4 0
36578 0 0 0 0 4 0
36579 0 0 0 0 4 0
36580 0 0 0 0 4 0
36581 0 0 0 0 4 0
36582 0 0 0 0 4 0
36583 0 0 0 0 4 0
36584 0 0 0 0 4 0
36585 3 0 0 0 0 1
36585 4 0 0 0 0 0
36586 3 0 0 0 0 1
36586 4 0 0 0 0 0
36587 3 0 0 0 0 1
36587 4 0 0 0 0 0
36588 3 0 0 0 0 1
36588 4 0 0 0 0 0
36589 3 0 0 0 0 1
36589 4 0 0 0 0 0
36590 3 0 0 0 0 1
36590 4 0 0 0 0 0
36591 3 0 0 0 0 1
36591 4 0 0 0 0 0
36592 3 0 0 0 0 1
36592 4 0 0 0 0 0
36593 3 0 0 0 0 1
36593 4 0 0 0 0 0
36594 3 0 0 0 0 1
36594 3 0 0 0 1 0
36594 4 0 0 0 0 0
36595 3 0 0 0 0 1
36595 4 0 0 0 0 0
36596 3 0 0 0 0 1
36596 3 0 0 0 1 0
36596 4 0 0 0 0 0
36597 3 0 0 0 0 1
36597 4 0 0 0 0 0
36598 3 0 0 0 0 1
36598 4 0 0 0 0 0
36599 3 0 0 0 0 1
36599 4 0 0 0 0 0
36600 3 0 0 0 0 1
36600 3 0 0 0 1 0
36600 4 0 0 0 0 0
36601 3 0 0 0 0 1
36601 4 0 0 0 0 0
36602 3 0 0 0 0 1
36602 3 0 0 0 1 0
36602 4 0 0 0 0 0
36603 3 0 0 0 0 1
36603 4 0 0 0 0 0
36604 3 0 0 0 0 1
36604 4 0 0 0 0 0
36605 3 0 0 0 0 1
36605 4 0 0 0 0 0
36606 3 0 0 0 0 1
36606 3 0 0 0 1 0
36606 4 0 0 0 0 0
36607 3 0 0 0 0 1
36607 4 0 0 0 0 0
36608 3 0 0 0 0 1
36608 3 0 0 0 1 0
36608 4 0 0 0 0 0
36609 0 2 0 2 0 0
36609 0 3 0 0 0 1
36609 0 3 0 0 1 0
36609 0 3 0 1 0 0
36609 0 3 1 0 0 0
36610 0 2 0 2 0 0
36610 0 3 0 0 0 1
36610 0 3 0 0 1 0
36610 0 3 0 1 0 0
36610 0 3 1 0 0 0
36611 0 2 0 2 0 0
36611 0 3 0 0 0 1
36611 0 3 0 0 1 0
36611 0 3 0 1 0 0
36611 0 3 1 0 0 0
36612 0 2 0 2 0 0
36612 0 3 0 0 0 1
36612 0 3 0 0 1 0
36612 0 3 0 1 0 0
36612 0 3 1 0 0 0
36613 0 2 0 2 0 0
36613 0 3 0 0 0 1
36613 0 3 0 0 1 0
36613 0 3 0 1 0 0
36613 0 3 1 0 0 0
36614 0 2 0 2 0 0
36614 0 3 0 0 0 1
36614 0 3 0 0 1 0
36614 0 3 0 1 0 0
36614 0 3 1 0 0 0
36615 4 0 0 0 0 0
36616 4 0 0 0 0 0
36617 4 0 0 0 0 0
36618 4 0 0 0 0 0
36619 4 0 0 0 0 0
36620 4 0 0 0 0 0
36621 0 0 0 4 0 0
36621 0 0 4 0 0 0
36622 0 0 0 4 0 0
36622 0 0 4 0 0 0
36623 0 0 0 4 0 0
36623 0 0 4 0 0 0
36624 0 0 0 4 0 0
36624 0 0 4 0 0 0
36625 1 0 0 3 0 0
36626 1 0 0 3 0 0
36627 1 0 0 3 0 0
36628 1 0 0 3 0 0
36635 0 0 0 0 4 0
36635 0 0 0 1 3 0
36636 0 0 0 0 4 0
36636 0 0 0 1 3 0
36637 0 0 0 0 4 0
36637 0 0 0 1 3 0
36638 0 0 0 0 4 0
36638 0 0 0 1 3 0
36639 0 0 0 0 4 0
36639 0 0 0 1 3 0
36640 0 0 0 0 4 0
36640 0 0 0 1 3 0
36667 0 4 0 0 0 0
36668 0 4 0 0 0 0
36669 0 4 0 0 0 0
36670 0 4 0 0 0 0
36905 0 4 0 0 0 0
36906 0 4 0 0 0 0
36907 0 4 0 0 0 0
36908 0 4 0 0 0 0
36909 0 4 0 0 0 0
36910 0 4 0 0 0 0
36911 0 4 0 0 0 0
36912 0 4 0 0 0 0
36913 0 4 0 0 0 0
36914 0 4 0 0 0 0
37115 0 4 0 0 0 0
37116 0 4 0 0 0 0
37117 0 4 0 0 0 0
37118 0 4 0 0 0 0
37119 0 4 0 0 0 0
37120 0 4 0 0 0 0
37121 0 4 0 0 0 0
37250 0 0 4 0 0 0
37250 0 4 0 0 0 0
37251 0 0 4 0 0 0
37251 0 4 0 0 0 0
37252 0 0 4 0 0 0
37252 0 4 0 0 0 0
37253 0 0 4 0 0 0
37253 0 4 0 0 0 0
37254 0 0 0 4 0 0
37254 0 0 4 0 0 0
37254 0 4 0 0 0 0
37255 0 0 4 0 0 0
37255 0 4 0 0 0 0
37256 0 0 4 0 0 0
37256 0 4 0 0 0 0
37257 0 4 0 0 0 0
37258 0 4 0 0 0 0
37259 0 4 0 0 0 0
37260 0 4 0 0 0 0
37261 0 4 0 0 0 0
37262 0 4 0 0 0 0
37263 0 0 4 0 0 0
37264 0 0 4 0 0 0
37265 0 0 4 0 0 0
37266 0 0 4 0 0 0
37267 0 0 0 4 0 0
37267 0 0 4 0 0 0
37268 0 0 4 0 0 0
37269 0 0 4 0 0 0
37282 0 0 0 4 0 0
37328 0 2 2 0 0 0
37329 0 2 2 0 0 0
37330 0 2 2 0 0 0
37331 0 2 2 0 0 0
37332 0 2 2 0 0 0
37333 0 2 2 0 0 0
37334 0 2 2 0 0 0
37335 0 2 2 0 0 0
37336 0 2 2 0 0 0
37349 0 0 2 2 0 0
37350 0 0 2 2 0 0
37351 0 0 2 2 0 0
37352 0 0 2 2 0 0
37365 0 0 2 2 0 0
37368 0 2 2 0 0 0
37369 0 2 2 0 0 0
37370 0 2 2 0 0 0
37410 0 4 0 0 0 0
37411 0 4 0 0 0 0
37412 0 4 0 0 0 0
37413 0 4 0 0 0 0
37414 0 4 0 0 0 0
37685 4 0 0 0 0 0
37686 4 0 0 0 0 0
37687 4 0 0 0 0 0
37688 4 0 0 0 0 0
37689 4 0 0 0 0 0
37690 4 0 0 0 0 0
37691 4 0 0 0 0 0
37692 4 0 0 0 0 0
37693 4 0 0 0 0 0
37694 4 0 0 0 0 0
37695 4 0 0 0 0 0
37696 4 0 0 0 0 0
37697 4 0 0 0 0 0
37698 4 0 0 0 0 0
37699 4 0 0 0 0 0
37700 4 0 0 0 0 0
37701 4 0 0 0 0 0
37702 4 0 0 0 0 0
37703 4 0 0 0 0 0
37704 4 0 0 0 0 0
37722 0 4 0 0 0 0
37723 0 4 0 0 0 0
37724 0 4 0 0 0 0
37725 0 4 0 0 0 0
37726 0 4 0 0 0 0
37727 0 4 0 0 0 0
37728 0 4 0 0 0 0
37729 0 4 0 0 0 0
37735 4 0 0 0 0 0
37736 4 0 0 0 0 0
37737 4 0 0 0 0 0
37738 4 0 0 0 0 0
37739 4 0 0 0 0 0
37740 4 0 0 0 0 0
37741 4 0 0 0 0 0
37742 4 0 0 0 0 0
37743 4 0 0 0 0 0
37744 4 0 0 0 0 0
37745 4 0 0 0 0 0
37746 4 0 0 0 0 0
37747 4 0 0 0 0 0
37748 4 0 0 0 0 0
37749 4 0 0 0 0 0
37750 4 0 0 0 0 0
37751 4 0 0 0 0 0
37752 4 0 0 0 0 0
37753 4 0 0 0 0 0
37754 4 0 0 0 0 0
37755 4 0 0 0 0 0
37756 4 0 0 0 0 0
37757 4 0 0 0 0 0
37758 4 0 0 0 0 0
37759 4 0 0 0 0 0
37760 4 0 0 0 0 0
37761 4 0 0 0 0 0
37762 4 0 0 0 0 0
37763 4 0 0 0 0 0
37764 4 0 0 0 0 0
37765 4 0 0 0 0 0
37766 4 0 0 0 0 0
37767 4 0 0 0 0 0
37768 4 0 0 0 0 0
37769 4 0 0 0 0 0
37770 4 0 0 0 0 0
37771 4 0 0 0 0 0
37772 4 0 0 0 0 0
37773 4 0 0 0 0 0
37774 4 0 0 0 0 0
37775 4 0 0 0 0 0
37776 4 0 0 0 0 0
37777 4 0 0 0 0 0
37778 4 0 0 0 0 0
37779 4 0 0 0 0 0
37780 4 0 0 0 0 0
37781 4 0 0 0 0 0
37782 4 0 0 0 0 0
37783 4 0 0 0 0 0
37784 4 0 0 0 0 0
37785 4 0 0 0 0 0
37786 4 0 0 0 0 0
37787 4 0 0 0 0 0
37788 4 0 0 0 0 0
37789 4 0 0 0 0 0
37790 4 0 0 0 0 0
37791 4 0 0 0 0 0
37792 4 0 0 0 0 0
37793 4 0 0 0 0 0
37794 4 0 0 0 0 0
37855 4 0 0 0 0 0
37856 4 0 0 0 0 0
37857 4 0 0 0 0 0
37858 4 0 0 0 0 0
37859 4 0 0 0 0 0
37860 4 0 0 0 0 0
37861 4 0 0 0 0 0
37862 4 0 0 0 0 0
37863 4 0 0 0 0 0
37864 4 0 0 0 0 0
37865 4 0 0 0 0 0
37866 4 0 0 0 0 0
37867 4 0 0 0 0 0
37868 4 0 0 0 0 0
37869 4 0 0 0 0 0
37870 4 0 0 0 0 0
37871 4 0 0 0 0 0
37872 4 0 0 0 0 0
37873 4 0 0 0 0 0
37874 4 0 0 0 0 0
37875 4 0 0 0 0 0
37876 4 0 0 0 0 0
37877 4 0 0 0 0 0
37878 4 0 0 0 0 0
37879 4 0 0 0 0 0
37880 4 0 0 0 0 0
37881 4 0 0 0 0 0
37882 4 0 0 0 0 0
37883 4 0 0 0 0 0
37884 4 0 0 0 0 0
37885 4 0 0 0 0 0
37886 4 0 0 0 0 0
37887 4 0 0 0 0 0
37888 4 0 0 0 0 0
37889 4 0 0 0 0 0
37890 4 0 0 0 0 0
37891 4 0 0 0 0 0
37892 4 0 0 0 0 0
37893 4 0 0 0 0 0
37894 4 0 0 0 0 0
37895 4 0 0 0 0 0
37896 4 0 0 0 0 0
37897 4 0 0 0 0 0
37898 4 0 0 0 0 0
37899 4 0 0 0 0 0
37900 4 0 0 0 0 0
37901 4 0 0 0 0 0
37902 4 0 0 0 0 0
37903 4 0 0 0 0 0
37904 4 0 0 0 0 0
37905 4 0 0 0 0 0
37906 4 0 0 0 0 0
37907 4 0 0 0 0 0
37908 4 0 0 0 0 0
37909 4 0 0 0 0 0
37910 4 0 0 0 0 0
37911 4 0 0 0 0 0
37912 4 0 0 0 0 0
37913 4 0 0 0 0 0
37914 4 0 0 0 0 0
37915 4 0 0 0 0 0
37916 4 0 0 0 0 0
37917 4 0 0 0 0 0
37918 4 0 0 0 0 0
37919 4 0 0 0 0 0
37920 4 0 0 0 0 0
37921 4 0 0 0 0 0
37922 4 0 0 0 0 0
37923 4 0 0 0 0 0
37924 4 0 0 0 0 0
37925 4 0 0 0 0 0
37926 4 0 0 0 0 0
37927 4 0 0 0 0 0
37928 4 0 0 0 0 0
37929 4 0 0 0 0 0
37930 4 0 0 0 0 0
37931 4 0 0 0 0 0
37932 4 0 0 0 0 0
37933 4 0 0 0 0 0
37934 4 0 0 0 0 0
37935 4 0 0 0 0 0
37936 4 0 0 0 0 0
37937 4 0 0 0 0 0
37938 4 0 0 0 0 0
37939 4 0 0 0 0 0
37940 4 0 0 0 0 0
37941 4 0 0 0 0 0
37942 4 0 0 0 0 0
37943 4 0 0 0 0 0
37944 4 0 0 0 0 0
37945 4 0 0 0 0 0
37946 4 0 0 0 0 0
37947 4 0 0 0 0 0
37948 4 0 0 0 0 0
37949 4 0 0 0 0 0
37950 4 0 0 0 0 0
37951 4 0 0 0 0 0
37952 4 0 0 0 0 0
37953 4 0 0 0 0 0
37954 4 0 0 0 0 0
37955 4 0 0 0 0 0
37956 4 0 0 0 0 0
37957 4 0 0 0 0 0
37958 4 0 0 0 0 0
37959 4 0 0 0 0 0
37960 4 0 0 0 0 0
37961 4 0 0 0 0 0
37962 4 0 0 0 0 0
37963 4 0 0 0 0 0
37964 4 0 0 0 0 0
37965 4 0 0 0 0 0
37966 4 0 0 0 0 0
37967 4 0 0 0 0 0
37968 4 0 0 0 0 0
37969 4 0 0 0 0 0
37970 4 0 0 0 0 0
37971 4 0 0 0 0 0
37972 4 0 0 0 0 0
37973 4 0 0 0 0 0
37974 4 0 0 0 0 0
38055 4 0 0 0 0 0
38056 4 0 0 0 0 0
38057 4 0 0 0 0 0
38058 4 0 0 0 0 0
38059 4 0 0 0 0 0
38060 4 0 0 0 0 0
38061 4 0 0 0 0 0
38062 4 0 0 0 0 0
38063 4 0 0 0 0 0
38064 4 0 0 0 0 0
38065 4 0 0 0 0 0
38066 4 0 0 0 0 0
38067 4 0 0 0 0 0
38068 4 0 0 0 0 0
38069 4 0 0 0 0 0
38070 4 0 0 0 0 0
38071 4 0 0 0 0 0
38072 4 0 0 0 0 0
38073 4 0 0 0 0 0
38074 4 0 0 0 0 0
38075 4 0 0 0 0 0
38076 4 0 0 0 0 0
38077 4 0 0 0 0 0
38078 4 0 0 0 0 0
38079 4 0 0 0 0 0
38080 4 0 0 0 0 0
38081 4 0 0 0 0 0
38082 4 0 0 0 0 0
38083 4 0 0 0 0 0
38084 4 0 0 0 0 0
38085 4 0 0 0 0 0
38086 4 0 0 0 0 0
38087 4 0 0 0 0 0
38088 4 0 0 0 0 0
38089 4 0 0 0 0 0
38090 4 0 0 0 0 0
38091 4 0 0 0 0 0
38092 4 0 0 0 0 0
38093 4 0 0 0 0 0
38094 4 0 0 0 0 0
38095 4 0 0 0 0 0
38096 4 0 0 0 0 0
38097 4 0 0 0 0 0
38098 4 0 0 0 0 0
38099 4 0 0 0 0 0
38100 4 0 0 0 0 0
38101 4 0 0 0 0 0
38102 4 0 0 0 0 0
38103 4 0 0 0 0 0
38104 4 0 0 0 0 0
38105 4 0 0 0 0 0
38106 4 0 0 0 0 0
38107 4 0 0 0 0 0
38108 4 0 0 0 0 0
38109 4 0 0 0 0 0
38110 4 0 0 0 0 0
38111 4 0 0 0 0 0
38112 4 0 0 0 0 0
38113 4 0 0 0 0 0
38114 4 0 0 0 0 0
38371 3 1 0 0 0 0
38372 3 1 0 0 0 0
38373 3 1 0 0 0 0
38374 3 1 0 0 0 0
38375 3 1 0 0 0 0
38376 3 1 0 0 0 0
38377 3 1 0 0 0 0
38378 3 1 0 0 0 0
38379 3 1 0 0 0 0
38380 3 1 0 0 0 0
38381 3 1 0 0 0 0
38382 3 1 0 0 0 0
38383 3 1 0 0 0 0
38384 3 1 0 0 0 0
38385 3 1 0 0 0 0
38386 3 1 0 0 0 0
38387 3 1 0 0 0 0
38388 3 1 0 0 0 0
38389 3 1 0 0 0 0
38390 3 1 0 0 0 0
38391 3 1 0 0 0 0
38392 3 1 0 0 0 0
38393 3 1 0 0 0 0
38394 3 1 0 0 0 0
38447 1 3 0 0 0 0
38448 1 3 0 0 0 0
38449 1 3 0 0 0 0
38450 1 3 0 0 0 0
38451 1 3 0 0 0 0
38452 1 3 0 0 0 0
38453 1 3 0 0 0 0
38454 1 3 0 0 0 0
38727 0 4 0 0 0 0
38728 0 4 0 0 0 0
38729 0 3 1 0 0 0
38729 0 4 0 0 0 0
38730 0 3 1 0 0 0
38730 0 4 0 0 0 0
38731 0 3 1 0 0 0
38731 0 4 0 0 0 0
38732 0 3 1 0 0 0
38732 0 4 0 0 0 0
38733 0 3 1 0 0 0
38733 0 4 0 0 0 0
38734 0 3 1 0 0 0
38734 0 4 0 0 0 0
38738 0 0 4 0 0 0
38739 0 0 4 0 0 0
38740 0 0 4 0 0 0
38742 0 0 4 0 0 0
38743 0 0 4 0 0 0
38744 0 0 4 0 0 0
38745 0 0 0 4 0 0
38746 0 0 0 4 0 0
38747 0 0 0 4 0 0
38748 0 0 0 4 0 0
38749 0 0 0 4 0 0
38750 0 0 0 4 0 0
38751 0 0 0 4 0 0
38752 0 0 0 4 0 0
38753 0 0 0 4 0 0
38756 0 0 0 4 0 0
38759 0 0 0 4 0 0
38760 0 0 0 4 0 0
38761 0 0 0 4 0 0
38764 0 0 0 4 0 0
38767 0 0 0 4 0 0
38768 0 0 0 4 0 0
38769 0 0 0 4 0 0
38772 0 0 0 4 0 0
38775 0 0 0 4 0 0
38775 0 0 4 0 0 0
38775 4 0 0 0 0 0
38776 0 0 0 4 0 0
38776 0 0 4 0 0 0
38776 4 0 0 0 0 0
38777 0 0 0 4 0 0
38777 4 0 0 0 0 0
38778 0 0 0 4 0 0
38778 4 0 0 0 0 0
38779 4 0 0 0 0 0
38780 4 0 0 0 0 0
38781 4 0 0 0 0 0
38782 4 0 0 0 0 0
38783 0 0 0 4 0 0
38783 0 0 4 0 0 0
38783 4 0 0 0 0 0
38784 0 0 0 4 0 0
38784 0 0 4 0 0 0
38784 4 0 0 0 0 0
38785 0 0 0 4 0 0
38785 4 0 0 0 0 0
38786 0 0 0 4 0 0
38786 4 0 0 0 0 0
38787 4 0 0 0 0 0
38788 4 0 0 0 0 0
38789 4 0 0 0 0 0
38790 4 0 0 0 0 0
38791 0 0 0 4 0 0
38791 4 0 0 0 0 0
38792 0 0 0 4 0 0
38792 4 0 0 0 0 0
38793 4 0 0 0 0 0
38794 4 0 0 0 0 0
38795 4 0 0 0 0 0
38796 4 0 0 0 0 0
38797 0 0 0 4 0 0
38797 4 0 0 0 0 0
38798 0 0 0 4 0 0
38798 4 0 0 0 0 0
38799 4 0 0 0 0 0
38800 4 0 0 0 0 0
38801 4 0 0 0 0 0
38802 4 0 0 0 0 0
38803 4 0 0 0 0 0
38804 4 0 0 0 0 0
38805 4 0 0 0 0 0
38806 4 0 0 0 0 0
38807 4 0 0 0 0 0
38808 4 0 0 0 0 0
38809 4 0 0 0 0 0
38810 4 0 0 0 0 0
38811 4 0 0 0 0 0
38812 4 0 0 0 0 0
38813 4 0 0 0 0 0
38814 4 0 0 0 0 0
38837 0 0 4 0 0 0
38838 0 0 0 2 2 0
38838 0 0 0 3 1 0
38838 0 0 4 0 0 0
38839 0 0 4 0 0 0
38840 0 0 4 0 0 0
38841 0 0 0 2 2 0
38841 0 0 0 3 1 0
38841 0 0 4 0 0 0
38842 0 0 4 0 0 0
38851 0 0 4 0 0 0
38852 0 0 0 2 2 0
38852 0 0 0 3 1 0
38852 0 0 4 0 0 0
38853 0 0 4 0 0 0
38857 0 0 0 2 2 0
38857 0 0 0 3 1 0
38863 0 0 4 0 0 0
38864 0 0 0 2 2 0
38864 0 0 0 3 1 0
38864 0 0 4 0 0 0
38865 0 0 4 0 0 0
38869 0 0 0 2 2 0
38869 0 0 0 3 1 0
38875 0 0 0 0 4 0
38875 0 0 0 1 3 0
38875 0 0 0 2 2 0
38875 0 0 0 3 1 0
38875 0 0 0 4 0 0
38875 0 0 4 0 0 0
38876 0 0 0 0 4 0
38876 0 0 4 0 0 0
38877 0 0 4 0 0 0
38878 0 0 0 0 4 0
38878 0 0 0 1 3 0
38878 0 0 0 2 2 0
38878 0 0 0 3 1 0
38878 0 0 0 4 0 0
38878 0 0 4 0 0 0
38879 0 0 0 0 4 0
38879 0 0 4 0 0 0
38880 0 0 4 0 0 0
38881 0 0 0 0 4 0
38883 0 0 0 0 4 0
38887 0 0 0 0 4 0
38887 0 0 0 1 3 0
38887 0 0 0 2 2 0
38887 0 0 0 3 1 0
38887 0 0 0 4 0 0
38887 0 0 4 0 0 0
38888 0 0 0 0 4 0
38888 0 0 4 0 0 0
38889 0 0 4 0 0 0
38890 0 0 0 0 4 0
38890 0 0 0 1 3 0
38890 0 0 0 2 2 0
38890 0 0 0 3 1 0
38890 0 0 0 4 0 0
38890 0 0 4 0 0 0
38891 0 0 0 0 4 0
38891 0 0 4 0 0 0
38892 0 0 4 0 0 0
38893 0 0 0 0 4 0
38895 0 0 0 0 4 0
38899 0 0 0 0 4 0
38899 0 0 0 1 3 0
38899 0 0 0 2 2 0
38899 0 0 0 3 1 0
38899 0 0 0 4 0 0
38899 0 0 4 0 0 0
38900 0 0 0 0 4 0
38900 0 0 4 0 0 0
38901 0 0 4 0 0 0
38902 0 0 0 0 4 0
38902 0 0 0 1 3 0
38902 0 0 0 2 2 0
38902 0 0 0 3 1 0
38902 0 0 0 4 0 0
38902 0 0 4 0 0 0
38903 0 0 0 0 4 0
38903 0 0 4 0 0 0
38904 0 0 4 0 0 0
38905 0 0 0 0 4 0
38907 0 0 0 0 4 0
38911 0 0 0 0 4 0
38913 0 0 0 0 4 0
38917 0 0 0 0 4 0
38919 0 0 0 0 4 0
38923 0 0 0 0 4 0
38925 0 0 0 0 4 0
38995 0 0 0 0 0 4
38995 0 0 0 0 1 3
38996 0 0 0 0 0 4
38996 0 0 0 2 2 0
38997 0 0 0 0 0 4
38997 0 0 0 0 1 3
38998 0 0 0 0 0 4
38998 0 0 0 2 2 0
38999 0 0 0 0 0 4
39000 0 0 0 0 0 4
39001 0 0 0 0 0 4
39001 0 0 0 0 1 3
39002 0 0 0 0 0 4
39002 0 0 0 2 2 0
39003 0 0 0 0 0 4
39003 0 0 0 0 1 3
39004 0 0 0 0 0 4
39004 0 0 0 2 2 0
39005 0 0 0 0 0 4
39006 0 0 0 0 0 4
39007 0 0 0 0 0 4
39007 0 0 0 0 1 3
39008 0 0 0 0 0 4
39008 0 0 0 2 2 0
39009 0 0 0 0 0 4
39009 0 0 0 0 1 3
39010 0 0 0 0 0 4
39010 0 0 0 2 2 0
39011 0 0 0 0 0 4
39012 0 0 0 0 0 4
39013 0 0 0 0 0 4
39014 0 0 0 0 0 4
39015 0 0 0 0 0 4
39016 0 0 0 0 0 4
39017 0 0 0 0 0 4
39018 0 0 0 0 0 4
39019 0 0 0 0 0 4
39019 0 0 0 0 1 3
39020 0 0 0 0 0 4
39020 0 0 0 2 2 0
39021 0 0 0 0 0 4
39021 0 0 0 0 1 3
39022 0 0 0 0 0 4
39022 0 0 0 2 2 0
39023 0 0 0 0 0 4
39024 0 0 0 0 0 4
39025 0 0 0 0 0 4
39025 0 0 0 0 1 3
39026 0 0 0 0 0 4
39026 0 0 0 2 2 0
39027 0 0 0 0 0 4
39027 0 0 0 0 1 3
39028 0 0 0 0 0 4
39028 0 0 0 2 2 0
39028 0 0 0 3 1 0
39029 0 0 0 0 0 4
39030 0 0 0 0 0 4
39031 0 0 0 0 0 4
39031 0 0 0 0 1 3
39032 0 0 0 0 0 4
39032 0 0 0 2 2 0
39033 0 0 0 0 0 4
39033 0 0 0 0 1 3
39034 0 0 0 0 0 4
39034 0 0 0 2 2 0
39034 0 0 0 3 1 0
39035 0 0 0 0 0 4
39036 0 0 0 0 0 4
39037 0 0 0 0 0 4
39038 0 0 0 0 0 4
39039 0 0 0 0 0 4
39040 0 0 0 0 0 4
39041 0 0 0 0 0 4
39042 0 0 0 0 0 4
39043 0 0 0 0 0 4
39043 0 0 0 0 1 3
39044 0 0 0 0 0 4
39044 0 0 0 2 2 0
39045 0 0 0 0 0 4
39045 0 0 0 0 1 3
39046 0 0 0 0 0 4
39046 0 0 0 2 2 0
39047 0 0 0 0 0 4
39048 0 0 0 0 0 4
39049 0 0 0 0 0 4
39049 0 0 0 0 1 3
39050 0 0 0 0 0 4
39050 0 0 0 2 2 0
39051 0 0 0 0 0 4
39051 0 0 0 0 1 3
39052 0 0 0 0 0 4
39052 0 0 0 2 2 0
39052 0 0 0 3 1 0
39053 0 0 0 0 0 4
39054 0 0 0 0 0 4
39055 0 0 0 0 0 4
39055 0 0 0 0 1 3
39056 0 0 0 0 0 4
39056 0 0 0 2 2 0
39057 0 0 0 0 0 4
39057 0 0 0 0 1 3
39058 0 0 0 0 0 4
39058 0 0 0 2 2 0
39058 0 0 0 3 1 0
39059 0 0 0 0 0 4
39060 0 0 0 0 0 4
39061 0 0 0 0 0 4
39062 0 0 0 0 0 4
39063 0 0 0 0 0 4
39064 0 0 0 0 0 4
39065 0 0 0 0 0 4
39066 0 0 0 0 0 4
39067 0 0 0 0 0 4
39067 0 0 0 0 1 3
39068 0 0 0 0 0 4
39068 0 0 0 2 2 0
39069 0 0 0 0 0 4
39069 0 0 0 0 1 3
39070 0 0 0 0 0 4
39070 0 0 0 2 2 0
39071 0 0 0 0 0 4
39072 0 0 0 0 0 4
39073 0 0 0 0 0 4
39073 0 0 0 0 1 3
39074 0 0 0 0 0 4
39074 0 0 0 2 2 0
39075 0 0 0 0 0 4
39075 0 0 0 0 1 3
39076 0 0 0 0 0 4
39076 0 0 0 2 2 0
39076 0 0 0 3 1 0
39077 0 0 0 0 0 4
39078 0 0 0 0 0 4
39079 0 0 0 0 0 4
39079 0 0 0 0 1 3
39080 0 0 0 0 0 4
39080 0 0 0 2 2 0
39081 0 0 0 0 0 4
39081 0 0 0 0 1 3
39082 0 0 0 0 0 4
39082 0 0 0 2 2 0
39082 0 0 0 3 1 0
39083 0 0 0 0 0 4
39084 0 0 0 0 0 4
39085 0 0 0 0 0 4
39086 0 0 0 0 0 4
39087 0 0 0 0 0 4
39088 0 0 0 0 0 4
39089 0 0 0 0 0 4
39090 0 0 0 0 0 4
39091 0 0 0 0 0 4
39092 0 0 0 0 0 4
39093 0 0 0 0 0 4
39094 0 0 0 0 0 4
39095 0 0 0 0 0 4
39096 0 0 0 0 0 4
39097 0 0 0 0 0 4
39098 0 0 0 0 0 4
39099 0 0 0 0 0 4
39100 0 0 0 0 0 4
39101 0 0 0 0 0 4
39102 0 0 0 0 0 4
39103 0 0 0 0 0 4
39104 0 0 0 0 0 4
39105 0 0 0 0 0 4
39106 0 0 0 0 0 4
39107 0 0 0 0 0 4
39108 0 0 0 0 0 4
39109 0 0 0 0 0 4
39110 0 0 0 0 0 4
39111 0 0 0 0 0 4
39112 0 0 0 0 0 4
39113 0 0 0 0 0 4
39114 0 0 0 0 0 4
39123 0 3 1 0 0 0
39123 0 4 0 0 0 0
39124 0 3 1 0 0 0
39124 0 4 0 0 0 0
39125 0 3 1 0 0 0
39125 0 4 0 0 0 0
39126 0 3 1 0 0 0
39126 0 4 0 0 0 0
39126 1 2 0 0 1 0
39127 0 3 1 0 0 0
39127 0 4 0 0 0 0
39127 1 2 0 0 1 0
39128 0 3 1 0 0 0
39128 0 4 0 0 0 0
39128 1 2 0 1 0 0
39129 0 4 0 0 0 0
39130 0 4 0 0 0 0
39131 0 4 0 0 0 0
39132 0 4 0 0 0 0
39133 0 4 0 0 0 0
39134 0 4 0 0 0 0
39135 0 4 0 0 0 0
39136 0 4 0 0 0 0
39137 0 4 0 0 0 0
39138 0 4 0 0 0 0
39138 1 2 0 0 1 0
39139 0 4 0 0 0 0
39139 1 2 0 0 1 0
39140 0 4 0 0 0 0
39140 1 2 0 0 1 0
39141 0 4 0 0 0 0
39141 1 2 0 0 1 0
39142 0 4 0 0 0 0
39143 0 4 0 0 0 0
39144 0 4 0 0 0 0
39144 1 2 0 1 0 0
39145 0 4 0 0 0 0
39146 0 4 0 0 0 0
39172 0 4 0 0 0 0
39173 0 4 0 0 0 0
39174 0 4 0 0 0 0
39175 0 4 0 0 0 0
39210 0 4 0 0 0 0
39211 0 4 0 0 0 0
39212 0 4 0 0 0 0
39213 0 4 0 0 0 0
39214 0 4 0 0 0 0
39215 0 4 0 0 0 0
39216 0 4 0 0 0 0
39217 0 4 0 0 0 0
39218 0 4 0 0 0 0
39219 0 4 0 0 0 0
39220 0 4 0 0 0 0
39221 0 4 0 0 0 0
39286 0 4 0 0 0 0
39287 0 4 0 0 0 0
39288 0 4 0 0 0 0
39289 0 3 1 0 0 0
39289 0 4 0 0 0 0
39290 0 3 1 0 0 0
39290 0 4 0 0 0 0
39291 0 3 1 0 0 0
39291 0 4 0 0 0 0
39292 0 4 0 0 0 0
39293 0 4 0 0 0 0
39294 0 4 0 0 0 0
39295 0 4 0 0 0 0
39296 0 4 0 0 0 0
39297 0 4 0 0 0 0
39318 0 4 0 0 0 0
39319 0 4 0 0 0 0
39320 0 4 0 0 0 0
39321 0 4 0 0 0 0
39322 0 4 0 0 0 0
39323 0 4 0 0 0 0
39324 0 4 0 0 0 0
39325 0 4 0 0 0 0
39326 0 4 0 0 0 0
39327 0 4 0 0 0 0
39328 0 4 0 0 0 0
39329 0 4 0 0 0 0
39610 0 4 0 0 0 0
39611 0 4 0 0 0 0
39612 0 4 0 0 0 0
39613 0 4 0 0 0 0
39614 0 4 0 0 0 0
39615 0 4 0 0 0 0
39616 0 4 0 0 0 0
39617 0 4 0 0 0 0
39618 0 4 0 0 0 0
39619 0 4 0 0 0 0
39620 0 4 0 0 0 0
39621 0 4 0 0 0 0
39730 4 0 0 0 0 0
39731 4 0 0 0 0 0
39732 4 0 0 0 0 0
39733 4 0 0 0 0 0
39734 4 0 0 0 0 0
39735 4 0 0 0 0 0
39736 4 0 0 0 0 0
39737 4 0 0 0 0 0
39738 4 0 0 0 0 0
39739 4 0 0 0 0 0
39740 4 0 0 0 0 0
39741 4 0 0 0 0 0
39742 4 0 0 0 0 0
39743 4 0 0 0 0 0
39744 4 0 0 0 0 0
39745 4 0 0 0 0 0
39746 4 0 0 0 0 0
39747 4 0 0 0 0 0
39748 4 0 0 0 0 0
39749 4 0 0 0 0 0
39750 4 0 0 0 0 0
39751 4 0 0 0 0 0
39752 4 0 0 0 0 0
39753 4 0 0 0 0 0
39754 4 0 0 0 0 0
39755 4 0 0 0 0 0
39756 4 0 0 0 0 0
39757 4 0 0 0 0 0
39758 4 0 0 0 0 0
39759 4 0 0 0 0 0
39760 4 0 0 0 0 0
39761 4 0 0 0 0 0
39762 4 0 0 0 0 0
39763 4 0 0 0 0 0
39764 4 0 0 0 0 0
39765 4 0 0 0 0 0
39766 4 0 0 0 0 0
39767 4 0 0 0 0 0
39768 4 0 0 0 0 0
39769 4 0 0 0 0 0
39770 4 0 0 0 0 0
39771 4 0 0 0 0 0
39772 4 0 0 0 0 0
39773 4 0 0 0 0 0
39774 4 0 0 0 0 0
39775 4 0 0 0 0 0
39776 4 0 0 0 0 0
39777 4 0 0 0 0 0
39778 4 0 0 0 0 0
39779 4 0 0 0 0 0
39780 4 0 0 0 0 0
39781 4 0 0 0 0 0
39782 4 0 0 0 0 0
39783 4 0 0 0 0 0
39784 4 0 0 0 0 0
39785 4 0 0 0 0 0
39786 4 0 0 0 0 0
39787 4 0 0 0 0 0
39788 4 0 0 0 0 0
39789 4 0 0 0 0 0
39910 0 0 4 0 0 0
39910 0 4 0 0 0 0
39911 0 0 4 0 0 0
39911 0 4 0 0 0 0
39912 0 0 4 0 0 0
39912 0 4 0 0 0 0
39913 0 0 4 0 0 0
39913 0 4 0 0 0 0
39914 0 0 4 0 0 0
39914 0 4 0 0 0 0
39915 0 0 4 0 0 0
39915 0 4 0 0 0 0
39916 0 0 4 0 0 0
39916 0 4 0 0 0 0
39917 0 0 4 0 0 0
39917 0 4 0 0 0 0
39918 0 0 4 0 0 0
39918 0 4 0 0 0 0
39919 0 0 4 0 0 0
39919 0 4 0 0 0 0
39920 0 0 4 0 0 0
39920 0 4 0 0 0 0
39921 0 0 4 0 0 0
39921 0 4 0 0 0 0
39922 0 0 4 0 0 0
39922 0 4 0 0 0 0
39923 0 0 4 0 0 0
39923 0 4 0 0 0 0
39924 0 0 4 0 0 0
39924 0 4 0 0 0 0
39925 0 0 4 0 0 0
39925 0 4 0 0 0 0
39926 0 0 4 0 0 0
39926 0 4 0 0 0 0
39927 0 0 4 0 0 0
39927 0 4 0 0 0 0
39928 0 4 0 0 0 0
39929 0 4 0 0 0 0
39930 0 4 0 0 0 0
39931 0 4 0 0 0 0
39932 0 4 0 0 0 0
39933 0 4 0 0 0 0
39934 0 0 4 0 0 0
39935 0 0 4 0 0 0
39936 0 0 4 0 0 0
39937 0 0 4 0 0 0
39938 0 0 4 0 0 0
39939 0 0 4 0 0 0
39958 0 0 4 0 0 0
39959 0 0 4 0 0 0
39960 0 0 4 0 0 0
39961 0 0 4 0 0 0
39962 0 0 4 0 0 0
39963 0 0 4 0 0 0
39982 0 0 4 0 0 0
39983 0 0 4 0 0 0
39984 0 0 4 0 0 0
39985 0 0 4 0 0 0
39986 0 0 4 0 0 0
39987 0 0 4 0 0 0
40030 0 0 4 0 0 0
40030 0 1 3 0 0 0
40031 0 0 4 0 0 0
40031 0 1 3 0 0 0
40032 0 0 4 0 0 0
40032 0 1 3 0 0 0
40033 0 0 4 0 0 0
40033 0 1 3 0 0 0
40034 0 0 4 0 0 0
40034 0 1 3 0 0 0
40035 0 0 4 0 0 0
40035 0 1 3 0 0 0
40054 0 0 4 0 0 0
40055 0 0 4 0 0 0
40056 0 0 4 0 0 0
40057 0 0 4 0 0 0
40058 0 0 4 0 0 0
40059 0 0 4 0 0 0
40150 4 0 0 0 0 0
40151 4 0 0 0 0 0
40152 4 0 0 0 0 0
40153 4 0 0 0 0 0
40154 4 0 0 0 0 0
40155 4 0 0 0 0 0
40156 4 0 0 0 0 0
40157 4 0 0 0 0 0
40158 4 0 0 0 0 0
40159 4 0 0 0 0 0
40160 4 0 0 0 0 0
40161 4 0 0 0 0 0
40162 4 0 0 0 0 0
40163 4 0 0 0 0 0
40164 4 0 0 0 0 0
40165 4 0 0 0 0 0
40166 4 0 0 0 0 0
40167 4 0 0 0 0 0
40168 4 0 0 0 0 0
40169 4 0 0 0 0 0
40170 4 0 0 0 0 0
40171 4 0 0 0 0 0
40172 4 0 0 0 0 0
40173 4 0 0 0 0 0
40174 4 0 0 0 0 0
40175 4 0 0 0 0 0
40176 4 0 0 0 0 0
40177 4 0 0 0 0 0
40178 4 0 0 0 0 0
40179 4 0 0 0 0 0
40180 4 0 0 0 0 0
40181 4 0 0 0 0 0
40182 4 0 0 0 0 0
40183 4 0 0 0 0 0
40184 4 0 0 0 0 0
40185 4 0 0 0 0 0
40186 4 0 0 0 0 0
40187 4 0 0 0 0 0
40188 4 0 0 0 0 0
40189 4 0 0 0 0 0
40190 4 0 0 0 0 0
40191 4 0 0 0 0 0
40192 4 0 0 0 0 0
40193 4 0 0 0 0 0
40194 4 0 0 0 0 0
40195 4 0 0 0 0 0
40196 4 0 0 0 0 0
40197 4 0 0 0 0 0
40198 4 0 0 0 0 0
40199 4 0 0 0 0 0
40200 4 0 0 0 0 0
40201 4 0 0 0 0 0
40202 4 0 0 0 0 0
40203 4 0 0 0 0 0
40204 4 0 0 0 0 0
40205 4 0 0 0 0 0
40206 4 0 0 0 0 0
40207 4 0 0 0 0 0
40208 4 0 0 0 0 0
40209 4 0 0 0 0 0
40210 4 0 0 0 0 0
40211 4 0 0 0 0 0
40212 4 0 0 0 0 0
40213 4 0 0 0 0 0
40214 4 0 0 0 0 0
40215 4 0 0 0 0 0
40216 4 0 0 0 0 0
40217 4 0 0 0 0 0
40218 4 0 0 0 0 0
40219 4 0 0 0 0 0
40220 4 0 0 0 0 0
40221 4 0 0 0 0 0
40222 4 0 0 0 0 0
40223 4 0 0 0 0 0
40224 4 0 0 0 0 0
40225 4 0 0 0 0 0
40226 4 0 0 0 0 0
40227 4 0 0 0 0 0
40228 4 0 0 0 0 0
40229 4 0 0 0 0 0
40230 4 0 0 0 0 0
40231 4 0 0 0 0 0
40232 4 0 0 0 0 0
40233 4 0 0 0 0 0
40234 4 0 0 0 0 0
40235 4 0 0 0 0 0
40236 4 0 0 0 0 0
40237 4 0 0 0 0 0
40238 4 0 0 0 0 0
40239 4 0 0 0 0 0
40240 4 0 0 0 0 0
40241 4 0 0 0 0 0
40242 4 0 0 0 0 0
40243 4 0 0 0 0 0
40244 4 0 0 0 0 0
40245 4 0 0 0 0 0
40246 4 0 0 0 0 0
40247 4 0 0 0 0 0
40248 4 0 0 0 0 0
40249 4 0 0 0 0 0
40250 4 0 0 0 0 0
40251 4 0 0 0 0 0
40252 4 0 0 0 0 0
40253 4 0 0 0 0 0
40254 4 0 0 0 0 0
40255 4 0 0 0 0 0
40256 4 0 0 0 0 0
40257 4 0 0 0 0 0
40258 4 0 0 0 0 0
40259 4 0 0 0 0 0
40260 4 0 0 0 0 0
40261 4 0 0 0 0 0
40262 4 0 0 0 0 0
40263 4 0 0 0 0 0
40264 4 0 0 0 0 0
40265 4 0 0 0 0 0
40266 4 0 0 0 0 0
40267 4 0 0 0 0 0
40268 4 0 0 0 0 0
40269 4 0 0 0 0 0
40270 4 0 0 0 0 0
40271 4 0 0 0 0 0
40272 4 0 0 0 0 0
40273 4 0 0 0 0 0
40274 4 0 0 0 0 0
40275 4 0 0 0 0 0
40276 4 0 0 0 0 0
40277 4 0 0 0 0 0
40278 4 0 0 0 0 0
40279 4 0 0 0 0 0
40280 4 0 0 0 0 0
40281 4 0 0 0 0 0
40282 4 0 0 0 0 0
40283 4 0 0 0 0 0
40284 4 0 0 0 0 0
40285 4 0 0 0 0 0
40286 4 0 0 0 0 0
40287 4 0 0 0 0 0
40288 4 0 0 0 0 0
40289 4 0 0 0 0 0
40290 4 0 0 0 0 0
40291 4 0 0 0 0 0
40292 4 0 0 0 0 0
40293 4 0 0 0 0 0
40294 4 0 0 0 0 0
40295 4 0 0 0 0 0
40296 4 0 0 0 0 0
40297 4 0 0 0 0 0
40298 4 0 0 0 0 0
40299 4 0 0 0 0 0
40300 4 0 0 0 0 0
40301 4 0 0 0 0 0
40302 4 0 0 0 0 0
40303 4 0 0 0 0 0
40304 4 0 0 0 0 0
40305 4 0 0 0 0 0
40306 4 0 0 0 0 0
40307 4 0 0 0 0 0
40308 4 0 0 0 0 0
40309 4 0 0 0 0 0
40310 4 0 0 0 0 0
40311 4 0 0 0 0 0
40312 4 0 0 0 0 0
40313 4 0 0 0 0 0
40314 4 0 0 0 0 0
40315 4 0 0 0 0 0
40316 4 0 0 0 0 0
40317 4 0 0 0 0 0
40318 4 0 0 0 0 0
40319 4 0 0 0 0 0
40320 4 0 0 0 0 0
40321 4 0 0 0 0 0
40322 4 0 0 0 0 0
40323 4 0 0 0 0 0
40324 4 0 0 0 0 0
40325 4 0 0 0 0 0
40326 4 0 0 0 0 0
40327 4 0 0 0 0 0
40328 4 0 0 0 0 0
40329 4 0 0 0 0 0
40330 4 0 0 0 0 0
40331 4 0 0 0 0 0
40332 4 0 0 0 0 0
40333 4 0 0 0 0 0
40334 4 0 0 0 0 0
40335 4 0 0 0 0 0
40336 4 0 0 0 0 0
40337 4 0 0 0 0 0
40338 4 0 0 0 0 0
40339 4 0 0 0 0 0
40340 4 0 0 0 0 0
40341 4 0 0 0 0 0
40342 4 0 0 0 0 0
40343 4 0 0 0 0 0
40344 4 0 0 0 0 0
40345 4 0 0 0 0 0
40346 4 0 0 0 0 0
40347 4 0 0 0 0 0
40348 4 0 0 0 0 0
40349 4 0 0 0 0 0
40350 4 0 0 0 0 0
40351 4 0 0 0 0 0
40352 4 0 0 0 0 0
40353 4 0 0 0 0 0
40354 4 0 0 0 0 0
40355 4 0 0 0 0 0
40356 4 0 0 0 0 0
40357 4 0 0 0 0 0
40358 4 0 0 0 0 0
40359 4 0 0 0 0 0
40360 4 0 0 0 0 0
40361 4 0 0 0 0 0
40362 4 0 0 0 0 0
40363 4 0 0 0 0 0
40364 4 0 0 0 0 0
40365 4 0 0 0 0 0
40366 4 0 0 0 0 0
40367 4 0 0 0 0 0
40368 4 0 0 0 0 0
40369 4 0 0 0 0 0
40370 4 0 0 0 0 0
40371 4 0 0 0 0 0
40372 4 0 0 0 0 0
40373 4 0 0 0 0 0
40374 4 0 0 0 0 0
40375 4 0 0 0 0 0
40376 4 0 0 0 0 0
40377 4 0 0 0 0 0
40378 4 0 0 0 0 0
40379 4 0 0 0 0 0
40380 4 0 0 0 0 0
40381 4 0 0 0 0 0
40382 4 0 0 0 0 0
40383 4 0 0 0 0 0
40384 4 0 0 0 0 0
40385 4 0 0 0 0 0
40386 4 0 0 0 0 0
40387 4 0 0 0 0 0
40388 4 0 0 0 0 0
40389 4 0 0 0 0 0
40543 0 0 0 0 4 0
40545 0 0 0 0 4 0
40549 0 0 0 0 4 0
40551 0 0 0 0 4 0
40555 0 0 0 0 4 0
40557 0 0 0 0 4 0
40567 0 0 0 0 4 0
40569 0 0 0 0 4 0
40573 0 0 0 0 4 0
40575 0 0 0 0 4 0
40579 0 0 0 0 4 0
40581 0 0 0 0 4 0
40591 0 0 0 0 4 0
40593 0 0 0 0 4 0
40597 0 0 0 0 4 0
40599 0 0 0 0 4 0
40603 0 0 0 0 4 0
40605 0 0 0 0 4 0
40615 0 0 0 0 4 0
40617 0 0 0 0 4 0
40621 0 0 0 0 4 0
40623 0 0 0 0 4 0
40627 0 0 0 0 4 0
40629 0 0 0 0 4 0
40630 0 0 0 0 0 4
40631 0 0 0 0 0 4
40632 0 0 0 0 0 4
40633 0 0 0 0 0 4
40634 0 0 0 0 0 4
40635 0 0 0 0 0 4
40636 0 0 0 0 0 4
40637 0 0 0 0 0 4
40638 0 0 0 0 0 4
40639 0 0 0 0 0 4
40640 0 0 0 0 0 4
40641 0 0 0 0 0 4
40642 0 0 0 0 0 4
40643 0 0 0 0 0 4
40644 0 0 0 0 0 4
40645 0 0 0 0 0 4
40646 0 0 0 0 0 4
40647 0 0 0 0 0 4
40648 0 0 0 0 0 4
40649 0 0 0 0 0 4
40650 0 0 0 0 0 4
40651 0 0 0 0 0 4
40652 0 0 0 0 0 4
40653 0 0 0 0 0 4
40654 0 0 0 0 0 4
40655 0 0 0 0 0 4
40656 0 0 0 0 0 4
40657 0 0 0 0 0 4
40658 0 0 0 0 0 4
40659 0 0 0 0 0 4
40660 0 0 0 0 0 4
40661 0 0 0 0 0 4
40662 0 0 0 0 0 4
40663 0 0 0 0 0 4
40664 0 0 0 0 0 4
40665 0 0 0 0 0 4
40666 0 0 0 0 0 4
40667 0 0 0 0 0 4
40668 0 0 0 0 0 4
40669 0 0 0 0 0 4
40670 0 0 0 0 0 4
40671 0 0 0 0 0 4
40672 0 0 0 0 0 4
40673 0 0 0 0 0 4
40674 0 0 0 0 0 4
40675 0 0 0 0 0 4
40676 0 0 0 0 0 4
40677 0 0 0 0 0 4
40678 0 0 0 0 0 4
40679 0 0 0 0 0 4
40680 0 0 0 0 0 4
40681 0 0 0 0 0 4
40682 0 0 0 0 0 4
40683 0 0 0 0 0 4
40684 0 0 0 0 0 4
40685 0 0 0 0 0 4
40686 0 0 0 0 0 4
40687 0 0 0 0 0 4
40688 0 0 0 0 0 4
40689 0 0 0 0 0 4
40690 0 0 0 0 0 4
40691 0 0 0 0 0 4
40692 0 0 0 0 0 4
40693 0 0 0 0 0 4
40694 0 0 0 0 0 4
40695 0 0 0 0 0 4
40696 0 0 0 0 0 4
40697 0 0 0 0 0 4
40698 0 0 0 0 0 4
40699 0 0 0 0 0 4
40700 0 0 0 0 0 4
40701 0 0 0 0 0 4
40702 0 0 0 0 0 4
40703 0 0 0 0 0 4
40704 0 0 0 0 0 4
40705 0 0 0 0 0 4
40706 0 0 0 0 0 4
40707 0 0 0 0 0 4
40708 0 0 0 0 0 4
40709 0 0 0 0 0 4
40710 0 0 0 0 0 4
40711 0 0 0 0 0 4
40712 0 0 0 0 0 4
40713 0 0 0 0 0 4
40714 0 0 0 0 0 4
40715 0 0 0 0 0 4
40716 0 0 0 0 0 4
40717 0 0 0 0 0 4
40718 0 0 0 0 0 4
40719 0 0 0 0 0 4
40720 0 0 0 0 0 4
40721 0 0 0 0 0 4
40722 0 0 0 0 0 4
40723 0 0 0 0 0 4
40724 0 0 0 0 0 4
40725 0 0 0 0 0 4
40726 0 0 0 0 0 4
40727 0 0 0 0 0 4
40728 0 0 0 0 0 4
40729 0 0 0 0 0 4
40730 0 0 0 0 0 4
40731 0 0 0 0 0 4
40732 0 0 0 0 0 4
40733 0 0 0 0 0 4
40734 0 0 0 0 0 4
40735 0 0 0 0 0 4
40736 0 0 0 0 0 4
40737 0 0 0 0 0 4
40738 0 0 0 0 0 4
40739 0 0 0 0 0 4
40740 0 0 0 0 0 4
40741 0 0 0 0 0 4
40742 0 0 0 0 0 4
40743 0 0 0 0 0 4
40744 0 0 0 0 0 4
40745 0 0 0 0 0 4
40746 0 0 0 0 0 4
40747 0 0 0 0 0 4
40748 0 0 0 0 0 4
40749 0 0 0 0 0 4
40768 0 0 2 0 0 2
40768 0 1 1 0 0 2
40769 0 0 2 0 0 2
40769 0 1 1 0 0 2
40770 0 0 2 0 0 2
40770 0 1 1 0 0 2
40771 0 0 2 0 0 2
40771 0 1 1 0 0 2
40772 0 0 2 0 0 2
40772 0 1 1 0 0 2
40773 0 0 2 0 0 2
40773 0 1 1 0 0 2
40846 0 0 2 0 0 2
40847 0 0 2 0 0 2
40848 0 0 2 0 0 2
40849 0 0 2 0 0 2
40850 0 0 2 0 0 2
40851 0 0 2 0 0 2
40870 0 0 0 0 0 4
40871 0 0 0 0 0 4
40872 0 0 0 0 0 4
40873 0 0 0 0 0 4
40874 0 0 0 0 0 4
40875 0 0 0 0 0 4
40876 0 0 0 0 0 4
40877 0 0 0 0 0 4
40878 0 0 0 0 0 4
40879 0 0 0 0 0 4
40880 0 0 0 0 0 4
40881 0 0 0 0 0 4
40882 0 0 0 0 0 4
40883 0 0 0 0 0 4
40884 0 0 0 0 0 4
40885 0 0 0 0 0 4
40886 0 0 0 0 0 4
40887 0 0 0 0 0 4
40888 0 0 0 0 0 4
40889 0 0 0 0 0 4
40890 0 0 0 0 0 4
40891 0 0 0 0 0 4
40892 0 0 0 0 0 4
40893 0 0 0 0 0 4
40894 0 0 0 0 0 4
40895 0 0 0 0 0 4
40896 0 0 0 0 0 4
40897 0 0 0 0 0 4
40898 0 0 0 0 0 4
40899 0 0 0 0 0 4
40900 0 0 0 0 0 4
40901 0 0 0 0 0 4
40902 0 0 0 0 0 4
40903 0 0 0 0 0 4
40904 0 0 0 0 0 4
40905 0 0 0 0 0 4
40906 0 0 0 0 0 4
40907 0 0 0 0 0 4
40908 0 0 0 0 0 4
40909 0 0 0 0 0 4
40910 0 0 0 0 0 4
40911 0 0 0 0 0 4
40912 0 0 0 0 0 4
40913 0 0 0 0 0 4
40914 0 0 0 0 0 4
40915 0 0 0 0 0 4
40916 0 0 0 0 0 4
40917 0 0 0 0 0 4
40918 0 0 0 0 0 4
40919 0 0 0 0 0 4
40920 0 0 0 0 0 4
40921 0 0 0 0 0 4
40922 0 0 0 0 0 4
40923 0 0 0 0 0 4
40924 0 0 0 0 0 4
40925 0 0 0 0 0 4
40926 0 0 0 0 0 4
40927 0 0 0 0 0 4
40928 0 0 0 0 0 4
40929 0 0 0 0 0 4
40930 0 0 0 0 0 4
40931 0 0 0 0 0 4
40932 0 0 0 0 0 4
40933 0 0 0 0 0 4
40934 0 0 0 0 0 4
40935 0 0 0 0 0 4
40936 0 0 0 0 0 4
40937 0 0 0 0 0 4
40938 0 0 0 0 0 4
40939 0 0 0 0 0 4
40940 0 0 0 0 0 4
40941 0 0 0 0 0 4
40942 0 0 0 0 0 4
40943 0 0 0 0 0 4
40944 0 0 0 0 0 4
40945 0 0 0 0 0 4
40946 0 0 0 0 0 4
40947 0 0 0 0 0 4
40948 0 0 0 0 0 4
40949 0 0 0 0 0 4
40950 0 0 0 0 0 4
40951 0 0 0 0 0 4
40952 0 0 0 0 0 4
40953 0 0 0 0 0 4
40954 0 0 0 0 0 4
40955 0 0 0 0 0 4
40956 0 0 0 0 0 4
40957 0 0 0 0 0 4
40958 0 0 0 0 0 4
40959 0 0 0 0 0 4
40960 0 0 0 0 0 4
40961 0 0 0 0 0 4
40962 0 0 0 0 0 4
40963 0 0 0 0 0 4
40964 0 0 0 0 0 4
40965 0 0 0 0 0 4
40966 0 0 0 0 0 4
40967 0 0 0 0 0 4
40968 0 0 0 0 0 4
40969 0 0 0 0 0 4
40970 0 0 0 0 0 4
40971 0 0 0 0 0 4
40972 0 0 0 0 0 4
40973 0 0 0 0 0 4
40974 0 0 0 0 0 4
40975 0 0 0 0 0 4
40976 0 0 0 0 0 4
40977 0 0 0 0 0 4
40978 0 0 0 0 0 4
40979 0 0 0 0 0 4
40980 0 0 0 0 0 4
40981 0 0 0 0 0 4
40982 0 0 0 0 0 4
40983 0 0 0 0 0 4
40984 0 0 0 0 0 4
40985 0 0 0 0 0 4
40986 0 0 0 0 0 4
40987 0 0 0 0 0 4
40988 0 0 0 0 0 4
40989 0 0 0 0 0 4
END
